clip_id,action_name,label,user,trial,Depth_Color,IR,Thermal,Skeleton,IMU,Radar,fold
0_Wash_face/user16/1-1-1,0_Wash_face,0,user16,1-1-1,Depth_Color/0_Wash_face/user16/1-1-1,IR/0_Wash_face/user16/1-1-1,Thermal/0_Wash_face/user16/1-1-1,Skeleton/0_Wash_face/user16/1-1-1,IMU/0_Wash_face/user16/1-1-1,Radar/0_Wash_face/user16/1-1-1,0
0_Wash_face/user16/1-1-2,0_Wash_face,0,user16,1-1-2,Depth_Color/0_Wash_face/user16/1-1-2,IR/0_Wash_face/user16/1-1-2,Thermal/0_Wash_face/user16/1-1-2,Skeleton/0_Wash_face/user16/1-1-2,IMU/0_Wash_face/user16/1-1-2,Radar/0_Wash_face/user16/1-1-2,0
0_Wash_face/user16/1-1-3,0_Wash_face,0,user16,1-1-3,Depth_Color/0_Wash_face/user16/1-1-3,IR/0_Wash_face/user16/1-1-3,Thermal/0_Wash_face/user16/1-1-3,Skeleton/0_Wash_face/user16/1-1-3,IMU/0_Wash_face/user16/1-1-3,Radar/0_Wash_face/user16/1-1-3,0
0_Wash_face/user18/7-1-1,0_Wash_face,0,user18,7-1-1,Depth_Color/0_Wash_face/user18/7-1-1,IR/0_Wash_face/user18/7-1-1,Thermal/0_Wash_face/user18/7-1-1,Skeleton/0_Wash_face/user18/7-1-1,IMU/0_Wash_face/user18/7-1-1,Radar/0_Wash_face/user18/7-1-1,1
0_Wash_face/user18/7-1-2,0_Wash_face,0,user18,7-1-2,Depth_Color/0_Wash_face/user18/7-1-2,IR/0_Wash_face/user18/7-1-2,Thermal/0_Wash_face/user18/7-1-2,Skeleton/0_Wash_face/user18/7-1-2,IMU/0_Wash_face/user18/7-1-2,Radar/0_Wash_face/user18/7-1-2,1
0_Wash_face/user18/7-1-3,0_Wash_face,0,user18,7-1-3,Depth_Color/0_Wash_face/user18/7-1-3,IR/0_Wash_face/user18/7-1-3,Thermal/0_Wash_face/user18/7-1-3,Skeleton/0_Wash_face/user18/7-1-3,IMU/0_Wash_face/user18/7-1-3,Radar/0_Wash_face/user18/7-1-3,1
0_Wash_face/user20/4-2-1,0_Wash_face,0,user20,4-2-1,Depth_Color/0_Wash_face/user20/4-2-1,IR/0_Wash_face/user20/4-2-1,Thermal/0_Wash_face/user20/4-2-1,Skeleton/0_Wash_face/user20/4-2-1,IMU/0_Wash_face/user20/4-2-1,Radar/0_Wash_face/user20/4-2-1,0
0_Wash_face/user20/4-2-2,0_Wash_face,0,user20,4-2-2,Depth_Color/0_Wash_face/user20/4-2-2,IR/0_Wash_face/user20/4-2-2,Thermal/0_Wash_face/user20/4-2-2,Skeleton/0_Wash_face/user20/4-2-2,IMU/0_Wash_face/user20/4-2-2,Radar/0_Wash_face/user20/4-2-2,0
0_Wash_face/user20/4-2-3,0_Wash_face,0,user20,4-2-3,Depth_Color/0_Wash_face/user20/4-2-3,IR/0_Wash_face/user20/4-2-3,Thermal/0_Wash_face/user20/4-2-3,Skeleton/0_Wash_face/user20/4-2-3,IMU/0_Wash_face/user20/4-2-3,Radar/0_Wash_face/user20/4-2-3,0
0_Wash_face/user21/1-1-1,0_Wash_face,0,user21,1-1-1,Depth_Color/0_Wash_face/user21/1-1-1,IR/0_Wash_face/user21/1-1-1,Thermal/0_Wash_face/user21/1-1-1,Skeleton/0_Wash_face/user21/1-1-1,IMU/0_Wash_face/user21/1-1-1,Radar/0_Wash_face/user21/1-1-1,0
0_Wash_face/user21/1-1-2,0_Wash_face,0,user21,1-1-2,Depth_Color/0_Wash_face/user21/1-1-2,IR/0_Wash_face/user21/1-1-2,Thermal/0_Wash_face/user21/1-1-2,Skeleton/0_Wash_face/user21/1-1-2,IMU/0_Wash_face/user21/1-1-2,Radar/0_Wash_face/user21/1-1-2,0
0_Wash_face/user21/1-1-3,0_Wash_face,0,user21,1-1-3,Depth_Color/0_Wash_face/user21/1-1-3,IR/0_Wash_face/user21/1-1-3,Thermal/0_Wash_face/user21/1-1-3,Skeleton/0_Wash_face/user21/1-1-3,IMU/0_Wash_face/user21/1-1-3,Radar/0_Wash_face/user21/1-1-3,0
0_Wash_face/user21/4-2-1,0_Wash_face,0,user21,4-2-1,Depth_Color/0_Wash_face/user21/4-2-1,IR/0_Wash_face/user21/4-2-1,Thermal/0_Wash_face/user21/4-2-1,Skeleton/0_Wash_face/user21/4-2-1,IMU/0_Wash_face/user21/4-2-1,Radar/0_Wash_face/user21/4-2-1,0
0_Wash_face/user21/4-2-2,0_Wash_face,0,user21,4-2-2,Depth_Color/0_Wash_face/user21/4-2-2,IR/0_Wash_face/user21/4-2-2,Thermal/0_Wash_face/user21/4-2-2,Skeleton/0_Wash_face/user21/4-2-2,IMU/0_Wash_face/user21/4-2-2,Radar/0_Wash_face/user21/4-2-2,0
0_Wash_face/user21/4-2-3,0_Wash_face,0,user21,4-2-3,Depth_Color/0_Wash_face/user21/4-2-3,IR/0_Wash_face/user21/4-2-3,Thermal/0_Wash_face/user21/4-2-3,Skeleton/0_Wash_face/user21/4-2-3,IMU/0_Wash_face/user21/4-2-3,Radar/0_Wash_face/user21/4-2-3,0
0_Wash_face/user22/1-1-2,0_Wash_face,0,user22,1-1-2,Depth_Color/0_Wash_face/user22/1-1-2,IR/0_Wash_face/user22/1-1-2,Thermal/0_Wash_face/user22/1-1-2,Skeleton/0_Wash_face/user22/1-1-2,IMU/0_Wash_face/user22/1-1-2,Radar/0_Wash_face/user22/1-1-2,1
0_Wash_face/user22/1-1-3,0_Wash_face,0,user22,1-1-3,Depth_Color/0_Wash_face/user22/1-1-3,IR/0_Wash_face/user22/1-1-3,Thermal/0_Wash_face/user22/1-1-3,Skeleton/0_Wash_face/user22/1-1-3,IMU/0_Wash_face/user22/1-1-3,Radar/0_Wash_face/user22/1-1-3,1
0_Wash_face/user22/2-2-1,0_Wash_face,0,user22,2-2-1,Depth_Color/0_Wash_face/user22/2-2-1,IR/0_Wash_face/user22/2-2-1,Thermal/0_Wash_face/user22/2-2-1,Skeleton/0_Wash_face/user22/2-2-1,IMU/0_Wash_face/user22/2-2-1,Radar/0_Wash_face/user22/2-2-1,1
0_Wash_face/user22/2-2-2,0_Wash_face,0,user22,2-2-2,Depth_Color/0_Wash_face/user22/2-2-2,IR/0_Wash_face/user22/2-2-2,Thermal/0_Wash_face/user22/2-2-2,Skeleton/0_Wash_face/user22/2-2-2,IMU/0_Wash_face/user22/2-2-2,Radar/0_Wash_face/user22/2-2-2,1
0_Wash_face/user22/2-2-3,0_Wash_face,0,user22,2-2-3,Depth_Color/0_Wash_face/user22/2-2-3,IR/0_Wash_face/user22/2-2-3,Thermal/0_Wash_face/user22/2-2-3,Skeleton/0_Wash_face/user22/2-2-3,IMU/0_Wash_face/user22/2-2-3,Radar/0_Wash_face/user22/2-2-3,1
0_Wash_face/user23/1-1-1,0_Wash_face,0,user23,1-1-1,Depth_Color/0_Wash_face/user23/1-1-1,IR/0_Wash_face/user23/1-1-1,Thermal/0_Wash_face/user23/1-1-1,Skeleton/0_Wash_face/user23/1-1-1,IMU/0_Wash_face/user23/1-1-1,Radar/0_Wash_face/user23/1-1-1,0
0_Wash_face/user23/1-1-2,0_Wash_face,0,user23,1-1-2,Depth_Color/0_Wash_face/user23/1-1-2,IR/0_Wash_face/user23/1-1-2,Thermal/0_Wash_face/user23/1-1-2,Skeleton/0_Wash_face/user23/1-1-2,IMU/0_Wash_face/user23/1-1-2,Radar/0_Wash_face/user23/1-1-2,0
0_Wash_face/user23/1-1-3,0_Wash_face,0,user23,1-1-3,Depth_Color/0_Wash_face/user23/1-1-3,IR/0_Wash_face/user23/1-1-3,Thermal/0_Wash_face/user23/1-1-3,Skeleton/0_Wash_face/user23/1-1-3,IMU/0_Wash_face/user23/1-1-3,Radar/0_Wash_face/user23/1-1-3,0
0_Wash_face/user24/6-2-1,0_Wash_face,0,user24,6-2-1,Depth_Color/0_Wash_face/user24/6-2-1,IR/0_Wash_face/user24/6-2-1,Thermal/0_Wash_face/user24/6-2-1,Skeleton/0_Wash_face/user24/6-2-1,IMU/0_Wash_face/user24/6-2-1,Radar/0_Wash_face/user24/6-2-1,2
0_Wash_face/user24/6-2-2,0_Wash_face,0,user24,6-2-2,Depth_Color/0_Wash_face/user24/6-2-2,IR/0_Wash_face/user24/6-2-2,Thermal/0_Wash_face/user24/6-2-2,Skeleton/0_Wash_face/user24/6-2-2,IMU/0_Wash_face/user24/6-2-2,Radar/0_Wash_face/user24/6-2-2,2
0_Wash_face/user24/6-2-3,0_Wash_face,0,user24,6-2-3,Depth_Color/0_Wash_face/user24/6-2-3,IR/0_Wash_face/user24/6-2-3,Thermal/0_Wash_face/user24/6-2-3,Skeleton/0_Wash_face/user24/6-2-3,IMU/0_Wash_face/user24/6-2-3,Radar/0_Wash_face/user24/6-2-3,2
0_Wash_face/user24/7-1-1,0_Wash_face,0,user24,7-1-1,Depth_Color/0_Wash_face/user24/7-1-1,IR/0_Wash_face/user24/7-1-1,Thermal/0_Wash_face/user24/7-1-1,Skeleton/0_Wash_face/user24/7-1-1,IMU/0_Wash_face/user24/7-1-1,Radar/0_Wash_face/user24/7-1-1,2
0_Wash_face/user24/7-1-2,0_Wash_face,0,user24,7-1-2,Depth_Color/0_Wash_face/user24/7-1-2,IR/0_Wash_face/user24/7-1-2,Thermal/0_Wash_face/user24/7-1-2,Skeleton/0_Wash_face/user24/7-1-2,IMU/0_Wash_face/user24/7-1-2,Radar/0_Wash_face/user24/7-1-2,2
0_Wash_face/user24/7-1-3,0_Wash_face,0,user24,7-1-3,Depth_Color/0_Wash_face/user24/7-1-3,IR/0_Wash_face/user24/7-1-3,Thermal/0_Wash_face/user24/7-1-3,Skeleton/0_Wash_face/user24/7-1-3,IMU/0_Wash_face/user24/7-1-3,Radar/0_Wash_face/user24/7-1-3,2
0_Wash_face/user4/1-1-1,0_Wash_face,0,user4,1-1-1,Depth_Color/0_Wash_face/user4/1-1-1,IR/0_Wash_face/user4/1-1-1,Thermal/0_Wash_face/user4/1-1-1,Skeleton/0_Wash_face/user4/1-1-1,IMU/0_Wash_face/user4/1-1-1,Radar/0_Wash_face/user4/1-1-1,1
0_Wash_face/user4/1-1-2,0_Wash_face,0,user4,1-1-2,Depth_Color/0_Wash_face/user4/1-1-2,IR/0_Wash_face/user4/1-1-2,Thermal/0_Wash_face/user4/1-1-2,Skeleton/0_Wash_face/user4/1-1-2,IMU/0_Wash_face/user4/1-1-2,Radar/0_Wash_face/user4/1-1-2,1
0_Wash_face/user4/1-1-3,0_Wash_face,0,user4,1-1-3,Depth_Color/0_Wash_face/user4/1-1-3,IR/0_Wash_face/user4/1-1-3,Thermal/0_Wash_face/user4/1-1-3,Skeleton/0_Wash_face/user4/1-1-3,IMU/0_Wash_face/user4/1-1-3,Radar/0_Wash_face/user4/1-1-3,1
0_Wash_face/user5/1-1-1,0_Wash_face,0,user5,1-1-1,Depth_Color/0_Wash_face/user5/1-1-1,IR/0_Wash_face/user5/1-1-1,Thermal/0_Wash_face/user5/1-1-1,Skeleton/0_Wash_face/user5/1-1-1,IMU/0_Wash_face/user5/1-1-1,Radar/0_Wash_face/user5/1-1-1,2
0_Wash_face/user5/1-1-2,0_Wash_face,0,user5,1-1-2,Depth_Color/0_Wash_face/user5/1-1-2,IR/0_Wash_face/user5/1-1-2,Thermal/0_Wash_face/user5/1-1-2,Skeleton/0_Wash_face/user5/1-1-2,IMU/0_Wash_face/user5/1-1-2,Radar/0_Wash_face/user5/1-1-2,2
0_Wash_face/user5/1-1-3,0_Wash_face,0,user5,1-1-3,Depth_Color/0_Wash_face/user5/1-1-3,IR/0_Wash_face/user5/1-1-3,Thermal/0_Wash_face/user5/1-1-3,Skeleton/0_Wash_face/user5/1-1-3,IMU/0_Wash_face/user5/1-1-3,Radar/0_Wash_face/user5/1-1-3,2
0_Wash_face/user6/1-1-1,0_Wash_face,0,user6,1-1-1,Depth_Color/0_Wash_face/user6/1-1-1,IR/0_Wash_face/user6/1-1-1,Thermal/0_Wash_face/user6/1-1-1,Skeleton/0_Wash_face/user6/1-1-1,IMU/0_Wash_face/user6/1-1-1,Radar/0_Wash_face/user6/1-1-1,1
0_Wash_face/user6/1-1-2,0_Wash_face,0,user6,1-1-2,Depth_Color/0_Wash_face/user6/1-1-2,IR/0_Wash_face/user6/1-1-2,Thermal/0_Wash_face/user6/1-1-2,Skeleton/0_Wash_face/user6/1-1-2,IMU/0_Wash_face/user6/1-1-2,Radar/0_Wash_face/user6/1-1-2,1
0_Wash_face/user6/1-1-3,0_Wash_face,0,user6,1-1-3,Depth_Color/0_Wash_face/user6/1-1-3,IR/0_Wash_face/user6/1-1-3,Thermal/0_Wash_face/user6/1-1-3,Skeleton/0_Wash_face/user6/1-1-3,IMU/0_Wash_face/user6/1-1-3,Radar/0_Wash_face/user6/1-1-3,1
0_Wash_face/user8/1-1-1,0_Wash_face,0,user8,1-1-1,Depth_Color/0_Wash_face/user8/1-1-1,IR/0_Wash_face/user8/1-1-1,,Skeleton/0_Wash_face/user8/1-1-1,IMU/0_Wash_face/user8/1-1-1,Radar/0_Wash_face/user8/1-1-1,2
0_Wash_face/user8/1-1-2,0_Wash_face,0,user8,1-1-2,Depth_Color/0_Wash_face/user8/1-1-2,IR/0_Wash_face/user8/1-1-2,,Skeleton/0_Wash_face/user8/1-1-2,IMU/0_Wash_face/user8/1-1-2,Radar/0_Wash_face/user8/1-1-2,2
0_Wash_face/user8/1-1-3,0_Wash_face,0,user8,1-1-3,Depth_Color/0_Wash_face/user8/1-1-3,IR/0_Wash_face/user8/1-1-3,,Skeleton/0_Wash_face/user8/1-1-3,IMU/0_Wash_face/user8/1-1-3,Radar/0_Wash_face/user8/1-1-3,2
0_Wash_face/user8/7-1-1,0_Wash_face,0,user8,7-1-1,Depth_Color/0_Wash_face/user8/7-1-1,IR/0_Wash_face/user8/7-1-1,Thermal/0_Wash_face/user8/7-1-1,Skeleton/0_Wash_face/user8/7-1-1,IMU/0_Wash_face/user8/7-1-1,Radar/0_Wash_face/user8/7-1-1,2
0_Wash_face/user8/7-1-2,0_Wash_face,0,user8,7-1-2,Depth_Color/0_Wash_face/user8/7-1-2,IR/0_Wash_face/user8/7-1-2,Thermal/0_Wash_face/user8/7-1-2,Skeleton/0_Wash_face/user8/7-1-2,IMU/0_Wash_face/user8/7-1-2,Radar/0_Wash_face/user8/7-1-2,2
0_Wash_face/user8/7-1-3,0_Wash_face,0,user8,7-1-3,Depth_Color/0_Wash_face/user8/7-1-3,IR/0_Wash_face/user8/7-1-3,Thermal/0_Wash_face/user8/7-1-3,Skeleton/0_Wash_face/user8/7-1-3,IMU/0_Wash_face/user8/7-1-3,Radar/0_Wash_face/user8/7-1-3,2
1_Brush_teeth/user16/1-1-1,1_Brush_teeth,1,user16,1-1-1,Depth_Color/1_Brush_teeth/user16/1-1-1,IR/1_Brush_teeth/user16/1-1-1,Thermal/1_Brush_teeth/user16/1-1-1,Skeleton/1_Brush_teeth/user16/1-1-1,IMU/1_Brush_teeth/user16/1-1-1,Radar/1_Brush_teeth/user16/1-1-1,0
1_Brush_teeth/user16/1-1-2,1_Brush_teeth,1,user16,1-1-2,Depth_Color/1_Brush_teeth/user16/1-1-2,IR/1_Brush_teeth/user16/1-1-2,Thermal/1_Brush_teeth/user16/1-1-2,Skeleton/1_Brush_teeth/user16/1-1-2,IMU/1_Brush_teeth/user16/1-1-2,Radar/1_Brush_teeth/user16/1-1-2,0
1_Brush_teeth/user16/1-1-3,1_Brush_teeth,1,user16,1-1-3,Depth_Color/1_Brush_teeth/user16/1-1-3,IR/1_Brush_teeth/user16/1-1-3,Thermal/1_Brush_teeth/user16/1-1-3,Skeleton/1_Brush_teeth/user16/1-1-3,IMU/1_Brush_teeth/user16/1-1-3,Radar/1_Brush_teeth/user16/1-1-3,0
1_Brush_teeth/user17/1-1-1,1_Brush_teeth,1,user17,1-1-1,Depth_Color/1_Brush_teeth/user17/1-1-1,IR/1_Brush_teeth/user17/1-1-1,Thermal/1_Brush_teeth/user17/1-1-1,Skeleton/1_Brush_teeth/user17/1-1-1,IMU/1_Brush_teeth/user17/1-1-1,Radar/1_Brush_teeth/user17/1-1-1,2
1_Brush_teeth/user17/1-1-2,1_Brush_teeth,1,user17,1-1-2,Depth_Color/1_Brush_teeth/user17/1-1-2,IR/1_Brush_teeth/user17/1-1-2,Thermal/1_Brush_teeth/user17/1-1-2,Skeleton/1_Brush_teeth/user17/1-1-2,IMU/1_Brush_teeth/user17/1-1-2,Radar/1_Brush_teeth/user17/1-1-2,2
1_Brush_teeth/user17/1-1-3,1_Brush_teeth,1,user17,1-1-3,Depth_Color/1_Brush_teeth/user17/1-1-3,IR/1_Brush_teeth/user17/1-1-3,Thermal/1_Brush_teeth/user17/1-1-3,Skeleton/1_Brush_teeth/user17/1-1-3,IMU/1_Brush_teeth/user17/1-1-3,Radar/1_Brush_teeth/user17/1-1-3,2
1_Brush_teeth/user18/1-1-1,1_Brush_teeth,1,user18,1-1-1,Depth_Color/1_Brush_teeth/user18/1-1-1,IR/1_Brush_teeth/user18/1-1-1,Thermal/1_Brush_teeth/user18/1-1-1,Skeleton/1_Brush_teeth/user18/1-1-1,IMU/1_Brush_teeth/user18/1-1-1,Radar/1_Brush_teeth/user18/1-1-1,1
1_Brush_teeth/user18/1-1-2,1_Brush_teeth,1,user18,1-1-2,Depth_Color/1_Brush_teeth/user18/1-1-2,IR/1_Brush_teeth/user18/1-1-2,Thermal/1_Brush_teeth/user18/1-1-2,Skeleton/1_Brush_teeth/user18/1-1-2,IMU/1_Brush_teeth/user18/1-1-2,Radar/1_Brush_teeth/user18/1-1-2,1
1_Brush_teeth/user18/1-1-3,1_Brush_teeth,1,user18,1-1-3,Depth_Color/1_Brush_teeth/user18/1-1-3,IR/1_Brush_teeth/user18/1-1-3,Thermal/1_Brush_teeth/user18/1-1-3,Skeleton/1_Brush_teeth/user18/1-1-3,IMU/1_Brush_teeth/user18/1-1-3,Radar/1_Brush_teeth/user18/1-1-3,1
1_Brush_teeth/user18/7-1-1,1_Brush_teeth,1,user18,7-1-1,Depth_Color/1_Brush_teeth/user18/7-1-1,IR/1_Brush_teeth/user18/7-1-1,Thermal/1_Brush_teeth/user18/7-1-1,Skeleton/1_Brush_teeth/user18/7-1-1,IMU/1_Brush_teeth/user18/7-1-1,Radar/1_Brush_teeth/user18/7-1-1,1
1_Brush_teeth/user18/7-1-2,1_Brush_teeth,1,user18,7-1-2,Depth_Color/1_Brush_teeth/user18/7-1-2,IR/1_Brush_teeth/user18/7-1-2,Thermal/1_Brush_teeth/user18/7-1-2,Skeleton/1_Brush_teeth/user18/7-1-2,IMU/1_Brush_teeth/user18/7-1-2,Radar/1_Brush_teeth/user18/7-1-2,1
1_Brush_teeth/user18/7-1-3,1_Brush_teeth,1,user18,7-1-3,Depth_Color/1_Brush_teeth/user18/7-1-3,IR/1_Brush_teeth/user18/7-1-3,Thermal/1_Brush_teeth/user18/7-1-3,Skeleton/1_Brush_teeth/user18/7-1-3,IMU/1_Brush_teeth/user18/7-1-3,Radar/1_Brush_teeth/user18/7-1-3,1
1_Brush_teeth/user19/1-1-1,1_Brush_teeth,1,user19,1-1-1,Depth_Color/1_Brush_teeth/user19/1-1-1,IR/1_Brush_teeth/user19/1-1-1,Thermal/1_Brush_teeth/user19/1-1-1,Skeleton/1_Brush_teeth/user19/1-1-1,IMU/1_Brush_teeth/user19/1-1-1,Radar/1_Brush_teeth/user19/1-1-1,2
1_Brush_teeth/user19/1-1-2,1_Brush_teeth,1,user19,1-1-2,Depth_Color/1_Brush_teeth/user19/1-1-2,IR/1_Brush_teeth/user19/1-1-2,Thermal/1_Brush_teeth/user19/1-1-2,Skeleton/1_Brush_teeth/user19/1-1-2,IMU/1_Brush_teeth/user19/1-1-2,Radar/1_Brush_teeth/user19/1-1-2,2
1_Brush_teeth/user19/1-1-3,1_Brush_teeth,1,user19,1-1-3,Depth_Color/1_Brush_teeth/user19/1-1-3,IR/1_Brush_teeth/user19/1-1-3,Thermal/1_Brush_teeth/user19/1-1-3,Skeleton/1_Brush_teeth/user19/1-1-3,IMU/1_Brush_teeth/user19/1-1-3,Radar/1_Brush_teeth/user19/1-1-3,2
1_Brush_teeth/user20/4-2-1,1_Brush_teeth,1,user20,4-2-1,Depth_Color/1_Brush_teeth/user20/4-2-1,IR/1_Brush_teeth/user20/4-2-1,Thermal/1_Brush_teeth/user20/4-2-1,Skeleton/1_Brush_teeth/user20/4-2-1,IMU/1_Brush_teeth/user20/4-2-1,Radar/1_Brush_teeth/user20/4-2-1,0
1_Brush_teeth/user20/4-2-2,1_Brush_teeth,1,user20,4-2-2,Depth_Color/1_Brush_teeth/user20/4-2-2,IR/1_Brush_teeth/user20/4-2-2,Thermal/1_Brush_teeth/user20/4-2-2,Skeleton/1_Brush_teeth/user20/4-2-2,IMU/1_Brush_teeth/user20/4-2-2,Radar/1_Brush_teeth/user20/4-2-2,0
1_Brush_teeth/user20/4-2-3,1_Brush_teeth,1,user20,4-2-3,Depth_Color/1_Brush_teeth/user20/4-2-3,IR/1_Brush_teeth/user20/4-2-3,Thermal/1_Brush_teeth/user20/4-2-3,Skeleton/1_Brush_teeth/user20/4-2-3,IMU/1_Brush_teeth/user20/4-2-3,Radar/1_Brush_teeth/user20/4-2-3,0
1_Brush_teeth/user21/4-2-1,1_Brush_teeth,1,user21,4-2-1,Depth_Color/1_Brush_teeth/user21/4-2-1,IR/1_Brush_teeth/user21/4-2-1,Thermal/1_Brush_teeth/user21/4-2-1,Skeleton/1_Brush_teeth/user21/4-2-1,IMU/1_Brush_teeth/user21/4-2-1,Radar/1_Brush_teeth/user21/4-2-1,0
1_Brush_teeth/user21/4-2-2,1_Brush_teeth,1,user21,4-2-2,Depth_Color/1_Brush_teeth/user21/4-2-2,IR/1_Brush_teeth/user21/4-2-2,Thermal/1_Brush_teeth/user21/4-2-2,Skeleton/1_Brush_teeth/user21/4-2-2,IMU/1_Brush_teeth/user21/4-2-2,Radar/1_Brush_teeth/user21/4-2-2,0
1_Brush_teeth/user21/4-2-3,1_Brush_teeth,1,user21,4-2-3,Depth_Color/1_Brush_teeth/user21/4-2-3,IR/1_Brush_teeth/user21/4-2-3,Thermal/1_Brush_teeth/user21/4-2-3,Skeleton/1_Brush_teeth/user21/4-2-3,IMU/1_Brush_teeth/user21/4-2-3,Radar/1_Brush_teeth/user21/4-2-3,0
1_Brush_teeth/user22/1-1-2,1_Brush_teeth,1,user22,1-1-2,Depth_Color/1_Brush_teeth/user22/1-1-2,IR/1_Brush_teeth/user22/1-1-2,Thermal/1_Brush_teeth/user22/1-1-2,Skeleton/1_Brush_teeth/user22/1-1-2,IMU/1_Brush_teeth/user22/1-1-2,Radar/1_Brush_teeth/user22/1-1-2,1
1_Brush_teeth/user22/1-1-3,1_Brush_teeth,1,user22,1-1-3,Depth_Color/1_Brush_teeth/user22/1-1-3,IR/1_Brush_teeth/user22/1-1-3,Thermal/1_Brush_teeth/user22/1-1-3,Skeleton/1_Brush_teeth/user22/1-1-3,IMU/1_Brush_teeth/user22/1-1-3,Radar/1_Brush_teeth/user22/1-1-3,1
1_Brush_teeth/user22/2-2-1,1_Brush_teeth,1,user22,2-2-1,Depth_Color/1_Brush_teeth/user22/2-2-1,IR/1_Brush_teeth/user22/2-2-1,Thermal/1_Brush_teeth/user22/2-2-1,Skeleton/1_Brush_teeth/user22/2-2-1,IMU/1_Brush_teeth/user22/2-2-1,Radar/1_Brush_teeth/user22/2-2-1,1
1_Brush_teeth/user22/2-2-2,1_Brush_teeth,1,user22,2-2-2,Depth_Color/1_Brush_teeth/user22/2-2-2,IR/1_Brush_teeth/user22/2-2-2,Thermal/1_Brush_teeth/user22/2-2-2,Skeleton/1_Brush_teeth/user22/2-2-2,IMU/1_Brush_teeth/user22/2-2-2,Radar/1_Brush_teeth/user22/2-2-2,1
1_Brush_teeth/user22/2-2-3,1_Brush_teeth,1,user22,2-2-3,Depth_Color/1_Brush_teeth/user22/2-2-3,IR/1_Brush_teeth/user22/2-2-3,Thermal/1_Brush_teeth/user22/2-2-3,Skeleton/1_Brush_teeth/user22/2-2-3,IMU/1_Brush_teeth/user22/2-2-3,Radar/1_Brush_teeth/user22/2-2-3,1
1_Brush_teeth/user23/1-1-1,1_Brush_teeth,1,user23,1-1-1,Depth_Color/1_Brush_teeth/user23/1-1-1,IR/1_Brush_teeth/user23/1-1-1,,Skeleton/1_Brush_teeth/user23/1-1-1,IMU/1_Brush_teeth/user23/1-1-1,Radar/1_Brush_teeth/user23/1-1-1,0
1_Brush_teeth/user23/1-1-2,1_Brush_teeth,1,user23,1-1-2,Depth_Color/1_Brush_teeth/user23/1-1-2,IR/1_Brush_teeth/user23/1-1-2,,Skeleton/1_Brush_teeth/user23/1-1-2,IMU/1_Brush_teeth/user23/1-1-2,Radar/1_Brush_teeth/user23/1-1-2,0
1_Brush_teeth/user23/1-1-3,1_Brush_teeth,1,user23,1-1-3,Depth_Color/1_Brush_teeth/user23/1-1-3,IR/1_Brush_teeth/user23/1-1-3,,Skeleton/1_Brush_teeth/user23/1-1-3,IMU/1_Brush_teeth/user23/1-1-3,Radar/1_Brush_teeth/user23/1-1-3,0
1_Brush_teeth/user23/1-2-1,1_Brush_teeth,1,user23,1-2-1,,,Thermal/1_Brush_teeth/user23/1-2-1,,,,0
1_Brush_teeth/user23/1-2-2,1_Brush_teeth,1,user23,1-2-2,,,Thermal/1_Brush_teeth/user23/1-2-2,,,,0
1_Brush_teeth/user23/1-2-3,1_Brush_teeth,1,user23,1-2-3,,,Thermal/1_Brush_teeth/user23/1-2-3,,,,0
1_Brush_teeth/user24/6-2-1,1_Brush_teeth,1,user24,6-2-1,Depth_Color/1_Brush_teeth/user24/6-2-1,IR/1_Brush_teeth/user24/6-2-1,Thermal/1_Brush_teeth/user24/6-2-1,Skeleton/1_Brush_teeth/user24/6-2-1,IMU/1_Brush_teeth/user24/6-2-1,Radar/1_Brush_teeth/user24/6-2-1,2
1_Brush_teeth/user24/6-2-2,1_Brush_teeth,1,user24,6-2-2,Depth_Color/1_Brush_teeth/user24/6-2-2,IR/1_Brush_teeth/user24/6-2-2,Thermal/1_Brush_teeth/user24/6-2-2,Skeleton/1_Brush_teeth/user24/6-2-2,IMU/1_Brush_teeth/user24/6-2-2,Radar/1_Brush_teeth/user24/6-2-2,2
1_Brush_teeth/user24/6-2-3,1_Brush_teeth,1,user24,6-2-3,Depth_Color/1_Brush_teeth/user24/6-2-3,IR/1_Brush_teeth/user24/6-2-3,Thermal/1_Brush_teeth/user24/6-2-3,Skeleton/1_Brush_teeth/user24/6-2-3,IMU/1_Brush_teeth/user24/6-2-3,Radar/1_Brush_teeth/user24/6-2-3,2
1_Brush_teeth/user24/7-1-1,1_Brush_teeth,1,user24,7-1-1,Depth_Color/1_Brush_teeth/user24/7-1-1,IR/1_Brush_teeth/user24/7-1-1,Thermal/1_Brush_teeth/user24/7-1-1,Skeleton/1_Brush_teeth/user24/7-1-1,IMU/1_Brush_teeth/user24/7-1-1,Radar/1_Brush_teeth/user24/7-1-1,2
1_Brush_teeth/user24/7-1-2,1_Brush_teeth,1,user24,7-1-2,Depth_Color/1_Brush_teeth/user24/7-1-2,IR/1_Brush_teeth/user24/7-1-2,,Skeleton/1_Brush_teeth/user24/7-1-2,IMU/1_Brush_teeth/user24/7-1-2,Radar/1_Brush_teeth/user24/7-1-2,2
1_Brush_teeth/user24/7-1-3,1_Brush_teeth,1,user24,7-1-3,Depth_Color/1_Brush_teeth/user24/7-1-3,IR/1_Brush_teeth/user24/7-1-3,Thermal/1_Brush_teeth/user24/7-1-3,Skeleton/1_Brush_teeth/user24/7-1-3,IMU/1_Brush_teeth/user24/7-1-3,Radar/1_Brush_teeth/user24/7-1-3,2
1_Brush_teeth/user6/1-1-1,1_Brush_teeth,1,user6,1-1-1,Depth_Color/1_Brush_teeth/user6/1-1-1,IR/1_Brush_teeth/user6/1-1-1,Thermal/1_Brush_teeth/user6/1-1-1,Skeleton/1_Brush_teeth/user6/1-1-1,IMU/1_Brush_teeth/user6/1-1-1,Radar/1_Brush_teeth/user6/1-1-1,1
1_Brush_teeth/user6/1-1-2,1_Brush_teeth,1,user6,1-1-2,Depth_Color/1_Brush_teeth/user6/1-1-2,IR/1_Brush_teeth/user6/1-1-2,Thermal/1_Brush_teeth/user6/1-1-2,Skeleton/1_Brush_teeth/user6/1-1-2,IMU/1_Brush_teeth/user6/1-1-2,Radar/1_Brush_teeth/user6/1-1-2,1
1_Brush_teeth/user6/1-1-3,1_Brush_teeth,1,user6,1-1-3,Depth_Color/1_Brush_teeth/user6/1-1-3,IR/1_Brush_teeth/user6/1-1-3,Thermal/1_Brush_teeth/user6/1-1-3,Skeleton/1_Brush_teeth/user6/1-1-3,IMU/1_Brush_teeth/user6/1-1-3,Radar/1_Brush_teeth/user6/1-1-3,1
1_Brush_teeth/user7/1-1-1,1_Brush_teeth,1,user7,1-1-1,Depth_Color/1_Brush_teeth/user7/1-1-1,IR/1_Brush_teeth/user7/1-1-1,Thermal/1_Brush_teeth/user7/1-1-1,Skeleton/1_Brush_teeth/user7/1-1-1,IMU/1_Brush_teeth/user7/1-1-1,Radar/1_Brush_teeth/user7/1-1-1,0
1_Brush_teeth/user7/1-1-2,1_Brush_teeth,1,user7,1-1-2,Depth_Color/1_Brush_teeth/user7/1-1-2,IR/1_Brush_teeth/user7/1-1-2,Thermal/1_Brush_teeth/user7/1-1-2,Skeleton/1_Brush_teeth/user7/1-1-2,IMU/1_Brush_teeth/user7/1-1-2,Radar/1_Brush_teeth/user7/1-1-2,0
1_Brush_teeth/user7/1-1-3,1_Brush_teeth,1,user7,1-1-3,Depth_Color/1_Brush_teeth/user7/1-1-3,IR/1_Brush_teeth/user7/1-1-3,Thermal/1_Brush_teeth/user7/1-1-3,Skeleton/1_Brush_teeth/user7/1-1-3,IMU/1_Brush_teeth/user7/1-1-3,Radar/1_Brush_teeth/user7/1-1-3,0
1_Brush_teeth/user8/1-1-1,1_Brush_teeth,1,user8,1-1-1,Depth_Color/1_Brush_teeth/user8/1-1-1,IR/1_Brush_teeth/user8/1-1-1,Thermal/1_Brush_teeth/user8/1-1-1,Skeleton/1_Brush_teeth/user8/1-1-1,IMU/1_Brush_teeth/user8/1-1-1,Radar/1_Brush_teeth/user8/1-1-1,2
1_Brush_teeth/user8/1-1-2,1_Brush_teeth,1,user8,1-1-2,Depth_Color/1_Brush_teeth/user8/1-1-2,IR/1_Brush_teeth/user8/1-1-2,Thermal/1_Brush_teeth/user8/1-1-2,Skeleton/1_Brush_teeth/user8/1-1-2,IMU/1_Brush_teeth/user8/1-1-2,Radar/1_Brush_teeth/user8/1-1-2,2
1_Brush_teeth/user8/1-1-3,1_Brush_teeth,1,user8,1-1-3,Depth_Color/1_Brush_teeth/user8/1-1-3,IR/1_Brush_teeth/user8/1-1-3,Thermal/1_Brush_teeth/user8/1-1-3,Skeleton/1_Brush_teeth/user8/1-1-3,IMU/1_Brush_teeth/user8/1-1-3,Radar/1_Brush_teeth/user8/1-1-3,2
1_Brush_teeth/user8/7-1-1,1_Brush_teeth,1,user8,7-1-1,Depth_Color/1_Brush_teeth/user8/7-1-1,IR/1_Brush_teeth/user8/7-1-1,Thermal/1_Brush_teeth/user8/7-1-1,Skeleton/1_Brush_teeth/user8/7-1-1,IMU/1_Brush_teeth/user8/7-1-1,Radar/1_Brush_teeth/user8/7-1-1,2
1_Brush_teeth/user8/7-1-2,1_Brush_teeth,1,user8,7-1-2,Depth_Color/1_Brush_teeth/user8/7-1-2,IR/1_Brush_teeth/user8/7-1-2,Thermal/1_Brush_teeth/user8/7-1-2,Skeleton/1_Brush_teeth/user8/7-1-2,IMU/1_Brush_teeth/user8/7-1-2,Radar/1_Brush_teeth/user8/7-1-2,2
1_Brush_teeth/user8/7-1-3,1_Brush_teeth,1,user8,7-1-3,Depth_Color/1_Brush_teeth/user8/7-1-3,IR/1_Brush_teeth/user8/7-1-3,Thermal/1_Brush_teeth/user8/7-1-3,Skeleton/1_Brush_teeth/user8/7-1-3,IMU/1_Brush_teeth/user8/7-1-3,Radar/1_Brush_teeth/user8/7-1-3,2
1_Brush_teeth/user9/1-1-1,1_Brush_teeth,1,user9,1-1-1,Depth_Color/1_Brush_teeth/user9/1-1-1,IR/1_Brush_teeth/user9/1-1-1,Thermal/1_Brush_teeth/user9/1-1-1,Skeleton/1_Brush_teeth/user9/1-1-1,IMU/1_Brush_teeth/user9/1-1-1,Radar/1_Brush_teeth/user9/1-1-1,1
2_Comb_hair/user1/1-1-1,2_Comb_hair,2,user1,1-1-1,Depth_Color/2_Comb_hair/user1/1-1-1,IR/2_Comb_hair/user1/1-1-1,Thermal/2_Comb_hair/user1/1-1-1,Skeleton/2_Comb_hair/user1/1-1-1,IMU/2_Comb_hair/user1/1-1-1,Radar/2_Comb_hair/user1/1-1-1,1
2_Comb_hair/user1/1-1-2,2_Comb_hair,2,user1,1-1-2,Depth_Color/2_Comb_hair/user1/1-1-2,IR/2_Comb_hair/user1/1-1-2,Thermal/2_Comb_hair/user1/1-1-2,Skeleton/2_Comb_hair/user1/1-1-2,IMU/2_Comb_hair/user1/1-1-2,Radar/2_Comb_hair/user1/1-1-2,1
2_Comb_hair/user1/1-1-3,2_Comb_hair,2,user1,1-1-3,Depth_Color/2_Comb_hair/user1/1-1-3,IR/2_Comb_hair/user1/1-1-3,,Skeleton/2_Comb_hair/user1/1-1-3,IMU/2_Comb_hair/user1/1-1-3,Radar/2_Comb_hair/user1/1-1-3,1
2_Comb_hair/user16/2-2-1,2_Comb_hair,2,user16,2-2-1,Depth_Color/2_Comb_hair/user16/2-2-1,IR/2_Comb_hair/user16/2-2-1,Thermal/2_Comb_hair/user16/2-2-1,Skeleton/2_Comb_hair/user16/2-2-1,IMU/2_Comb_hair/user16/2-2-1,Radar/2_Comb_hair/user16/2-2-1,0
2_Comb_hair/user16/2-2-2,2_Comb_hair,2,user16,2-2-2,Depth_Color/2_Comb_hair/user16/2-2-2,IR/2_Comb_hair/user16/2-2-2,Thermal/2_Comb_hair/user16/2-2-2,Skeleton/2_Comb_hair/user16/2-2-2,IMU/2_Comb_hair/user16/2-2-2,Radar/2_Comb_hair/user16/2-2-2,0
2_Comb_hair/user16/2-2-3,2_Comb_hair,2,user16,2-2-3,Depth_Color/2_Comb_hair/user16/2-2-3,IR/2_Comb_hair/user16/2-2-3,Thermal/2_Comb_hair/user16/2-2-3,Skeleton/2_Comb_hair/user16/2-2-3,IMU/2_Comb_hair/user16/2-2-3,Radar/2_Comb_hair/user16/2-2-3,0
2_Comb_hair/user17/1-1-1,2_Comb_hair,2,user17,1-1-1,Depth_Color/2_Comb_hair/user17/1-1-1,IR/2_Comb_hair/user17/1-1-1,Thermal/2_Comb_hair/user17/1-1-1,Skeleton/2_Comb_hair/user17/1-1-1,IMU/2_Comb_hair/user17/1-1-1,Radar/2_Comb_hair/user17/1-1-1,2
2_Comb_hair/user17/1-1-2,2_Comb_hair,2,user17,1-1-2,Depth_Color/2_Comb_hair/user17/1-1-2,IR/2_Comb_hair/user17/1-1-2,Thermal/2_Comb_hair/user17/1-1-2,Skeleton/2_Comb_hair/user17/1-1-2,IMU/2_Comb_hair/user17/1-1-2,Radar/2_Comb_hair/user17/1-1-2,2
2_Comb_hair/user17/1-1-3,2_Comb_hair,2,user17,1-1-3,Depth_Color/2_Comb_hair/user17/1-1-3,IR/2_Comb_hair/user17/1-1-3,Thermal/2_Comb_hair/user17/1-1-3,Skeleton/2_Comb_hair/user17/1-1-3,IMU/2_Comb_hair/user17/1-1-3,Radar/2_Comb_hair/user17/1-1-3,2
2_Comb_hair/user18/7-1-1,2_Comb_hair,2,user18,7-1-1,Depth_Color/2_Comb_hair/user18/7-1-1,IR/2_Comb_hair/user18/7-1-1,Thermal/2_Comb_hair/user18/7-1-1,Skeleton/2_Comb_hair/user18/7-1-1,IMU/2_Comb_hair/user18/7-1-1,Radar/2_Comb_hair/user18/7-1-1,1
2_Comb_hair/user18/7-1-2,2_Comb_hair,2,user18,7-1-2,Depth_Color/2_Comb_hair/user18/7-1-2,IR/2_Comb_hair/user18/7-1-2,Thermal/2_Comb_hair/user18/7-1-2,Skeleton/2_Comb_hair/user18/7-1-2,IMU/2_Comb_hair/user18/7-1-2,Radar/2_Comb_hair/user18/7-1-2,1
2_Comb_hair/user18/7-1-3,2_Comb_hair,2,user18,7-1-3,Depth_Color/2_Comb_hair/user18/7-1-3,IR/2_Comb_hair/user18/7-1-3,Thermal/2_Comb_hair/user18/7-1-3,Skeleton/2_Comb_hair/user18/7-1-3,IMU/2_Comb_hair/user18/7-1-3,Radar/2_Comb_hair/user18/7-1-3,1
2_Comb_hair/user19/1-1-1,2_Comb_hair,2,user19,1-1-1,Depth_Color/2_Comb_hair/user19/1-1-1,IR/2_Comb_hair/user19/1-1-1,Thermal/2_Comb_hair/user19/1-1-1,Skeleton/2_Comb_hair/user19/1-1-1,IMU/2_Comb_hair/user19/1-1-1,Radar/2_Comb_hair/user19/1-1-1,2
2_Comb_hair/user19/1-1-2,2_Comb_hair,2,user19,1-1-2,Depth_Color/2_Comb_hair/user19/1-1-2,IR/2_Comb_hair/user19/1-1-2,Thermal/2_Comb_hair/user19/1-1-2,Skeleton/2_Comb_hair/user19/1-1-2,IMU/2_Comb_hair/user19/1-1-2,Radar/2_Comb_hair/user19/1-1-2,2
2_Comb_hair/user19/1-1-3,2_Comb_hair,2,user19,1-1-3,Depth_Color/2_Comb_hair/user19/1-1-3,IR/2_Comb_hair/user19/1-1-3,Thermal/2_Comb_hair/user19/1-1-3,Skeleton/2_Comb_hair/user19/1-1-3,IMU/2_Comb_hair/user19/1-1-3,Radar/2_Comb_hair/user19/1-1-3,2
2_Comb_hair/user20/1-1-1,2_Comb_hair,2,user20,1-1-1,Depth_Color/2_Comb_hair/user20/1-1-1,IR/2_Comb_hair/user20/1-1-1,Thermal/2_Comb_hair/user20/1-1-1,Skeleton/2_Comb_hair/user20/1-1-1,IMU/2_Comb_hair/user20/1-1-1,Radar/2_Comb_hair/user20/1-1-1,0
2_Comb_hair/user20/1-1-2,2_Comb_hair,2,user20,1-1-2,Depth_Color/2_Comb_hair/user20/1-1-2,IR/2_Comb_hair/user20/1-1-2,Thermal/2_Comb_hair/user20/1-1-2,Skeleton/2_Comb_hair/user20/1-1-2,IMU/2_Comb_hair/user20/1-1-2,Radar/2_Comb_hair/user20/1-1-2,0
2_Comb_hair/user20/1-1-3,2_Comb_hair,2,user20,1-1-3,Depth_Color/2_Comb_hair/user20/1-1-3,IR/2_Comb_hair/user20/1-1-3,Thermal/2_Comb_hair/user20/1-1-3,Skeleton/2_Comb_hair/user20/1-1-3,IMU/2_Comb_hair/user20/1-1-3,Radar/2_Comb_hair/user20/1-1-3,0
2_Comb_hair/user20/4-2-1,2_Comb_hair,2,user20,4-2-1,Depth_Color/2_Comb_hair/user20/4-2-1,IR/2_Comb_hair/user20/4-2-1,Thermal/2_Comb_hair/user20/4-2-1,Skeleton/2_Comb_hair/user20/4-2-1,IMU/2_Comb_hair/user20/4-2-1,Radar/2_Comb_hair/user20/4-2-1,0
2_Comb_hair/user20/4-2-2,2_Comb_hair,2,user20,4-2-2,Depth_Color/2_Comb_hair/user20/4-2-2,IR/2_Comb_hair/user20/4-2-2,Thermal/2_Comb_hair/user20/4-2-2,Skeleton/2_Comb_hair/user20/4-2-2,IMU/2_Comb_hair/user20/4-2-2,Radar/2_Comb_hair/user20/4-2-2,0
2_Comb_hair/user20/4-2-3,2_Comb_hair,2,user20,4-2-3,Depth_Color/2_Comb_hair/user20/4-2-3,IR/2_Comb_hair/user20/4-2-3,Thermal/2_Comb_hair/user20/4-2-3,Skeleton/2_Comb_hair/user20/4-2-3,IMU/2_Comb_hair/user20/4-2-3,Radar/2_Comb_hair/user20/4-2-3,0
2_Comb_hair/user21/4-2-1,2_Comb_hair,2,user21,4-2-1,Depth_Color/2_Comb_hair/user21/4-2-1,IR/2_Comb_hair/user21/4-2-1,Thermal/2_Comb_hair/user21/4-2-1,Skeleton/2_Comb_hair/user21/4-2-1,IMU/2_Comb_hair/user21/4-2-1,Radar/2_Comb_hair/user21/4-2-1,0
2_Comb_hair/user21/4-2-2,2_Comb_hair,2,user21,4-2-2,Depth_Color/2_Comb_hair/user21/4-2-2,IR/2_Comb_hair/user21/4-2-2,Thermal/2_Comb_hair/user21/4-2-2,Skeleton/2_Comb_hair/user21/4-2-2,IMU/2_Comb_hair/user21/4-2-2,Radar/2_Comb_hair/user21/4-2-2,0
2_Comb_hair/user21/4-2-3,2_Comb_hair,2,user21,4-2-3,Depth_Color/2_Comb_hair/user21/4-2-3,IR/2_Comb_hair/user21/4-2-3,Thermal/2_Comb_hair/user21/4-2-3,Skeleton/2_Comb_hair/user21/4-2-3,IMU/2_Comb_hair/user21/4-2-3,Radar/2_Comb_hair/user21/4-2-3,0
2_Comb_hair/user22/1-2-1,2_Comb_hair,2,user22,1-2-1,Depth_Color/2_Comb_hair/user22/1-2-1,IR/2_Comb_hair/user22/1-2-1,Thermal/2_Comb_hair/user22/1-2-1,Skeleton/2_Comb_hair/user22/1-2-1,IMU/2_Comb_hair/user22/1-2-1,Radar/2_Comb_hair/user22/1-2-1,1
2_Comb_hair/user22/1-2-2,2_Comb_hair,2,user22,1-2-2,Depth_Color/2_Comb_hair/user22/1-2-2,IR/2_Comb_hair/user22/1-2-2,Thermal/2_Comb_hair/user22/1-2-2,Skeleton/2_Comb_hair/user22/1-2-2,IMU/2_Comb_hair/user22/1-2-2,Radar/2_Comb_hair/user22/1-2-2,1
2_Comb_hair/user22/1-2-3,2_Comb_hair,2,user22,1-2-3,Depth_Color/2_Comb_hair/user22/1-2-3,IR/2_Comb_hair/user22/1-2-3,Thermal/2_Comb_hair/user22/1-2-3,Skeleton/2_Comb_hair/user22/1-2-3,IMU/2_Comb_hair/user22/1-2-3,Radar/2_Comb_hair/user22/1-2-3,1
2_Comb_hair/user22/2-2-1,2_Comb_hair,2,user22,2-2-1,Depth_Color/2_Comb_hair/user22/2-2-1,IR/2_Comb_hair/user22/2-2-1,Thermal/2_Comb_hair/user22/2-2-1,Skeleton/2_Comb_hair/user22/2-2-1,IMU/2_Comb_hair/user22/2-2-1,Radar/2_Comb_hair/user22/2-2-1,1
2_Comb_hair/user22/2-2-2,2_Comb_hair,2,user22,2-2-2,Depth_Color/2_Comb_hair/user22/2-2-2,IR/2_Comb_hair/user22/2-2-2,Thermal/2_Comb_hair/user22/2-2-2,Skeleton/2_Comb_hair/user22/2-2-2,IMU/2_Comb_hair/user22/2-2-2,Radar/2_Comb_hair/user22/2-2-2,1
2_Comb_hair/user22/2-2-3,2_Comb_hair,2,user22,2-2-3,Depth_Color/2_Comb_hair/user22/2-2-3,IR/2_Comb_hair/user22/2-2-3,Thermal/2_Comb_hair/user22/2-2-3,Skeleton/2_Comb_hair/user22/2-2-3,IMU/2_Comb_hair/user22/2-2-3,Radar/2_Comb_hair/user22/2-2-3,1
2_Comb_hair/user23/2-2-1,2_Comb_hair,2,user23,2-2-1,Depth_Color/2_Comb_hair/user23/2-2-1,IR/2_Comb_hair/user23/2-2-1,Thermal/2_Comb_hair/user23/2-2-1,Skeleton/2_Comb_hair/user23/2-2-1,IMU/2_Comb_hair/user23/2-2-1,Radar/2_Comb_hair/user23/2-2-1,0
2_Comb_hair/user23/2-2-2,2_Comb_hair,2,user23,2-2-2,Depth_Color/2_Comb_hair/user23/2-2-2,IR/2_Comb_hair/user23/2-2-2,Thermal/2_Comb_hair/user23/2-2-2,Skeleton/2_Comb_hair/user23/2-2-2,IMU/2_Comb_hair/user23/2-2-2,Radar/2_Comb_hair/user23/2-2-2,0
2_Comb_hair/user23/2-2-3,2_Comb_hair,2,user23,2-2-3,Depth_Color/2_Comb_hair/user23/2-2-3,IR/2_Comb_hair/user23/2-2-3,Thermal/2_Comb_hair/user23/2-2-3,Skeleton/2_Comb_hair/user23/2-2-3,IMU/2_Comb_hair/user23/2-2-3,Radar/2_Comb_hair/user23/2-2-3,0
2_Comb_hair/user24/7-1-1,2_Comb_hair,2,user24,7-1-1,Depth_Color/2_Comb_hair/user24/7-1-1,IR/2_Comb_hair/user24/7-1-1,Thermal/2_Comb_hair/user24/7-1-1,Skeleton/2_Comb_hair/user24/7-1-1,IMU/2_Comb_hair/user24/7-1-1,Radar/2_Comb_hair/user24/7-1-1,2
2_Comb_hair/user24/7-1-2,2_Comb_hair,2,user24,7-1-2,Depth_Color/2_Comb_hair/user24/7-1-2,IR/2_Comb_hair/user24/7-1-2,Thermal/2_Comb_hair/user24/7-1-2,Skeleton/2_Comb_hair/user24/7-1-2,IMU/2_Comb_hair/user24/7-1-2,Radar/2_Comb_hair/user24/7-1-2,2
2_Comb_hair/user24/7-1-3,2_Comb_hair,2,user24,7-1-3,Depth_Color/2_Comb_hair/user24/7-1-3,IR/2_Comb_hair/user24/7-1-3,Thermal/2_Comb_hair/user24/7-1-3,Skeleton/2_Comb_hair/user24/7-1-3,IMU/2_Comb_hair/user24/7-1-3,Radar/2_Comb_hair/user24/7-1-3,2
2_Comb_hair/user3/1-2-1,2_Comb_hair,2,user3,1-2-1,Depth_Color/2_Comb_hair/user3/1-2-1,IR/2_Comb_hair/user3/1-2-1,Thermal/2_Comb_hair/user3/1-2-1,Skeleton/2_Comb_hair/user3/1-2-1,IMU/2_Comb_hair/user3/1-2-1,Radar/2_Comb_hair/user3/1-2-1,2
2_Comb_hair/user3/1-2-2,2_Comb_hair,2,user3,1-2-2,,,Thermal/2_Comb_hair/user3/1-2-2,,,,2
2_Comb_hair/user3/1-2-3,2_Comb_hair,2,user3,1-2-3,Depth_Color/2_Comb_hair/user3/1-2-3,IR/2_Comb_hair/user3/1-2-3,Thermal/2_Comb_hair/user3/1-2-3,Skeleton/2_Comb_hair/user3/1-2-3,IMU/2_Comb_hair/user3/1-2-3,Radar/2_Comb_hair/user3/1-2-3,2
2_Comb_hair/user5/1-1-1,2_Comb_hair,2,user5,1-1-1,Depth_Color/2_Comb_hair/user5/1-1-1,IR/2_Comb_hair/user5/1-1-1,Thermal/2_Comb_hair/user5/1-1-1,Skeleton/2_Comb_hair/user5/1-1-1,IMU/2_Comb_hair/user5/1-1-1,Radar/2_Comb_hair/user5/1-1-1,2
2_Comb_hair/user5/1-1-2,2_Comb_hair,2,user5,1-1-2,Depth_Color/2_Comb_hair/user5/1-1-2,IR/2_Comb_hair/user5/1-1-2,Thermal/2_Comb_hair/user5/1-1-2,Skeleton/2_Comb_hair/user5/1-1-2,IMU/2_Comb_hair/user5/1-1-2,Radar/2_Comb_hair/user5/1-1-2,2
2_Comb_hair/user5/1-1-3,2_Comb_hair,2,user5,1-1-3,Depth_Color/2_Comb_hair/user5/1-1-3,IR/2_Comb_hair/user5/1-1-3,Thermal/2_Comb_hair/user5/1-1-3,Skeleton/2_Comb_hair/user5/1-1-3,IMU/2_Comb_hair/user5/1-1-3,Radar/2_Comb_hair/user5/1-1-3,2
2_Comb_hair/user5/7-1-1,2_Comb_hair,2,user5,7-1-1,Depth_Color/2_Comb_hair/user5/7-1-1,IR/2_Comb_hair/user5/7-1-1,Thermal/2_Comb_hair/user5/7-1-1,Skeleton/2_Comb_hair/user5/7-1-1,IMU/2_Comb_hair/user5/7-1-1,Radar/2_Comb_hair/user5/7-1-1,2
2_Comb_hair/user5/7-1-2,2_Comb_hair,2,user5,7-1-2,Depth_Color/2_Comb_hair/user5/7-1-2,IR/2_Comb_hair/user5/7-1-2,Thermal/2_Comb_hair/user5/7-1-2,Skeleton/2_Comb_hair/user5/7-1-2,IMU/2_Comb_hair/user5/7-1-2,Radar/2_Comb_hair/user5/7-1-2,2
2_Comb_hair/user5/7-1-3,2_Comb_hair,2,user5,7-1-3,Depth_Color/2_Comb_hair/user5/7-1-3,IR/2_Comb_hair/user5/7-1-3,Thermal/2_Comb_hair/user5/7-1-3,Skeleton/2_Comb_hair/user5/7-1-3,IMU/2_Comb_hair/user5/7-1-3,Radar/2_Comb_hair/user5/7-1-3,2
2_Comb_hair/user6/2-2-1,2_Comb_hair,2,user6,2-2-1,Depth_Color/2_Comb_hair/user6/2-2-1,IR/2_Comb_hair/user6/2-2-1,Thermal/2_Comb_hair/user6/2-2-1,Skeleton/2_Comb_hair/user6/2-2-1,IMU/2_Comb_hair/user6/2-2-1,Radar/2_Comb_hair/user6/2-2-1,1
2_Comb_hair/user6/2-2-2,2_Comb_hair,2,user6,2-2-2,Depth_Color/2_Comb_hair/user6/2-2-2,IR/2_Comb_hair/user6/2-2-2,Thermal/2_Comb_hair/user6/2-2-2,Skeleton/2_Comb_hair/user6/2-2-2,IMU/2_Comb_hair/user6/2-2-2,Radar/2_Comb_hair/user6/2-2-2,1
2_Comb_hair/user7/1-1-1,2_Comb_hair,2,user7,1-1-1,Depth_Color/2_Comb_hair/user7/1-1-1,IR/2_Comb_hair/user7/1-1-1,Thermal/2_Comb_hair/user7/1-1-1,Skeleton/2_Comb_hair/user7/1-1-1,IMU/2_Comb_hair/user7/1-1-1,Radar/2_Comb_hair/user7/1-1-1,0
2_Comb_hair/user7/1-1-2,2_Comb_hair,2,user7,1-1-2,Depth_Color/2_Comb_hair/user7/1-1-2,IR/2_Comb_hair/user7/1-1-2,Thermal/2_Comb_hair/user7/1-1-2,Skeleton/2_Comb_hair/user7/1-1-2,IMU/2_Comb_hair/user7/1-1-2,Radar/2_Comb_hair/user7/1-1-2,0
2_Comb_hair/user7/1-1-3,2_Comb_hair,2,user7,1-1-3,Depth_Color/2_Comb_hair/user7/1-1-3,IR/2_Comb_hair/user7/1-1-3,Thermal/2_Comb_hair/user7/1-1-3,Skeleton/2_Comb_hair/user7/1-1-3,IMU/2_Comb_hair/user7/1-1-3,Radar/2_Comb_hair/user7/1-1-3,0
2_Comb_hair/user8/7-1-2,2_Comb_hair,2,user8,7-1-2,Depth_Color/2_Comb_hair/user8/7-1-2,IR/2_Comb_hair/user8/7-1-2,,Skeleton/2_Comb_hair/user8/7-1-2,IMU/2_Comb_hair/user8/7-1-2,Radar/2_Comb_hair/user8/7-1-2,2
2_Comb_hair/user8/7-1-3,2_Comb_hair,2,user8,7-1-3,Depth_Color/2_Comb_hair/user8/7-1-3,IR/2_Comb_hair/user8/7-1-3,,Skeleton/2_Comb_hair/user8/7-1-3,IMU/2_Comb_hair/user8/7-1-3,Radar/2_Comb_hair/user8/7-1-3,2
2_Comb_hair/user8/7-2-2,2_Comb_hair,2,user8,7-2-2,,,Thermal/2_Comb_hair/user8/7-2-2,,,,2
2_Comb_hair/user8/7-2-3,2_Comb_hair,2,user8,7-2-3,,,Thermal/2_Comb_hair/user8/7-2-3,,,,2
2_Comb_hair/user9/1-1-1,2_Comb_hair,2,user9,1-1-1,Depth_Color/2_Comb_hair/user9/1-1-1,IR/2_Comb_hair/user9/1-1-1,Thermal/2_Comb_hair/user9/1-1-1,Skeleton/2_Comb_hair/user9/1-1-1,IMU/2_Comb_hair/user9/1-1-1,Radar/2_Comb_hair/user9/1-1-1,1
2_Comb_hair/user9/1-1-2,2_Comb_hair,2,user9,1-1-2,Depth_Color/2_Comb_hair/user9/1-1-2,IR/2_Comb_hair/user9/1-1-2,Thermal/2_Comb_hair/user9/1-1-2,Skeleton/2_Comb_hair/user9/1-1-2,IMU/2_Comb_hair/user9/1-1-2,Radar/2_Comb_hair/user9/1-1-2,1
2_Comb_hair/user9/1-1-3,2_Comb_hair,2,user9,1-1-3,Depth_Color/2_Comb_hair/user9/1-1-3,IR/2_Comb_hair/user9/1-1-3,Thermal/2_Comb_hair/user9/1-1-3,Skeleton/2_Comb_hair/user9/1-1-3,IMU/2_Comb_hair/user9/1-1-3,Radar/2_Comb_hair/user9/1-1-3,1
3_Take_off_clothes/user17/6-1-1,3_Take_off_clothes,3,user17,6-1-1,Depth_Color/3_Take_off_clothes/user17/6-1-1,IR/3_Take_off_clothes/user17/6-1-1,Thermal/3_Take_off_clothes/user17/6-1-1,Skeleton/3_Take_off_clothes/user17/6-1-1,IMU/3_Take_off_clothes/user17/6-1-1,Radar/3_Take_off_clothes/user17/6-1-1,2
3_Take_off_clothes/user17/6-1-2,3_Take_off_clothes,3,user17,6-1-2,Depth_Color/3_Take_off_clothes/user17/6-1-2,IR/3_Take_off_clothes/user17/6-1-2,Thermal/3_Take_off_clothes/user17/6-1-2,Skeleton/3_Take_off_clothes/user17/6-1-2,IMU/3_Take_off_clothes/user17/6-1-2,Radar/3_Take_off_clothes/user17/6-1-2,2
3_Take_off_clothes/user17/6-1-3,3_Take_off_clothes,3,user17,6-1-3,Depth_Color/3_Take_off_clothes/user17/6-1-3,IR/3_Take_off_clothes/user17/6-1-3,Thermal/3_Take_off_clothes/user17/6-1-3,Skeleton/3_Take_off_clothes/user17/6-1-3,IMU/3_Take_off_clothes/user17/6-1-3,Radar/3_Take_off_clothes/user17/6-1-3,2
3_Take_off_clothes/user18/6-1-1,3_Take_off_clothes,3,user18,6-1-1,Depth_Color/3_Take_off_clothes/user18/6-1-1,IR/3_Take_off_clothes/user18/6-1-1,Thermal/3_Take_off_clothes/user18/6-1-1,Skeleton/3_Take_off_clothes/user18/6-1-1,IMU/3_Take_off_clothes/user18/6-1-1,Radar/3_Take_off_clothes/user18/6-1-1,1
3_Take_off_clothes/user18/6-1-2,3_Take_off_clothes,3,user18,6-1-2,Depth_Color/3_Take_off_clothes/user18/6-1-2,IR/3_Take_off_clothes/user18/6-1-2,Thermal/3_Take_off_clothes/user18/6-1-2,Skeleton/3_Take_off_clothes/user18/6-1-2,IMU/3_Take_off_clothes/user18/6-1-2,Radar/3_Take_off_clothes/user18/6-1-2,1
3_Take_off_clothes/user18/6-1-3,3_Take_off_clothes,3,user18,6-1-3,Depth_Color/3_Take_off_clothes/user18/6-1-3,IR/3_Take_off_clothes/user18/6-1-3,Thermal/3_Take_off_clothes/user18/6-1-3,Skeleton/3_Take_off_clothes/user18/6-1-3,IMU/3_Take_off_clothes/user18/6-1-3,Radar/3_Take_off_clothes/user18/6-1-3,1
3_Take_off_clothes/user18/7-1-1,3_Take_off_clothes,3,user18,7-1-1,Depth_Color/3_Take_off_clothes/user18/7-1-1,IR/3_Take_off_clothes/user18/7-1-1,Thermal/3_Take_off_clothes/user18/7-1-1,Skeleton/3_Take_off_clothes/user18/7-1-1,IMU/3_Take_off_clothes/user18/7-1-1,Radar/3_Take_off_clothes/user18/7-1-1,1
3_Take_off_clothes/user18/7-1-2,3_Take_off_clothes,3,user18,7-1-2,Depth_Color/3_Take_off_clothes/user18/7-1-2,IR/3_Take_off_clothes/user18/7-1-2,Thermal/3_Take_off_clothes/user18/7-1-2,Skeleton/3_Take_off_clothes/user18/7-1-2,IMU/3_Take_off_clothes/user18/7-1-2,Radar/3_Take_off_clothes/user18/7-1-2,1
3_Take_off_clothes/user18/7-1-3,3_Take_off_clothes,3,user18,7-1-3,Depth_Color/3_Take_off_clothes/user18/7-1-3,IR/3_Take_off_clothes/user18/7-1-3,Thermal/3_Take_off_clothes/user18/7-1-3,Skeleton/3_Take_off_clothes/user18/7-1-3,IMU/3_Take_off_clothes/user18/7-1-3,Radar/3_Take_off_clothes/user18/7-1-3,1
3_Take_off_clothes/user19/3-1-1,3_Take_off_clothes,3,user19,3-1-1,Depth_Color/3_Take_off_clothes/user19/3-1-1,IR/3_Take_off_clothes/user19/3-1-1,Thermal/3_Take_off_clothes/user19/3-1-1,Skeleton/3_Take_off_clothes/user19/3-1-1,IMU/3_Take_off_clothes/user19/3-1-1,Radar/3_Take_off_clothes/user19/3-1-1,2
3_Take_off_clothes/user19/3-1-2,3_Take_off_clothes,3,user19,3-1-2,Depth_Color/3_Take_off_clothes/user19/3-1-2,IR/3_Take_off_clothes/user19/3-1-2,Thermal/3_Take_off_clothes/user19/3-1-2,Skeleton/3_Take_off_clothes/user19/3-1-2,IMU/3_Take_off_clothes/user19/3-1-2,Radar/3_Take_off_clothes/user19/3-1-2,2
3_Take_off_clothes/user19/3-1-3,3_Take_off_clothes,3,user19,3-1-3,Depth_Color/3_Take_off_clothes/user19/3-1-3,IR/3_Take_off_clothes/user19/3-1-3,Thermal/3_Take_off_clothes/user19/3-1-3,Skeleton/3_Take_off_clothes/user19/3-1-3,IMU/3_Take_off_clothes/user19/3-1-3,Radar/3_Take_off_clothes/user19/3-1-3,2
3_Take_off_clothes/user22/6-1-1,3_Take_off_clothes,3,user22,6-1-1,Depth_Color/3_Take_off_clothes/user22/6-1-1,IR/3_Take_off_clothes/user22/6-1-1,Thermal/3_Take_off_clothes/user22/6-1-1,Skeleton/3_Take_off_clothes/user22/6-1-1,IMU/3_Take_off_clothes/user22/6-1-1,Radar/3_Take_off_clothes/user22/6-1-1,1
3_Take_off_clothes/user22/6-1-2,3_Take_off_clothes,3,user22,6-1-2,Depth_Color/3_Take_off_clothes/user22/6-1-2,IR/3_Take_off_clothes/user22/6-1-2,Thermal/3_Take_off_clothes/user22/6-1-2,Skeleton/3_Take_off_clothes/user22/6-1-2,IMU/3_Take_off_clothes/user22/6-1-2,Radar/3_Take_off_clothes/user22/6-1-2,1
3_Take_off_clothes/user22/6-1-3,3_Take_off_clothes,3,user22,6-1-3,Depth_Color/3_Take_off_clothes/user22/6-1-3,IR/3_Take_off_clothes/user22/6-1-3,Thermal/3_Take_off_clothes/user22/6-1-3,Skeleton/3_Take_off_clothes/user22/6-1-3,IMU/3_Take_off_clothes/user22/6-1-3,Radar/3_Take_off_clothes/user22/6-1-3,1
3_Take_off_clothes/user22/7-2-1,3_Take_off_clothes,3,user22,7-2-1,Depth_Color/3_Take_off_clothes/user22/7-2-1,IR/3_Take_off_clothes/user22/7-2-1,Thermal/3_Take_off_clothes/user22/7-2-1,Skeleton/3_Take_off_clothes/user22/7-2-1,IMU/3_Take_off_clothes/user22/7-2-1,Radar/3_Take_off_clothes/user22/7-2-1,1
3_Take_off_clothes/user22/7-2-2,3_Take_off_clothes,3,user22,7-2-2,Depth_Color/3_Take_off_clothes/user22/7-2-2,IR/3_Take_off_clothes/user22/7-2-2,Thermal/3_Take_off_clothes/user22/7-2-2,Skeleton/3_Take_off_clothes/user22/7-2-2,IMU/3_Take_off_clothes/user22/7-2-2,Radar/3_Take_off_clothes/user22/7-2-2,1
3_Take_off_clothes/user22/7-2-3,3_Take_off_clothes,3,user22,7-2-3,Depth_Color/3_Take_off_clothes/user22/7-2-3,IR/3_Take_off_clothes/user22/7-2-3,Thermal/3_Take_off_clothes/user22/7-2-3,Skeleton/3_Take_off_clothes/user22/7-2-3,IMU/3_Take_off_clothes/user22/7-2-3,Radar/3_Take_off_clothes/user22/7-2-3,1
3_Take_off_clothes/user23/4-3-1,3_Take_off_clothes,3,user23,4-3-1,Depth_Color/3_Take_off_clothes/user23/4-3-1,IR/3_Take_off_clothes/user23/4-3-1,Thermal/3_Take_off_clothes/user23/4-3-1,Skeleton/3_Take_off_clothes/user23/4-3-1,IMU/3_Take_off_clothes/user23/4-3-1,Radar/3_Take_off_clothes/user23/4-3-1,0
3_Take_off_clothes/user23/4-3-2,3_Take_off_clothes,3,user23,4-3-2,Depth_Color/3_Take_off_clothes/user23/4-3-2,IR/3_Take_off_clothes/user23/4-3-2,Thermal/3_Take_off_clothes/user23/4-3-2,Skeleton/3_Take_off_clothes/user23/4-3-2,IMU/3_Take_off_clothes/user23/4-3-2,Radar/3_Take_off_clothes/user23/4-3-2,0
3_Take_off_clothes/user23/4-3-3,3_Take_off_clothes,3,user23,4-3-3,Depth_Color/3_Take_off_clothes/user23/4-3-3,IR/3_Take_off_clothes/user23/4-3-3,Thermal/3_Take_off_clothes/user23/4-3-3,Skeleton/3_Take_off_clothes/user23/4-3-3,IMU/3_Take_off_clothes/user23/4-3-3,Radar/3_Take_off_clothes/user23/4-3-3,0
3_Take_off_clothes/user23/5-2-1,3_Take_off_clothes,3,user23,5-2-1,Depth_Color/3_Take_off_clothes/user23/5-2-1,IR/3_Take_off_clothes/user23/5-2-1,Thermal/3_Take_off_clothes/user23/5-2-1,Skeleton/3_Take_off_clothes/user23/5-2-1,IMU/3_Take_off_clothes/user23/5-2-1,Radar/3_Take_off_clothes/user23/5-2-1,0
3_Take_off_clothes/user23/5-2-2,3_Take_off_clothes,3,user23,5-2-2,Depth_Color/3_Take_off_clothes/user23/5-2-2,IR/3_Take_off_clothes/user23/5-2-2,Thermal/3_Take_off_clothes/user23/5-2-2,Skeleton/3_Take_off_clothes/user23/5-2-2,IMU/3_Take_off_clothes/user23/5-2-2,Radar/3_Take_off_clothes/user23/5-2-2,0
3_Take_off_clothes/user23/5-2-3,3_Take_off_clothes,3,user23,5-2-3,Depth_Color/3_Take_off_clothes/user23/5-2-3,IR/3_Take_off_clothes/user23/5-2-3,Thermal/3_Take_off_clothes/user23/5-2-3,Skeleton/3_Take_off_clothes/user23/5-2-3,IMU/3_Take_off_clothes/user23/5-2-3,Radar/3_Take_off_clothes/user23/5-2-3,0
3_Take_off_clothes/user4/5-2-2,3_Take_off_clothes,3,user4,5-2-2,Depth_Color/3_Take_off_clothes/user4/5-2-2,IR/3_Take_off_clothes/user4/5-2-2,Thermal/3_Take_off_clothes/user4/5-2-2,Skeleton/3_Take_off_clothes/user4/5-2-2,IMU/3_Take_off_clothes/user4/5-2-2,Radar/3_Take_off_clothes/user4/5-2-2,1
3_Take_off_clothes/user4/5-2-3,3_Take_off_clothes,3,user4,5-2-3,Depth_Color/3_Take_off_clothes/user4/5-2-3,IR/3_Take_off_clothes/user4/5-2-3,Thermal/3_Take_off_clothes/user4/5-2-3,Skeleton/3_Take_off_clothes/user4/5-2-3,IMU/3_Take_off_clothes/user4/5-2-3,Radar/3_Take_off_clothes/user4/5-2-3,1
3_Take_off_clothes/user7/5-1-1,3_Take_off_clothes,3,user7,5-1-1,Depth_Color/3_Take_off_clothes/user7/5-1-1,IR/3_Take_off_clothes/user7/5-1-1,Thermal/3_Take_off_clothes/user7/5-1-1,Skeleton/3_Take_off_clothes/user7/5-1-1,IMU/3_Take_off_clothes/user7/5-1-1,Radar/3_Take_off_clothes/user7/5-1-1,0
3_Take_off_clothes/user7/5-1-2,3_Take_off_clothes,3,user7,5-1-2,Depth_Color/3_Take_off_clothes/user7/5-1-2,IR/3_Take_off_clothes/user7/5-1-2,Thermal/3_Take_off_clothes/user7/5-1-2,Skeleton/3_Take_off_clothes/user7/5-1-2,IMU/3_Take_off_clothes/user7/5-1-2,Radar/3_Take_off_clothes/user7/5-1-2,0
3_Take_off_clothes/user7/5-1-3,3_Take_off_clothes,3,user7,5-1-3,Depth_Color/3_Take_off_clothes/user7/5-1-3,IR/3_Take_off_clothes/user7/5-1-3,Thermal/3_Take_off_clothes/user7/5-1-3,Skeleton/3_Take_off_clothes/user7/5-1-3,IMU/3_Take_off_clothes/user7/5-1-3,Radar/3_Take_off_clothes/user7/5-1-3,0
3_Take_off_clothes/user7/6-1-1,3_Take_off_clothes,3,user7,6-1-1,Depth_Color/3_Take_off_clothes/user7/6-1-1,IR/3_Take_off_clothes/user7/6-1-1,Thermal/3_Take_off_clothes/user7/6-1-1,Skeleton/3_Take_off_clothes/user7/6-1-1,IMU/3_Take_off_clothes/user7/6-1-1,Radar/3_Take_off_clothes/user7/6-1-1,0
3_Take_off_clothes/user7/6-1-2,3_Take_off_clothes,3,user7,6-1-2,Depth_Color/3_Take_off_clothes/user7/6-1-2,IR/3_Take_off_clothes/user7/6-1-2,Thermal/3_Take_off_clothes/user7/6-1-2,Skeleton/3_Take_off_clothes/user7/6-1-2,IMU/3_Take_off_clothes/user7/6-1-2,Radar/3_Take_off_clothes/user7/6-1-2,0
3_Take_off_clothes/user7/6-1-3,3_Take_off_clothes,3,user7,6-1-3,Depth_Color/3_Take_off_clothes/user7/6-1-3,IR/3_Take_off_clothes/user7/6-1-3,Thermal/3_Take_off_clothes/user7/6-1-3,Skeleton/3_Take_off_clothes/user7/6-1-3,IMU/3_Take_off_clothes/user7/6-1-3,Radar/3_Take_off_clothes/user7/6-1-3,0
3_Take_off_clothes/user8/6-1-1,3_Take_off_clothes,3,user8,6-1-1,Depth_Color/3_Take_off_clothes/user8/6-1-1,IR/3_Take_off_clothes/user8/6-1-1,Thermal/3_Take_off_clothes/user8/6-1-1,Skeleton/3_Take_off_clothes/user8/6-1-1,IMU/3_Take_off_clothes/user8/6-1-1,Radar/3_Take_off_clothes/user8/6-1-1,2
3_Take_off_clothes/user8/6-1-2,3_Take_off_clothes,3,user8,6-1-2,Depth_Color/3_Take_off_clothes/user8/6-1-2,IR/3_Take_off_clothes/user8/6-1-2,Thermal/3_Take_off_clothes/user8/6-1-2,Skeleton/3_Take_off_clothes/user8/6-1-2,IMU/3_Take_off_clothes/user8/6-1-2,Radar/3_Take_off_clothes/user8/6-1-2,2
3_Take_off_clothes/user8/6-1-3,3_Take_off_clothes,3,user8,6-1-3,Depth_Color/3_Take_off_clothes/user8/6-1-3,IR/3_Take_off_clothes/user8/6-1-3,Thermal/3_Take_off_clothes/user8/6-1-3,Skeleton/3_Take_off_clothes/user8/6-1-3,IMU/3_Take_off_clothes/user8/6-1-3,Radar/3_Take_off_clothes/user8/6-1-3,2
3_Take_off_clothes/user8/7-1-1,3_Take_off_clothes,3,user8,7-1-1,Depth_Color/3_Take_off_clothes/user8/7-1-1,IR/3_Take_off_clothes/user8/7-1-1,Thermal/3_Take_off_clothes/user8/7-1-1,Skeleton/3_Take_off_clothes/user8/7-1-1,IMU/3_Take_off_clothes/user8/7-1-1,Radar/3_Take_off_clothes/user8/7-1-1,2
3_Take_off_clothes/user8/7-1-2,3_Take_off_clothes,3,user8,7-1-2,Depth_Color/3_Take_off_clothes/user8/7-1-2,IR/3_Take_off_clothes/user8/7-1-2,Thermal/3_Take_off_clothes/user8/7-1-2,Skeleton/3_Take_off_clothes/user8/7-1-2,IMU/3_Take_off_clothes/user8/7-1-2,Radar/3_Take_off_clothes/user8/7-1-2,2
3_Take_off_clothes/user8/7-1-3,3_Take_off_clothes,3,user8,7-1-3,Depth_Color/3_Take_off_clothes/user8/7-1-3,IR/3_Take_off_clothes/user8/7-1-3,Thermal/3_Take_off_clothes/user8/7-1-3,Skeleton/3_Take_off_clothes/user8/7-1-3,IMU/3_Take_off_clothes/user8/7-1-3,Radar/3_Take_off_clothes/user8/7-1-3,2
3_Take_off_clothes/user9/3-1-1,3_Take_off_clothes,3,user9,3-1-1,Depth_Color/3_Take_off_clothes/user9/3-1-1,IR/3_Take_off_clothes/user9/3-1-1,Thermal/3_Take_off_clothes/user9/3-1-1,Skeleton/3_Take_off_clothes/user9/3-1-1,IMU/3_Take_off_clothes/user9/3-1-1,Radar/3_Take_off_clothes/user9/3-1-1,1
3_Take_off_clothes/user9/3-1-2,3_Take_off_clothes,3,user9,3-1-2,Depth_Color/3_Take_off_clothes/user9/3-1-2,IR/3_Take_off_clothes/user9/3-1-2,Thermal/3_Take_off_clothes/user9/3-1-2,Skeleton/3_Take_off_clothes/user9/3-1-2,IMU/3_Take_off_clothes/user9/3-1-2,Radar/3_Take_off_clothes/user9/3-1-2,1
3_Take_off_clothes/user9/3-1-3,3_Take_off_clothes,3,user9,3-1-3,Depth_Color/3_Take_off_clothes/user9/3-1-3,IR/3_Take_off_clothes/user9/3-1-3,Thermal/3_Take_off_clothes/user9/3-1-3,Skeleton/3_Take_off_clothes/user9/3-1-3,IMU/3_Take_off_clothes/user9/3-1-3,Radar/3_Take_off_clothes/user9/3-1-3,1
4_Wipe_hands/user1/1-1-1,4_Wipe_hands,4,user1,1-1-1,Depth_Color/4_Wipe_hands/user1/1-1-1,IR/4_Wipe_hands/user1/1-1-1,Thermal/4_Wipe_hands/user1/1-1-1,Skeleton/4_Wipe_hands/user1/1-1-1,IMU/4_Wipe_hands/user1/1-1-1,Radar/4_Wipe_hands/user1/1-1-1,1
4_Wipe_hands/user1/1-1-2,4_Wipe_hands,4,user1,1-1-2,,,Thermal/4_Wipe_hands/user1/1-1-2,,,,1
4_Wipe_hands/user1/1-1-3,4_Wipe_hands,4,user1,1-1-3,,,Thermal/4_Wipe_hands/user1/1-1-3,,,,1
4_Wipe_hands/user16/2-2-1,4_Wipe_hands,4,user16,2-2-1,Depth_Color/4_Wipe_hands/user16/2-2-1,IR/4_Wipe_hands/user16/2-2-1,Thermal/4_Wipe_hands/user16/2-2-1,Skeleton/4_Wipe_hands/user16/2-2-1,IMU/4_Wipe_hands/user16/2-2-1,Radar/4_Wipe_hands/user16/2-2-1,0
4_Wipe_hands/user16/2-2-2,4_Wipe_hands,4,user16,2-2-2,Depth_Color/4_Wipe_hands/user16/2-2-2,IR/4_Wipe_hands/user16/2-2-2,Thermal/4_Wipe_hands/user16/2-2-2,Skeleton/4_Wipe_hands/user16/2-2-2,IMU/4_Wipe_hands/user16/2-2-2,Radar/4_Wipe_hands/user16/2-2-2,0
4_Wipe_hands/user16/2-2-3,4_Wipe_hands,4,user16,2-2-3,Depth_Color/4_Wipe_hands/user16/2-2-3,IR/4_Wipe_hands/user16/2-2-3,Thermal/4_Wipe_hands/user16/2-2-3,Skeleton/4_Wipe_hands/user16/2-2-3,IMU/4_Wipe_hands/user16/2-2-3,Radar/4_Wipe_hands/user16/2-2-3,0
4_Wipe_hands/user17/1-1-1,4_Wipe_hands,4,user17,1-1-1,Depth_Color/4_Wipe_hands/user17/1-1-1,IR/4_Wipe_hands/user17/1-1-1,Thermal/4_Wipe_hands/user17/1-1-1,Skeleton/4_Wipe_hands/user17/1-1-1,IMU/4_Wipe_hands/user17/1-1-1,Radar/4_Wipe_hands/user17/1-1-1,2
4_Wipe_hands/user17/1-1-2,4_Wipe_hands,4,user17,1-1-2,Depth_Color/4_Wipe_hands/user17/1-1-2,IR/4_Wipe_hands/user17/1-1-2,Thermal/4_Wipe_hands/user17/1-1-2,Skeleton/4_Wipe_hands/user17/1-1-2,IMU/4_Wipe_hands/user17/1-1-2,Radar/4_Wipe_hands/user17/1-1-2,2
4_Wipe_hands/user17/1-1-3,4_Wipe_hands,4,user17,1-1-3,Depth_Color/4_Wipe_hands/user17/1-1-3,IR/4_Wipe_hands/user17/1-1-3,Thermal/4_Wipe_hands/user17/1-1-3,Skeleton/4_Wipe_hands/user17/1-1-3,IMU/4_Wipe_hands/user17/1-1-3,Radar/4_Wipe_hands/user17/1-1-3,2
4_Wipe_hands/user17/7-2-1,4_Wipe_hands,4,user17,7-2-1,Depth_Color/4_Wipe_hands/user17/7-2-1,IR/4_Wipe_hands/user17/7-2-1,Thermal/4_Wipe_hands/user17/7-2-1,Skeleton/4_Wipe_hands/user17/7-2-1,IMU/4_Wipe_hands/user17/7-2-1,Radar/4_Wipe_hands/user17/7-2-1,2
4_Wipe_hands/user17/7-2-2,4_Wipe_hands,4,user17,7-2-2,Depth_Color/4_Wipe_hands/user17/7-2-2,IR/4_Wipe_hands/user17/7-2-2,Thermal/4_Wipe_hands/user17/7-2-2,Skeleton/4_Wipe_hands/user17/7-2-2,IMU/4_Wipe_hands/user17/7-2-2,Radar/4_Wipe_hands/user17/7-2-2,2
4_Wipe_hands/user17/7-2-3,4_Wipe_hands,4,user17,7-2-3,Depth_Color/4_Wipe_hands/user17/7-2-3,IR/4_Wipe_hands/user17/7-2-3,Thermal/4_Wipe_hands/user17/7-2-3,Skeleton/4_Wipe_hands/user17/7-2-3,IMU/4_Wipe_hands/user17/7-2-3,Radar/4_Wipe_hands/user17/7-2-3,2
4_Wipe_hands/user18/1-1-1,4_Wipe_hands,4,user18,1-1-1,Depth_Color/4_Wipe_hands/user18/1-1-1,IR/4_Wipe_hands/user18/1-1-1,Thermal/4_Wipe_hands/user18/1-1-1,Skeleton/4_Wipe_hands/user18/1-1-1,IMU/4_Wipe_hands/user18/1-1-1,Radar/4_Wipe_hands/user18/1-1-1,1
4_Wipe_hands/user18/1-1-2,4_Wipe_hands,4,user18,1-1-2,Depth_Color/4_Wipe_hands/user18/1-1-2,IR/4_Wipe_hands/user18/1-1-2,Thermal/4_Wipe_hands/user18/1-1-2,Skeleton/4_Wipe_hands/user18/1-1-2,IMU/4_Wipe_hands/user18/1-1-2,Radar/4_Wipe_hands/user18/1-1-2,1
4_Wipe_hands/user18/1-1-3,4_Wipe_hands,4,user18,1-1-3,Depth_Color/4_Wipe_hands/user18/1-1-3,IR/4_Wipe_hands/user18/1-1-3,Thermal/4_Wipe_hands/user18/1-1-3,Skeleton/4_Wipe_hands/user18/1-1-3,IMU/4_Wipe_hands/user18/1-1-3,Radar/4_Wipe_hands/user18/1-1-3,1
4_Wipe_hands/user18/7-1-1,4_Wipe_hands,4,user18,7-1-1,Depth_Color/4_Wipe_hands/user18/7-1-1,IR/4_Wipe_hands/user18/7-1-1,,Skeleton/4_Wipe_hands/user18/7-1-1,IMU/4_Wipe_hands/user18/7-1-1,Radar/4_Wipe_hands/user18/7-1-1,1
4_Wipe_hands/user18/7-1-2,4_Wipe_hands,4,user18,7-1-2,Depth_Color/4_Wipe_hands/user18/7-1-2,IR/4_Wipe_hands/user18/7-1-2,Thermal/4_Wipe_hands/user18/7-1-2,Skeleton/4_Wipe_hands/user18/7-1-2,IMU/4_Wipe_hands/user18/7-1-2,Radar/4_Wipe_hands/user18/7-1-2,1
4_Wipe_hands/user18/7-1-3,4_Wipe_hands,4,user18,7-1-3,Depth_Color/4_Wipe_hands/user18/7-1-3,IR/4_Wipe_hands/user18/7-1-3,Thermal/4_Wipe_hands/user18/7-1-3,Skeleton/4_Wipe_hands/user18/7-1-3,IMU/4_Wipe_hands/user18/7-1-3,Radar/4_Wipe_hands/user18/7-1-3,1
4_Wipe_hands/user19/1-1-1,4_Wipe_hands,4,user19,1-1-1,Depth_Color/4_Wipe_hands/user19/1-1-1,IR/4_Wipe_hands/user19/1-1-1,Thermal/4_Wipe_hands/user19/1-1-1,Skeleton/4_Wipe_hands/user19/1-1-1,IMU/4_Wipe_hands/user19/1-1-1,Radar/4_Wipe_hands/user19/1-1-1,2
4_Wipe_hands/user19/1-1-2,4_Wipe_hands,4,user19,1-1-2,Depth_Color/4_Wipe_hands/user19/1-1-2,IR/4_Wipe_hands/user19/1-1-2,Thermal/4_Wipe_hands/user19/1-1-2,Skeleton/4_Wipe_hands/user19/1-1-2,IMU/4_Wipe_hands/user19/1-1-2,Radar/4_Wipe_hands/user19/1-1-2,2
4_Wipe_hands/user19/1-1-3,4_Wipe_hands,4,user19,1-1-3,Depth_Color/4_Wipe_hands/user19/1-1-3,IR/4_Wipe_hands/user19/1-1-3,Thermal/4_Wipe_hands/user19/1-1-3,Skeleton/4_Wipe_hands/user19/1-1-3,IMU/4_Wipe_hands/user19/1-1-3,Radar/4_Wipe_hands/user19/1-1-3,2
4_Wipe_hands/user19/5-1-2,4_Wipe_hands,4,user19,5-1-2,,,Thermal/4_Wipe_hands/user19/5-1-2,,,,2
4_Wipe_hands/user19/5-1-3,4_Wipe_hands,4,user19,5-1-3,,,Thermal/4_Wipe_hands/user19/5-1-3,,,,2
4_Wipe_hands/user19/5-2-1,4_Wipe_hands,4,user19,5-2-1,Depth_Color/4_Wipe_hands/user19/5-2-1,IR/4_Wipe_hands/user19/5-2-1,,Skeleton/4_Wipe_hands/user19/5-2-1,IMU/4_Wipe_hands/user19/5-2-1,Radar/4_Wipe_hands/user19/5-2-1,2
4_Wipe_hands/user19/5-2-2,4_Wipe_hands,4,user19,5-2-2,Depth_Color/4_Wipe_hands/user19/5-2-2,IR/4_Wipe_hands/user19/5-2-2,,Skeleton/4_Wipe_hands/user19/5-2-2,IMU/4_Wipe_hands/user19/5-2-2,Radar/4_Wipe_hands/user19/5-2-2,2
4_Wipe_hands/user19/5-2-3,4_Wipe_hands,4,user19,5-2-3,Depth_Color/4_Wipe_hands/user19/5-2-3,IR/4_Wipe_hands/user19/5-2-3,,Skeleton/4_Wipe_hands/user19/5-2-3,IMU/4_Wipe_hands/user19/5-2-3,Radar/4_Wipe_hands/user19/5-2-3,2
4_Wipe_hands/user2/2-2-1,4_Wipe_hands,4,user2,2-2-1,Depth_Color/4_Wipe_hands/user2/2-2-1,IR/4_Wipe_hands/user2/2-2-1,Thermal/4_Wipe_hands/user2/2-2-1,Skeleton/4_Wipe_hands/user2/2-2-1,IMU/4_Wipe_hands/user2/2-2-1,Radar/4_Wipe_hands/user2/2-2-1,0
4_Wipe_hands/user2/2-2-2,4_Wipe_hands,4,user2,2-2-2,Depth_Color/4_Wipe_hands/user2/2-2-2,IR/4_Wipe_hands/user2/2-2-2,Thermal/4_Wipe_hands/user2/2-2-2,Skeleton/4_Wipe_hands/user2/2-2-2,IMU/4_Wipe_hands/user2/2-2-2,Radar/4_Wipe_hands/user2/2-2-2,0
4_Wipe_hands/user2/2-2-3,4_Wipe_hands,4,user2,2-2-3,Depth_Color/4_Wipe_hands/user2/2-2-3,IR/4_Wipe_hands/user2/2-2-3,Thermal/4_Wipe_hands/user2/2-2-3,Skeleton/4_Wipe_hands/user2/2-2-3,IMU/4_Wipe_hands/user2/2-2-3,Radar/4_Wipe_hands/user2/2-2-3,0
4_Wipe_hands/user2/7-3-3,4_Wipe_hands,4,user2,7-3-3,Depth_Color/4_Wipe_hands/user2/7-3-3,IR/4_Wipe_hands/user2/7-3-3,Thermal/4_Wipe_hands/user2/7-3-3,Skeleton/4_Wipe_hands/user2/7-3-3,IMU/4_Wipe_hands/user2/7-3-3,Radar/4_Wipe_hands/user2/7-3-3,0
4_Wipe_hands/user20/6-2-1,4_Wipe_hands,4,user20,6-2-1,Depth_Color/4_Wipe_hands/user20/6-2-1,IR/4_Wipe_hands/user20/6-2-1,Thermal/4_Wipe_hands/user20/6-2-1,Skeleton/4_Wipe_hands/user20/6-2-1,IMU/4_Wipe_hands/user20/6-2-1,Radar/4_Wipe_hands/user20/6-2-1,0
4_Wipe_hands/user20/6-2-2,4_Wipe_hands,4,user20,6-2-2,Depth_Color/4_Wipe_hands/user20/6-2-2,IR/4_Wipe_hands/user20/6-2-2,Thermal/4_Wipe_hands/user20/6-2-2,Skeleton/4_Wipe_hands/user20/6-2-2,IMU/4_Wipe_hands/user20/6-2-2,Radar/4_Wipe_hands/user20/6-2-2,0
4_Wipe_hands/user20/6-2-3,4_Wipe_hands,4,user20,6-2-3,Depth_Color/4_Wipe_hands/user20/6-2-3,IR/4_Wipe_hands/user20/6-2-3,Thermal/4_Wipe_hands/user20/6-2-3,Skeleton/4_Wipe_hands/user20/6-2-3,IMU/4_Wipe_hands/user20/6-2-3,Radar/4_Wipe_hands/user20/6-2-3,0
4_Wipe_hands/user21/1-1-1,4_Wipe_hands,4,user21,1-1-1,Depth_Color/4_Wipe_hands/user21/1-1-1,IR/4_Wipe_hands/user21/1-1-1,Thermal/4_Wipe_hands/user21/1-1-1,Skeleton/4_Wipe_hands/user21/1-1-1,IMU/4_Wipe_hands/user21/1-1-1,Radar/4_Wipe_hands/user21/1-1-1,0
4_Wipe_hands/user21/1-1-2,4_Wipe_hands,4,user21,1-1-2,Depth_Color/4_Wipe_hands/user21/1-1-2,IR/4_Wipe_hands/user21/1-1-2,Thermal/4_Wipe_hands/user21/1-1-2,Skeleton/4_Wipe_hands/user21/1-1-2,IMU/4_Wipe_hands/user21/1-1-2,Radar/4_Wipe_hands/user21/1-1-2,0
4_Wipe_hands/user21/1-1-3,4_Wipe_hands,4,user21,1-1-3,Depth_Color/4_Wipe_hands/user21/1-1-3,IR/4_Wipe_hands/user21/1-1-3,Thermal/4_Wipe_hands/user21/1-1-3,Skeleton/4_Wipe_hands/user21/1-1-3,IMU/4_Wipe_hands/user21/1-1-3,Radar/4_Wipe_hands/user21/1-1-3,0
4_Wipe_hands/user21/7-2-1,4_Wipe_hands,4,user21,7-2-1,Depth_Color/4_Wipe_hands/user21/7-2-1,IR/4_Wipe_hands/user21/7-2-1,Thermal/4_Wipe_hands/user21/7-2-1,Skeleton/4_Wipe_hands/user21/7-2-1,IMU/4_Wipe_hands/user21/7-2-1,Radar/4_Wipe_hands/user21/7-2-1,0
4_Wipe_hands/user21/7-2-2,4_Wipe_hands,4,user21,7-2-2,Depth_Color/4_Wipe_hands/user21/7-2-2,IR/4_Wipe_hands/user21/7-2-2,Thermal/4_Wipe_hands/user21/7-2-2,Skeleton/4_Wipe_hands/user21/7-2-2,IMU/4_Wipe_hands/user21/7-2-2,Radar/4_Wipe_hands/user21/7-2-2,0
4_Wipe_hands/user21/7-2-3,4_Wipe_hands,4,user21,7-2-3,Depth_Color/4_Wipe_hands/user21/7-2-3,IR/4_Wipe_hands/user21/7-2-3,Thermal/4_Wipe_hands/user21/7-2-3,Skeleton/4_Wipe_hands/user21/7-2-3,IMU/4_Wipe_hands/user21/7-2-3,Radar/4_Wipe_hands/user21/7-2-3,0
4_Wipe_hands/user22/1-1-1,4_Wipe_hands,4,user22,1-1-1,,,Thermal/4_Wipe_hands/user22/1-1-1,,,,1
4_Wipe_hands/user22/1-1-2,4_Wipe_hands,4,user22,1-1-2,Depth_Color/4_Wipe_hands/user22/1-1-2,IR/4_Wipe_hands/user22/1-1-2,Thermal/4_Wipe_hands/user22/1-1-2,Skeleton/4_Wipe_hands/user22/1-1-2,IMU/4_Wipe_hands/user22/1-1-2,Radar/4_Wipe_hands/user22/1-1-2,1
4_Wipe_hands/user22/1-1-3,4_Wipe_hands,4,user22,1-1-3,Depth_Color/4_Wipe_hands/user22/1-1-3,IR/4_Wipe_hands/user22/1-1-3,Thermal/4_Wipe_hands/user22/1-1-3,Skeleton/4_Wipe_hands/user22/1-1-3,IMU/4_Wipe_hands/user22/1-1-3,Radar/4_Wipe_hands/user22/1-1-3,1
4_Wipe_hands/user22/6-2-1,4_Wipe_hands,4,user22,6-2-1,Depth_Color/4_Wipe_hands/user22/6-2-1,IR/4_Wipe_hands/user22/6-2-1,Thermal/4_Wipe_hands/user22/6-2-1,Skeleton/4_Wipe_hands/user22/6-2-1,IMU/4_Wipe_hands/user22/6-2-1,Radar/4_Wipe_hands/user22/6-2-1,1
4_Wipe_hands/user22/6-2-2,4_Wipe_hands,4,user22,6-2-2,Depth_Color/4_Wipe_hands/user22/6-2-2,IR/4_Wipe_hands/user22/6-2-2,Thermal/4_Wipe_hands/user22/6-2-2,Skeleton/4_Wipe_hands/user22/6-2-2,IMU/4_Wipe_hands/user22/6-2-2,Radar/4_Wipe_hands/user22/6-2-2,1
4_Wipe_hands/user22/6-2-3,4_Wipe_hands,4,user22,6-2-3,Depth_Color/4_Wipe_hands/user22/6-2-3,IR/4_Wipe_hands/user22/6-2-3,Thermal/4_Wipe_hands/user22/6-2-3,Skeleton/4_Wipe_hands/user22/6-2-3,IMU/4_Wipe_hands/user22/6-2-3,Radar/4_Wipe_hands/user22/6-2-3,1
4_Wipe_hands/user23/1-1-1,4_Wipe_hands,4,user23,1-1-1,Depth_Color/4_Wipe_hands/user23/1-1-1,IR/4_Wipe_hands/user23/1-1-1,Thermal/4_Wipe_hands/user23/1-1-1,Skeleton/4_Wipe_hands/user23/1-1-1,IMU/4_Wipe_hands/user23/1-1-1,Radar/4_Wipe_hands/user23/1-1-1,0
4_Wipe_hands/user23/1-1-2,4_Wipe_hands,4,user23,1-1-2,Depth_Color/4_Wipe_hands/user23/1-1-2,IR/4_Wipe_hands/user23/1-1-2,Thermal/4_Wipe_hands/user23/1-1-2,Skeleton/4_Wipe_hands/user23/1-1-2,IMU/4_Wipe_hands/user23/1-1-2,Radar/4_Wipe_hands/user23/1-1-2,0
4_Wipe_hands/user23/1-1-3,4_Wipe_hands,4,user23,1-1-3,Depth_Color/4_Wipe_hands/user23/1-1-3,IR/4_Wipe_hands/user23/1-1-3,Thermal/4_Wipe_hands/user23/1-1-3,Skeleton/4_Wipe_hands/user23/1-1-3,IMU/4_Wipe_hands/user23/1-1-3,Radar/4_Wipe_hands/user23/1-1-3,0
4_Wipe_hands/user24/6-2-1,4_Wipe_hands,4,user24,6-2-1,Depth_Color/4_Wipe_hands/user24/6-2-1,IR/4_Wipe_hands/user24/6-2-1,Thermal/4_Wipe_hands/user24/6-2-1,Skeleton/4_Wipe_hands/user24/6-2-1,IMU/4_Wipe_hands/user24/6-2-1,Radar/4_Wipe_hands/user24/6-2-1,2
4_Wipe_hands/user24/6-2-2,4_Wipe_hands,4,user24,6-2-2,Depth_Color/4_Wipe_hands/user24/6-2-2,IR/4_Wipe_hands/user24/6-2-2,Thermal/4_Wipe_hands/user24/6-2-2,Skeleton/4_Wipe_hands/user24/6-2-2,IMU/4_Wipe_hands/user24/6-2-2,Radar/4_Wipe_hands/user24/6-2-2,2
4_Wipe_hands/user24/6-2-3,4_Wipe_hands,4,user24,6-2-3,Depth_Color/4_Wipe_hands/user24/6-2-3,IR/4_Wipe_hands/user24/6-2-3,Thermal/4_Wipe_hands/user24/6-2-3,Skeleton/4_Wipe_hands/user24/6-2-3,IMU/4_Wipe_hands/user24/6-2-3,Radar/4_Wipe_hands/user24/6-2-3,2
4_Wipe_hands/user4/1-1-1,4_Wipe_hands,4,user4,1-1-1,Depth_Color/4_Wipe_hands/user4/1-1-1,IR/4_Wipe_hands/user4/1-1-1,Thermal/4_Wipe_hands/user4/1-1-1,Skeleton/4_Wipe_hands/user4/1-1-1,IMU/4_Wipe_hands/user4/1-1-1,Radar/4_Wipe_hands/user4/1-1-1,1
4_Wipe_hands/user4/1-1-2,4_Wipe_hands,4,user4,1-1-2,Depth_Color/4_Wipe_hands/user4/1-1-2,IR/4_Wipe_hands/user4/1-1-2,Thermal/4_Wipe_hands/user4/1-1-2,Skeleton/4_Wipe_hands/user4/1-1-2,IMU/4_Wipe_hands/user4/1-1-2,Radar/4_Wipe_hands/user4/1-1-2,1
4_Wipe_hands/user4/1-1-3,4_Wipe_hands,4,user4,1-1-3,Depth_Color/4_Wipe_hands/user4/1-1-3,IR/4_Wipe_hands/user4/1-1-3,Thermal/4_Wipe_hands/user4/1-1-3,Skeleton/4_Wipe_hands/user4/1-1-3,IMU/4_Wipe_hands/user4/1-1-3,Radar/4_Wipe_hands/user4/1-1-3,1
4_Wipe_hands/user6/2-2-1,4_Wipe_hands,4,user6,2-2-1,Depth_Color/4_Wipe_hands/user6/2-2-1,IR/4_Wipe_hands/user6/2-2-1,Thermal/4_Wipe_hands/user6/2-2-1,Skeleton/4_Wipe_hands/user6/2-2-1,IMU/4_Wipe_hands/user6/2-2-1,Radar/4_Wipe_hands/user6/2-2-1,1
4_Wipe_hands/user6/2-2-2,4_Wipe_hands,4,user6,2-2-2,Depth_Color/4_Wipe_hands/user6/2-2-2,IR/4_Wipe_hands/user6/2-2-2,Thermal/4_Wipe_hands/user6/2-2-2,Skeleton/4_Wipe_hands/user6/2-2-2,IMU/4_Wipe_hands/user6/2-2-2,Radar/4_Wipe_hands/user6/2-2-2,1
4_Wipe_hands/user6/2-2-3,4_Wipe_hands,4,user6,2-2-3,Depth_Color/4_Wipe_hands/user6/2-2-3,IR/4_Wipe_hands/user6/2-2-3,Thermal/4_Wipe_hands/user6/2-2-3,Skeleton/4_Wipe_hands/user6/2-2-3,IMU/4_Wipe_hands/user6/2-2-3,Radar/4_Wipe_hands/user6/2-2-3,1
4_Wipe_hands/user7/1-1-1,4_Wipe_hands,4,user7,1-1-1,Depth_Color/4_Wipe_hands/user7/1-1-1,IR/4_Wipe_hands/user7/1-1-1,Thermal/4_Wipe_hands/user7/1-1-1,Skeleton/4_Wipe_hands/user7/1-1-1,IMU/4_Wipe_hands/user7/1-1-1,Radar/4_Wipe_hands/user7/1-1-1,0
4_Wipe_hands/user7/1-1-2,4_Wipe_hands,4,user7,1-1-2,Depth_Color/4_Wipe_hands/user7/1-1-2,IR/4_Wipe_hands/user7/1-1-2,Thermal/4_Wipe_hands/user7/1-1-2,Skeleton/4_Wipe_hands/user7/1-1-2,IMU/4_Wipe_hands/user7/1-1-2,Radar/4_Wipe_hands/user7/1-1-2,0
4_Wipe_hands/user7/1-1-3,4_Wipe_hands,4,user7,1-1-3,Depth_Color/4_Wipe_hands/user7/1-1-3,IR/4_Wipe_hands/user7/1-1-3,Thermal/4_Wipe_hands/user7/1-1-3,Skeleton/4_Wipe_hands/user7/1-1-3,IMU/4_Wipe_hands/user7/1-1-3,Radar/4_Wipe_hands/user7/1-1-3,0
4_Wipe_hands/user7/7-2-1,4_Wipe_hands,4,user7,7-2-1,Depth_Color/4_Wipe_hands/user7/7-2-1,IR/4_Wipe_hands/user7/7-2-1,Thermal/4_Wipe_hands/user7/7-2-1,Skeleton/4_Wipe_hands/user7/7-2-1,IMU/4_Wipe_hands/user7/7-2-1,Radar/4_Wipe_hands/user7/7-2-1,0
4_Wipe_hands/user7/7-2-2,4_Wipe_hands,4,user7,7-2-2,Depth_Color/4_Wipe_hands/user7/7-2-2,IR/4_Wipe_hands/user7/7-2-2,Thermal/4_Wipe_hands/user7/7-2-2,Skeleton/4_Wipe_hands/user7/7-2-2,IMU/4_Wipe_hands/user7/7-2-2,Radar/4_Wipe_hands/user7/7-2-2,0
4_Wipe_hands/user7/7-2-3,4_Wipe_hands,4,user7,7-2-3,Depth_Color/4_Wipe_hands/user7/7-2-3,IR/4_Wipe_hands/user7/7-2-3,Thermal/4_Wipe_hands/user7/7-2-3,Skeleton/4_Wipe_hands/user7/7-2-3,IMU/4_Wipe_hands/user7/7-2-3,Radar/4_Wipe_hands/user7/7-2-3,0
4_Wipe_hands/user8/1-1-1,4_Wipe_hands,4,user8,1-1-1,Depth_Color/4_Wipe_hands/user8/1-1-1,IR/4_Wipe_hands/user8/1-1-1,Thermal/4_Wipe_hands/user8/1-1-1,Skeleton/4_Wipe_hands/user8/1-1-1,IMU/4_Wipe_hands/user8/1-1-1,Radar/4_Wipe_hands/user8/1-1-1,2
4_Wipe_hands/user8/1-1-2,4_Wipe_hands,4,user8,1-1-2,Depth_Color/4_Wipe_hands/user8/1-1-2,IR/4_Wipe_hands/user8/1-1-2,Thermal/4_Wipe_hands/user8/1-1-2,Skeleton/4_Wipe_hands/user8/1-1-2,IMU/4_Wipe_hands/user8/1-1-2,Radar/4_Wipe_hands/user8/1-1-2,2
4_Wipe_hands/user8/1-1-3,4_Wipe_hands,4,user8,1-1-3,Depth_Color/4_Wipe_hands/user8/1-1-3,IR/4_Wipe_hands/user8/1-1-3,Thermal/4_Wipe_hands/user8/1-1-3,Skeleton/4_Wipe_hands/user8/1-1-3,IMU/4_Wipe_hands/user8/1-1-3,Radar/4_Wipe_hands/user8/1-1-3,2
4_Wipe_hands/user8/7-1-1,4_Wipe_hands,4,user8,7-1-1,Depth_Color/4_Wipe_hands/user8/7-1-1,IR/4_Wipe_hands/user8/7-1-1,Thermal/4_Wipe_hands/user8/7-1-1,Skeleton/4_Wipe_hands/user8/7-1-1,IMU/4_Wipe_hands/user8/7-1-1,Radar/4_Wipe_hands/user8/7-1-1,2
4_Wipe_hands/user8/7-1-2,4_Wipe_hands,4,user8,7-1-2,Depth_Color/4_Wipe_hands/user8/7-1-2,IR/4_Wipe_hands/user8/7-1-2,Thermal/4_Wipe_hands/user8/7-1-2,Skeleton/4_Wipe_hands/user8/7-1-2,IMU/4_Wipe_hands/user8/7-1-2,Radar/4_Wipe_hands/user8/7-1-2,2
4_Wipe_hands/user8/7-1-3,4_Wipe_hands,4,user8,7-1-3,Depth_Color/4_Wipe_hands/user8/7-1-3,IR/4_Wipe_hands/user8/7-1-3,Thermal/4_Wipe_hands/user8/7-1-3,Skeleton/4_Wipe_hands/user8/7-1-3,IMU/4_Wipe_hands/user8/7-1-3,Radar/4_Wipe_hands/user8/7-1-3,2
4_Wipe_hands/user9/1-1-1,4_Wipe_hands,4,user9,1-1-1,Depth_Color/4_Wipe_hands/user9/1-1-1,IR/4_Wipe_hands/user9/1-1-1,Thermal/4_Wipe_hands/user9/1-1-1,Skeleton/4_Wipe_hands/user9/1-1-1,IMU/4_Wipe_hands/user9/1-1-1,Radar/4_Wipe_hands/user9/1-1-1,1
4_Wipe_hands/user9/1-1-2,4_Wipe_hands,4,user9,1-1-2,Depth_Color/4_Wipe_hands/user9/1-1-2,IR/4_Wipe_hands/user9/1-1-2,Thermal/4_Wipe_hands/user9/1-1-2,Skeleton/4_Wipe_hands/user9/1-1-2,IMU/4_Wipe_hands/user9/1-1-2,Radar/4_Wipe_hands/user9/1-1-2,1
4_Wipe_hands/user9/1-1-3,4_Wipe_hands,4,user9,1-1-3,Depth_Color/4_Wipe_hands/user9/1-1-3,IR/4_Wipe_hands/user9/1-1-3,Thermal/4_Wipe_hands/user9/1-1-3,Skeleton/4_Wipe_hands/user9/1-1-3,IMU/4_Wipe_hands/user9/1-1-3,Radar/4_Wipe_hands/user9/1-1-3,1
4_Wipe_hands/user9/5-2-1,4_Wipe_hands,4,user9,5-2-1,Depth_Color/4_Wipe_hands/user9/5-2-1,IR/4_Wipe_hands/user9/5-2-1,Thermal/4_Wipe_hands/user9/5-2-1,Skeleton/4_Wipe_hands/user9/5-2-1,IMU/4_Wipe_hands/user9/5-2-1,Radar/4_Wipe_hands/user9/5-2-1,1
4_Wipe_hands/user9/5-2-2,4_Wipe_hands,4,user9,5-2-2,Depth_Color/4_Wipe_hands/user9/5-2-2,IR/4_Wipe_hands/user9/5-2-2,Thermal/4_Wipe_hands/user9/5-2-2,Skeleton/4_Wipe_hands/user9/5-2-2,IMU/4_Wipe_hands/user9/5-2-2,Radar/4_Wipe_hands/user9/5-2-2,1
4_Wipe_hands/user9/5-2-3,4_Wipe_hands,4,user9,5-2-3,Depth_Color/4_Wipe_hands/user9/5-2-3,IR/4_Wipe_hands/user9/5-2-3,Thermal/4_Wipe_hands/user9/5-2-3,Skeleton/4_Wipe_hands/user9/5-2-3,IMU/4_Wipe_hands/user9/5-2-3,Radar/4_Wipe_hands/user9/5-2-3,1
5_Put_on_clothes/user1/1-1-1,5_Put_on_clothes,5,user1,1-1-1,Depth_Color/5_Put_on_clothes/user1/1-1-1,IR/5_Put_on_clothes/user1/1-1-1,Thermal/5_Put_on_clothes/user1/1-1-1,Skeleton/5_Put_on_clothes/user1/1-1-1,IMU/5_Put_on_clothes/user1/1-1-1,Radar/5_Put_on_clothes/user1/1-1-1,1
5_Put_on_clothes/user1/1-1-2,5_Put_on_clothes,5,user1,1-1-2,Depth_Color/5_Put_on_clothes/user1/1-1-2,IR/5_Put_on_clothes/user1/1-1-2,Thermal/5_Put_on_clothes/user1/1-1-2,Skeleton/5_Put_on_clothes/user1/1-1-2,IMU/5_Put_on_clothes/user1/1-1-2,Radar/5_Put_on_clothes/user1/1-1-2,1
5_Put_on_clothes/user1/1-1-3,5_Put_on_clothes,5,user1,1-1-3,Depth_Color/5_Put_on_clothes/user1/1-1-3,IR/5_Put_on_clothes/user1/1-1-3,Thermal/5_Put_on_clothes/user1/1-1-3,Skeleton/5_Put_on_clothes/user1/1-1-3,IMU/5_Put_on_clothes/user1/1-1-3,Radar/5_Put_on_clothes/user1/1-1-3,1
5_Put_on_clothes/user17/1-1-1,5_Put_on_clothes,5,user17,1-1-1,Depth_Color/5_Put_on_clothes/user17/1-1-1,IR/5_Put_on_clothes/user17/1-1-1,Thermal/5_Put_on_clothes/user17/1-1-1,Skeleton/5_Put_on_clothes/user17/1-1-1,IMU/5_Put_on_clothes/user17/1-1-1,Radar/5_Put_on_clothes/user17/1-1-1,2
5_Put_on_clothes/user17/1-1-2,5_Put_on_clothes,5,user17,1-1-2,Depth_Color/5_Put_on_clothes/user17/1-1-2,IR/5_Put_on_clothes/user17/1-1-2,Thermal/5_Put_on_clothes/user17/1-1-2,Skeleton/5_Put_on_clothes/user17/1-1-2,IMU/5_Put_on_clothes/user17/1-1-2,Radar/5_Put_on_clothes/user17/1-1-2,2
5_Put_on_clothes/user17/1-1-3,5_Put_on_clothes,5,user17,1-1-3,Depth_Color/5_Put_on_clothes/user17/1-1-3,IR/5_Put_on_clothes/user17/1-1-3,Thermal/5_Put_on_clothes/user17/1-1-3,Skeleton/5_Put_on_clothes/user17/1-1-3,IMU/5_Put_on_clothes/user17/1-1-3,Radar/5_Put_on_clothes/user17/1-1-3,2
5_Put_on_clothes/user17/6-1-1,5_Put_on_clothes,5,user17,6-1-1,Depth_Color/5_Put_on_clothes/user17/6-1-1,IR/5_Put_on_clothes/user17/6-1-1,Thermal/5_Put_on_clothes/user17/6-1-1,Skeleton/5_Put_on_clothes/user17/6-1-1,IMU/5_Put_on_clothes/user17/6-1-1,Radar/5_Put_on_clothes/user17/6-1-1,2
5_Put_on_clothes/user17/6-1-2,5_Put_on_clothes,5,user17,6-1-2,Depth_Color/5_Put_on_clothes/user17/6-1-2,IR/5_Put_on_clothes/user17/6-1-2,Thermal/5_Put_on_clothes/user17/6-1-2,Skeleton/5_Put_on_clothes/user17/6-1-2,IMU/5_Put_on_clothes/user17/6-1-2,Radar/5_Put_on_clothes/user17/6-1-2,2
5_Put_on_clothes/user17/6-1-3,5_Put_on_clothes,5,user17,6-1-3,Depth_Color/5_Put_on_clothes/user17/6-1-3,IR/5_Put_on_clothes/user17/6-1-3,Thermal/5_Put_on_clothes/user17/6-1-3,Skeleton/5_Put_on_clothes/user17/6-1-3,IMU/5_Put_on_clothes/user17/6-1-3,Radar/5_Put_on_clothes/user17/6-1-3,2
5_Put_on_clothes/user18/6-1-1,5_Put_on_clothes,5,user18,6-1-1,Depth_Color/5_Put_on_clothes/user18/6-1-1,IR/5_Put_on_clothes/user18/6-1-1,Thermal/5_Put_on_clothes/user18/6-1-1,Skeleton/5_Put_on_clothes/user18/6-1-1,IMU/5_Put_on_clothes/user18/6-1-1,Radar/5_Put_on_clothes/user18/6-1-1,1
5_Put_on_clothes/user18/6-1-2,5_Put_on_clothes,5,user18,6-1-2,Depth_Color/5_Put_on_clothes/user18/6-1-2,IR/5_Put_on_clothes/user18/6-1-2,Thermal/5_Put_on_clothes/user18/6-1-2,Skeleton/5_Put_on_clothes/user18/6-1-2,IMU/5_Put_on_clothes/user18/6-1-2,Radar/5_Put_on_clothes/user18/6-1-2,1
5_Put_on_clothes/user18/6-1-3,5_Put_on_clothes,5,user18,6-1-3,Depth_Color/5_Put_on_clothes/user18/6-1-3,IR/5_Put_on_clothes/user18/6-1-3,Thermal/5_Put_on_clothes/user18/6-1-3,Skeleton/5_Put_on_clothes/user18/6-1-3,IMU/5_Put_on_clothes/user18/6-1-3,Radar/5_Put_on_clothes/user18/6-1-3,1
5_Put_on_clothes/user18/7-1-1,5_Put_on_clothes,5,user18,7-1-1,Depth_Color/5_Put_on_clothes/user18/7-1-1,IR/5_Put_on_clothes/user18/7-1-1,Thermal/5_Put_on_clothes/user18/7-1-1,Skeleton/5_Put_on_clothes/user18/7-1-1,IMU/5_Put_on_clothes/user18/7-1-1,Radar/5_Put_on_clothes/user18/7-1-1,1
5_Put_on_clothes/user18/7-1-2,5_Put_on_clothes,5,user18,7-1-2,Depth_Color/5_Put_on_clothes/user18/7-1-2,IR/5_Put_on_clothes/user18/7-1-2,Thermal/5_Put_on_clothes/user18/7-1-2,Skeleton/5_Put_on_clothes/user18/7-1-2,IMU/5_Put_on_clothes/user18/7-1-2,Radar/5_Put_on_clothes/user18/7-1-2,1
5_Put_on_clothes/user18/7-1-3,5_Put_on_clothes,5,user18,7-1-3,Depth_Color/5_Put_on_clothes/user18/7-1-3,IR/5_Put_on_clothes/user18/7-1-3,Thermal/5_Put_on_clothes/user18/7-1-3,Skeleton/5_Put_on_clothes/user18/7-1-3,IMU/5_Put_on_clothes/user18/7-1-3,Radar/5_Put_on_clothes/user18/7-1-3,1
5_Put_on_clothes/user19/1-1-1,5_Put_on_clothes,5,user19,1-1-1,Depth_Color/5_Put_on_clothes/user19/1-1-1,IR/5_Put_on_clothes/user19/1-1-1,Thermal/5_Put_on_clothes/user19/1-1-1,Skeleton/5_Put_on_clothes/user19/1-1-1,IMU/5_Put_on_clothes/user19/1-1-1,Radar/5_Put_on_clothes/user19/1-1-1,2
5_Put_on_clothes/user19/1-1-2,5_Put_on_clothes,5,user19,1-1-2,Depth_Color/5_Put_on_clothes/user19/1-1-2,IR/5_Put_on_clothes/user19/1-1-2,Thermal/5_Put_on_clothes/user19/1-1-2,Skeleton/5_Put_on_clothes/user19/1-1-2,IMU/5_Put_on_clothes/user19/1-1-2,Radar/5_Put_on_clothes/user19/1-1-2,2
5_Put_on_clothes/user19/1-1-3,5_Put_on_clothes,5,user19,1-1-3,Depth_Color/5_Put_on_clothes/user19/1-1-3,IR/5_Put_on_clothes/user19/1-1-3,Thermal/5_Put_on_clothes/user19/1-1-3,Skeleton/5_Put_on_clothes/user19/1-1-3,IMU/5_Put_on_clothes/user19/1-1-3,Radar/5_Put_on_clothes/user19/1-1-3,2
5_Put_on_clothes/user21/6-1-1,5_Put_on_clothes,5,user21,6-1-1,Depth_Color/5_Put_on_clothes/user21/6-1-1,IR/5_Put_on_clothes/user21/6-1-1,Thermal/5_Put_on_clothes/user21/6-1-1,Skeleton/5_Put_on_clothes/user21/6-1-1,IMU/5_Put_on_clothes/user21/6-1-1,Radar/5_Put_on_clothes/user21/6-1-1,0
5_Put_on_clothes/user21/6-1-2,5_Put_on_clothes,5,user21,6-1-2,Depth_Color/5_Put_on_clothes/user21/6-1-2,IR/5_Put_on_clothes/user21/6-1-2,Thermal/5_Put_on_clothes/user21/6-1-2,Skeleton/5_Put_on_clothes/user21/6-1-2,IMU/5_Put_on_clothes/user21/6-1-2,Radar/5_Put_on_clothes/user21/6-1-2,0
5_Put_on_clothes/user21/6-1-3,5_Put_on_clothes,5,user21,6-1-3,Depth_Color/5_Put_on_clothes/user21/6-1-3,IR/5_Put_on_clothes/user21/6-1-3,Thermal/5_Put_on_clothes/user21/6-1-3,Skeleton/5_Put_on_clothes/user21/6-1-3,IMU/5_Put_on_clothes/user21/6-1-3,Radar/5_Put_on_clothes/user21/6-1-3,0
5_Put_on_clothes/user22/2-2-1,5_Put_on_clothes,5,user22,2-2-1,Depth_Color/5_Put_on_clothes/user22/2-2-1,IR/5_Put_on_clothes/user22/2-2-1,Thermal/5_Put_on_clothes/user22/2-2-1,Skeleton/5_Put_on_clothes/user22/2-2-1,IMU/5_Put_on_clothes/user22/2-2-1,Radar/5_Put_on_clothes/user22/2-2-1,1
5_Put_on_clothes/user22/2-2-2,5_Put_on_clothes,5,user22,2-2-2,Depth_Color/5_Put_on_clothes/user22/2-2-2,IR/5_Put_on_clothes/user22/2-2-2,Thermal/5_Put_on_clothes/user22/2-2-2,Skeleton/5_Put_on_clothes/user22/2-2-2,IMU/5_Put_on_clothes/user22/2-2-2,Radar/5_Put_on_clothes/user22/2-2-2,1
5_Put_on_clothes/user22/2-2-3,5_Put_on_clothes,5,user22,2-2-3,Depth_Color/5_Put_on_clothes/user22/2-2-3,IR/5_Put_on_clothes/user22/2-2-3,Thermal/5_Put_on_clothes/user22/2-2-3,Skeleton/5_Put_on_clothes/user22/2-2-3,IMU/5_Put_on_clothes/user22/2-2-3,Radar/5_Put_on_clothes/user22/2-2-3,1
5_Put_on_clothes/user22/6-1-1,5_Put_on_clothes,5,user22,6-1-1,Depth_Color/5_Put_on_clothes/user22/6-1-1,IR/5_Put_on_clothes/user22/6-1-1,,Skeleton/5_Put_on_clothes/user22/6-1-1,IMU/5_Put_on_clothes/user22/6-1-1,Radar/5_Put_on_clothes/user22/6-1-1,1
5_Put_on_clothes/user22/6-1-2,5_Put_on_clothes,5,user22,6-1-2,Depth_Color/5_Put_on_clothes/user22/6-1-2,IR/5_Put_on_clothes/user22/6-1-2,,Skeleton/5_Put_on_clothes/user22/6-1-2,IMU/5_Put_on_clothes/user22/6-1-2,Radar/5_Put_on_clothes/user22/6-1-2,1
5_Put_on_clothes/user22/6-1-3,5_Put_on_clothes,5,user22,6-1-3,Depth_Color/5_Put_on_clothes/user22/6-1-3,IR/5_Put_on_clothes/user22/6-1-3,,Skeleton/5_Put_on_clothes/user22/6-1-3,IMU/5_Put_on_clothes/user22/6-1-3,Radar/5_Put_on_clothes/user22/6-1-3,1
5_Put_on_clothes/user22/7-2-1,5_Put_on_clothes,5,user22,7-2-1,Depth_Color/5_Put_on_clothes/user22/7-2-1,IR/5_Put_on_clothes/user22/7-2-1,Thermal/5_Put_on_clothes/user22/7-2-1,Skeleton/5_Put_on_clothes/user22/7-2-1,IMU/5_Put_on_clothes/user22/7-2-1,Radar/5_Put_on_clothes/user22/7-2-1,1
5_Put_on_clothes/user22/7-2-2,5_Put_on_clothes,5,user22,7-2-2,Depth_Color/5_Put_on_clothes/user22/7-2-2,IR/5_Put_on_clothes/user22/7-2-2,Thermal/5_Put_on_clothes/user22/7-2-2,Skeleton/5_Put_on_clothes/user22/7-2-2,IMU/5_Put_on_clothes/user22/7-2-2,Radar/5_Put_on_clothes/user22/7-2-2,1
5_Put_on_clothes/user22/7-2-3,5_Put_on_clothes,5,user22,7-2-3,Depth_Color/5_Put_on_clothes/user22/7-2-3,IR/5_Put_on_clothes/user22/7-2-3,Thermal/5_Put_on_clothes/user22/7-2-3,Skeleton/5_Put_on_clothes/user22/7-2-3,IMU/5_Put_on_clothes/user22/7-2-3,Radar/5_Put_on_clothes/user22/7-2-3,1
5_Put_on_clothes/user23/4-3-1,5_Put_on_clothes,5,user23,4-3-1,Depth_Color/5_Put_on_clothes/user23/4-3-1,IR/5_Put_on_clothes/user23/4-3-1,Thermal/5_Put_on_clothes/user23/4-3-1,Skeleton/5_Put_on_clothes/user23/4-3-1,IMU/5_Put_on_clothes/user23/4-3-1,Radar/5_Put_on_clothes/user23/4-3-1,0
5_Put_on_clothes/user23/4-3-2,5_Put_on_clothes,5,user23,4-3-2,Depth_Color/5_Put_on_clothes/user23/4-3-2,IR/5_Put_on_clothes/user23/4-3-2,Thermal/5_Put_on_clothes/user23/4-3-2,Skeleton/5_Put_on_clothes/user23/4-3-2,IMU/5_Put_on_clothes/user23/4-3-2,Radar/5_Put_on_clothes/user23/4-3-2,0
5_Put_on_clothes/user23/4-3-3,5_Put_on_clothes,5,user23,4-3-3,Depth_Color/5_Put_on_clothes/user23/4-3-3,IR/5_Put_on_clothes/user23/4-3-3,Thermal/5_Put_on_clothes/user23/4-3-3,Skeleton/5_Put_on_clothes/user23/4-3-3,IMU/5_Put_on_clothes/user23/4-3-3,Radar/5_Put_on_clothes/user23/4-3-3,0
5_Put_on_clothes/user23/5-2-1,5_Put_on_clothes,5,user23,5-2-1,Depth_Color/5_Put_on_clothes/user23/5-2-1,IR/5_Put_on_clothes/user23/5-2-1,Thermal/5_Put_on_clothes/user23/5-2-1,Skeleton/5_Put_on_clothes/user23/5-2-1,IMU/5_Put_on_clothes/user23/5-2-1,Radar/5_Put_on_clothes/user23/5-2-1,0
5_Put_on_clothes/user23/5-2-2,5_Put_on_clothes,5,user23,5-2-2,Depth_Color/5_Put_on_clothes/user23/5-2-2,IR/5_Put_on_clothes/user23/5-2-2,Thermal/5_Put_on_clothes/user23/5-2-2,Skeleton/5_Put_on_clothes/user23/5-2-2,IMU/5_Put_on_clothes/user23/5-2-2,Radar/5_Put_on_clothes/user23/5-2-2,0
5_Put_on_clothes/user23/5-2-3,5_Put_on_clothes,5,user23,5-2-3,Depth_Color/5_Put_on_clothes/user23/5-2-3,IR/5_Put_on_clothes/user23/5-2-3,Thermal/5_Put_on_clothes/user23/5-2-3,Skeleton/5_Put_on_clothes/user23/5-2-3,IMU/5_Put_on_clothes/user23/5-2-3,Radar/5_Put_on_clothes/user23/5-2-3,0
5_Put_on_clothes/user3/1-1-1,5_Put_on_clothes,5,user3,1-1-1,Depth_Color/5_Put_on_clothes/user3/1-1-1,IR/5_Put_on_clothes/user3/1-1-1,Thermal/5_Put_on_clothes/user3/1-1-1,Skeleton/5_Put_on_clothes/user3/1-1-1,IMU/5_Put_on_clothes/user3/1-1-1,,2
5_Put_on_clothes/user3/1-1-2,5_Put_on_clothes,5,user3,1-1-2,Depth_Color/5_Put_on_clothes/user3/1-1-2,IR/5_Put_on_clothes/user3/1-1-2,Thermal/5_Put_on_clothes/user3/1-1-2,Skeleton/5_Put_on_clothes/user3/1-1-2,IMU/5_Put_on_clothes/user3/1-1-2,,2
5_Put_on_clothes/user3/1-1-3,5_Put_on_clothes,5,user3,1-1-3,Depth_Color/5_Put_on_clothes/user3/1-1-3,IR/5_Put_on_clothes/user3/1-1-3,Thermal/5_Put_on_clothes/user3/1-1-3,Skeleton/5_Put_on_clothes/user3/1-1-3,IMU/5_Put_on_clothes/user3/1-1-3,,2
5_Put_on_clothes/user4/5-2-1,5_Put_on_clothes,5,user4,5-2-1,Depth_Color/5_Put_on_clothes/user4/5-2-1,IR/5_Put_on_clothes/user4/5-2-1,Thermal/5_Put_on_clothes/user4/5-2-1,Skeleton/5_Put_on_clothes/user4/5-2-1,IMU/5_Put_on_clothes/user4/5-2-1,Radar/5_Put_on_clothes/user4/5-2-1,1
5_Put_on_clothes/user4/5-2-2,5_Put_on_clothes,5,user4,5-2-2,Depth_Color/5_Put_on_clothes/user4/5-2-2,IR/5_Put_on_clothes/user4/5-2-2,Thermal/5_Put_on_clothes/user4/5-2-2,Skeleton/5_Put_on_clothes/user4/5-2-2,IMU/5_Put_on_clothes/user4/5-2-2,Radar/5_Put_on_clothes/user4/5-2-2,1
5_Put_on_clothes/user4/5-2-3,5_Put_on_clothes,5,user4,5-2-3,Depth_Color/5_Put_on_clothes/user4/5-2-3,IR/5_Put_on_clothes/user4/5-2-3,Thermal/5_Put_on_clothes/user4/5-2-3,Skeleton/5_Put_on_clothes/user4/5-2-3,IMU/5_Put_on_clothes/user4/5-2-3,Radar/5_Put_on_clothes/user4/5-2-3,1
5_Put_on_clothes/user7/1-1-1,5_Put_on_clothes,5,user7,1-1-1,Depth_Color/5_Put_on_clothes/user7/1-1-1,IR/5_Put_on_clothes/user7/1-1-1,Thermal/5_Put_on_clothes/user7/1-1-1,Skeleton/5_Put_on_clothes/user7/1-1-1,IMU/5_Put_on_clothes/user7/1-1-1,Radar/5_Put_on_clothes/user7/1-1-1,0
5_Put_on_clothes/user7/1-1-2,5_Put_on_clothes,5,user7,1-1-2,Depth_Color/5_Put_on_clothes/user7/1-1-2,IR/5_Put_on_clothes/user7/1-1-2,Thermal/5_Put_on_clothes/user7/1-1-2,Skeleton/5_Put_on_clothes/user7/1-1-2,IMU/5_Put_on_clothes/user7/1-1-2,Radar/5_Put_on_clothes/user7/1-1-2,0
5_Put_on_clothes/user7/1-1-3,5_Put_on_clothes,5,user7,1-1-3,Depth_Color/5_Put_on_clothes/user7/1-1-3,IR/5_Put_on_clothes/user7/1-1-3,Thermal/5_Put_on_clothes/user7/1-1-3,Skeleton/5_Put_on_clothes/user7/1-1-3,IMU/5_Put_on_clothes/user7/1-1-3,Radar/5_Put_on_clothes/user7/1-1-3,0
5_Put_on_clothes/user7/6-1-1,5_Put_on_clothes,5,user7,6-1-1,Depth_Color/5_Put_on_clothes/user7/6-1-1,IR/5_Put_on_clothes/user7/6-1-1,Thermal/5_Put_on_clothes/user7/6-1-1,Skeleton/5_Put_on_clothes/user7/6-1-1,IMU/5_Put_on_clothes/user7/6-1-1,Radar/5_Put_on_clothes/user7/6-1-1,0
5_Put_on_clothes/user7/6-1-2,5_Put_on_clothes,5,user7,6-1-2,Depth_Color/5_Put_on_clothes/user7/6-1-2,IR/5_Put_on_clothes/user7/6-1-2,Thermal/5_Put_on_clothes/user7/6-1-2,Skeleton/5_Put_on_clothes/user7/6-1-2,IMU/5_Put_on_clothes/user7/6-1-2,Radar/5_Put_on_clothes/user7/6-1-2,0
5_Put_on_clothes/user7/6-1-3,5_Put_on_clothes,5,user7,6-1-3,Depth_Color/5_Put_on_clothes/user7/6-1-3,IR/5_Put_on_clothes/user7/6-1-3,Thermal/5_Put_on_clothes/user7/6-1-3,Skeleton/5_Put_on_clothes/user7/6-1-3,IMU/5_Put_on_clothes/user7/6-1-3,Radar/5_Put_on_clothes/user7/6-1-3,0
5_Put_on_clothes/user8/6-1-1,5_Put_on_clothes,5,user8,6-1-1,Depth_Color/5_Put_on_clothes/user8/6-1-1,IR/5_Put_on_clothes/user8/6-1-1,Thermal/5_Put_on_clothes/user8/6-1-1,Skeleton/5_Put_on_clothes/user8/6-1-1,IMU/5_Put_on_clothes/user8/6-1-1,Radar/5_Put_on_clothes/user8/6-1-1,2
5_Put_on_clothes/user8/6-1-2,5_Put_on_clothes,5,user8,6-1-2,Depth_Color/5_Put_on_clothes/user8/6-1-2,IR/5_Put_on_clothes/user8/6-1-2,Thermal/5_Put_on_clothes/user8/6-1-2,Skeleton/5_Put_on_clothes/user8/6-1-2,IMU/5_Put_on_clothes/user8/6-1-2,Radar/5_Put_on_clothes/user8/6-1-2,2
5_Put_on_clothes/user8/6-1-3,5_Put_on_clothes,5,user8,6-1-3,Depth_Color/5_Put_on_clothes/user8/6-1-3,IR/5_Put_on_clothes/user8/6-1-3,Thermal/5_Put_on_clothes/user8/6-1-3,Skeleton/5_Put_on_clothes/user8/6-1-3,IMU/5_Put_on_clothes/user8/6-1-3,Radar/5_Put_on_clothes/user8/6-1-3,2
5_Put_on_clothes/user8/7-1-1,5_Put_on_clothes,5,user8,7-1-1,Depth_Color/5_Put_on_clothes/user8/7-1-1,IR/5_Put_on_clothes/user8/7-1-1,Thermal/5_Put_on_clothes/user8/7-1-1,Skeleton/5_Put_on_clothes/user8/7-1-1,IMU/5_Put_on_clothes/user8/7-1-1,Radar/5_Put_on_clothes/user8/7-1-1,2
5_Put_on_clothes/user8/7-1-2,5_Put_on_clothes,5,user8,7-1-2,Depth_Color/5_Put_on_clothes/user8/7-1-2,IR/5_Put_on_clothes/user8/7-1-2,Thermal/5_Put_on_clothes/user8/7-1-2,Skeleton/5_Put_on_clothes/user8/7-1-2,IMU/5_Put_on_clothes/user8/7-1-2,Radar/5_Put_on_clothes/user8/7-1-2,2
5_Put_on_clothes/user8/7-1-3,5_Put_on_clothes,5,user8,7-1-3,Depth_Color/5_Put_on_clothes/user8/7-1-3,IR/5_Put_on_clothes/user8/7-1-3,Thermal/5_Put_on_clothes/user8/7-1-3,Skeleton/5_Put_on_clothes/user8/7-1-3,IMU/5_Put_on_clothes/user8/7-1-3,Radar/5_Put_on_clothes/user8/7-1-3,2
5_Put_on_clothes/user9/1-1-1,5_Put_on_clothes,5,user9,1-1-1,Depth_Color/5_Put_on_clothes/user9/1-1-1,IR/5_Put_on_clothes/user9/1-1-1,Thermal/5_Put_on_clothes/user9/1-1-1,Skeleton/5_Put_on_clothes/user9/1-1-1,IMU/5_Put_on_clothes/user9/1-1-1,Radar/5_Put_on_clothes/user9/1-1-1,1
5_Put_on_clothes/user9/1-1-2,5_Put_on_clothes,5,user9,1-1-2,Depth_Color/5_Put_on_clothes/user9/1-1-2,IR/5_Put_on_clothes/user9/1-1-2,Thermal/5_Put_on_clothes/user9/1-1-2,Skeleton/5_Put_on_clothes/user9/1-1-2,IMU/5_Put_on_clothes/user9/1-1-2,Radar/5_Put_on_clothes/user9/1-1-2,1
5_Put_on_clothes/user9/1-1-3,5_Put_on_clothes,5,user9,1-1-3,Depth_Color/5_Put_on_clothes/user9/1-1-3,IR/5_Put_on_clothes/user9/1-1-3,Thermal/5_Put_on_clothes/user9/1-1-3,Skeleton/5_Put_on_clothes/user9/1-1-3,IMU/5_Put_on_clothes/user9/1-1-3,Radar/5_Put_on_clothes/user9/1-1-3,1
6_Drink_water/user1/4-1-1,6_Drink_water,6,user1,4-1-1,Depth_Color/6_Drink_water/user1/4-1-1,IR/6_Drink_water/user1/4-1-1,Thermal/6_Drink_water/user1/4-1-1,Skeleton/6_Drink_water/user1/4-1-1,IMU/6_Drink_water/user1/4-1-1,Radar/6_Drink_water/user1/4-1-1,1
6_Drink_water/user1/4-1-2,6_Drink_water,6,user1,4-1-2,Depth_Color/6_Drink_water/user1/4-1-2,IR/6_Drink_water/user1/4-1-2,Thermal/6_Drink_water/user1/4-1-2,Skeleton/6_Drink_water/user1/4-1-2,IMU/6_Drink_water/user1/4-1-2,Radar/6_Drink_water/user1/4-1-2,1
6_Drink_water/user1/4-1-3,6_Drink_water,6,user1,4-1-3,Depth_Color/6_Drink_water/user1/4-1-3,IR/6_Drink_water/user1/4-1-3,Thermal/6_Drink_water/user1/4-1-3,Skeleton/6_Drink_water/user1/4-1-3,IMU/6_Drink_water/user1/4-1-3,Radar/6_Drink_water/user1/4-1-3,1
6_Drink_water/user1/5-1-1,6_Drink_water,6,user1,5-1-1,Depth_Color/6_Drink_water/user1/5-1-1,IR/6_Drink_water/user1/5-1-1,Thermal/6_Drink_water/user1/5-1-1,Skeleton/6_Drink_water/user1/5-1-1,IMU/6_Drink_water/user1/5-1-1,Radar/6_Drink_water/user1/5-1-1,1
6_Drink_water/user1/5-1-2,6_Drink_water,6,user1,5-1-2,Depth_Color/6_Drink_water/user1/5-1-2,IR/6_Drink_water/user1/5-1-2,Thermal/6_Drink_water/user1/5-1-2,Skeleton/6_Drink_water/user1/5-1-2,IMU/6_Drink_water/user1/5-1-2,Radar/6_Drink_water/user1/5-1-2,1
6_Drink_water/user1/5-1-3,6_Drink_water,6,user1,5-1-3,Depth_Color/6_Drink_water/user1/5-1-3,IR/6_Drink_water/user1/5-1-3,Thermal/6_Drink_water/user1/5-1-3,Skeleton/6_Drink_water/user1/5-1-3,IMU/6_Drink_water/user1/5-1-3,Radar/6_Drink_water/user1/5-1-3,1
6_Drink_water/user16/1-2-1,6_Drink_water,6,user16,1-2-1,Depth_Color/6_Drink_water/user16/1-2-1,IR/6_Drink_water/user16/1-2-1,Thermal/6_Drink_water/user16/1-2-1,Skeleton/6_Drink_water/user16/1-2-1,IMU/6_Drink_water/user16/1-2-1,Radar/6_Drink_water/user16/1-2-1,0
6_Drink_water/user16/1-2-2,6_Drink_water,6,user16,1-2-2,Depth_Color/6_Drink_water/user16/1-2-2,IR/6_Drink_water/user16/1-2-2,Thermal/6_Drink_water/user16/1-2-2,Skeleton/6_Drink_water/user16/1-2-2,IMU/6_Drink_water/user16/1-2-2,Radar/6_Drink_water/user16/1-2-2,0
6_Drink_water/user16/1-2-3,6_Drink_water,6,user16,1-2-3,Depth_Color/6_Drink_water/user16/1-2-3,IR/6_Drink_water/user16/1-2-3,Thermal/6_Drink_water/user16/1-2-3,Skeleton/6_Drink_water/user16/1-2-3,IMU/6_Drink_water/user16/1-2-3,Radar/6_Drink_water/user16/1-2-3,0
6_Drink_water/user16/3-2-1,6_Drink_water,6,user16,3-2-1,Depth_Color/6_Drink_water/user16/3-2-1,IR/6_Drink_water/user16/3-2-1,Thermal/6_Drink_water/user16/3-2-1,Skeleton/6_Drink_water/user16/3-2-1,IMU/6_Drink_water/user16/3-2-1,Radar/6_Drink_water/user16/3-2-1,0
6_Drink_water/user16/3-2-2,6_Drink_water,6,user16,3-2-2,Depth_Color/6_Drink_water/user16/3-2-2,IR/6_Drink_water/user16/3-2-2,Thermal/6_Drink_water/user16/3-2-2,Skeleton/6_Drink_water/user16/3-2-2,IMU/6_Drink_water/user16/3-2-2,Radar/6_Drink_water/user16/3-2-2,0
6_Drink_water/user16/3-2-3,6_Drink_water,6,user16,3-2-3,Depth_Color/6_Drink_water/user16/3-2-3,IR/6_Drink_water/user16/3-2-3,Thermal/6_Drink_water/user16/3-2-3,Skeleton/6_Drink_water/user16/3-2-3,IMU/6_Drink_water/user16/3-2-3,Radar/6_Drink_water/user16/3-2-3,0
6_Drink_water/user16/5-3-1,6_Drink_water,6,user16,5-3-1,Depth_Color/6_Drink_water/user16/5-3-1,IR/6_Drink_water/user16/5-3-1,Thermal/6_Drink_water/user16/5-3-1,Skeleton/6_Drink_water/user16/5-3-1,IMU/6_Drink_water/user16/5-3-1,Radar/6_Drink_water/user16/5-3-1,0
6_Drink_water/user16/5-3-2,6_Drink_water,6,user16,5-3-2,Depth_Color/6_Drink_water/user16/5-3-2,IR/6_Drink_water/user16/5-3-2,Thermal/6_Drink_water/user16/5-3-2,Skeleton/6_Drink_water/user16/5-3-2,IMU/6_Drink_water/user16/5-3-2,Radar/6_Drink_water/user16/5-3-2,0
6_Drink_water/user16/5-3-3,6_Drink_water,6,user16,5-3-3,Depth_Color/6_Drink_water/user16/5-3-3,IR/6_Drink_water/user16/5-3-3,Thermal/6_Drink_water/user16/5-3-3,Skeleton/6_Drink_water/user16/5-3-3,IMU/6_Drink_water/user16/5-3-3,Radar/6_Drink_water/user16/5-3-3,0
6_Drink_water/user16/6-2-1,6_Drink_water,6,user16,6-2-1,Depth_Color/6_Drink_water/user16/6-2-1,IR/6_Drink_water/user16/6-2-1,Thermal/6_Drink_water/user16/6-2-1,Skeleton/6_Drink_water/user16/6-2-1,IMU/6_Drink_water/user16/6-2-1,Radar/6_Drink_water/user16/6-2-1,0
6_Drink_water/user16/6-2-2,6_Drink_water,6,user16,6-2-2,Depth_Color/6_Drink_water/user16/6-2-2,IR/6_Drink_water/user16/6-2-2,Thermal/6_Drink_water/user16/6-2-2,Skeleton/6_Drink_water/user16/6-2-2,IMU/6_Drink_water/user16/6-2-2,Radar/6_Drink_water/user16/6-2-2,0
6_Drink_water/user16/6-2-3,6_Drink_water,6,user16,6-2-3,Depth_Color/6_Drink_water/user16/6-2-3,IR/6_Drink_water/user16/6-2-3,Thermal/6_Drink_water/user16/6-2-3,Skeleton/6_Drink_water/user16/6-2-3,IMU/6_Drink_water/user16/6-2-3,Radar/6_Drink_water/user16/6-2-3,0
6_Drink_water/user18/6-2-1,6_Drink_water,6,user18,6-2-1,Depth_Color/6_Drink_water/user18/6-2-1,IR/6_Drink_water/user18/6-2-1,Thermal/6_Drink_water/user18/6-2-1,Skeleton/6_Drink_water/user18/6-2-1,IMU/6_Drink_water/user18/6-2-1,Radar/6_Drink_water/user18/6-2-1,1
6_Drink_water/user18/6-2-3,6_Drink_water,6,user18,6-2-3,Depth_Color/6_Drink_water/user18/6-2-3,IR/6_Drink_water/user18/6-2-3,Thermal/6_Drink_water/user18/6-2-3,Skeleton/6_Drink_water/user18/6-2-3,IMU/6_Drink_water/user18/6-2-3,Radar/6_Drink_water/user18/6-2-3,1
6_Drink_water/user19/3-2-1,6_Drink_water,6,user19,3-2-1,Depth_Color/6_Drink_water/user19/3-2-1,IR/6_Drink_water/user19/3-2-1,Thermal/6_Drink_water/user19/3-2-1,Skeleton/6_Drink_water/user19/3-2-1,IMU/6_Drink_water/user19/3-2-1,Radar/6_Drink_water/user19/3-2-1,2
6_Drink_water/user19/3-2-2,6_Drink_water,6,user19,3-2-2,Depth_Color/6_Drink_water/user19/3-2-2,IR/6_Drink_water/user19/3-2-2,Thermal/6_Drink_water/user19/3-2-2,Skeleton/6_Drink_water/user19/3-2-2,IMU/6_Drink_water/user19/3-2-2,Radar/6_Drink_water/user19/3-2-2,2
6_Drink_water/user19/3-2-3,6_Drink_water,6,user19,3-2-3,Depth_Color/6_Drink_water/user19/3-2-3,IR/6_Drink_water/user19/3-2-3,Thermal/6_Drink_water/user19/3-2-3,Skeleton/6_Drink_water/user19/3-2-3,IMU/6_Drink_water/user19/3-2-3,Radar/6_Drink_water/user19/3-2-3,2
6_Drink_water/user19/7-2-1,6_Drink_water,6,user19,7-2-1,Depth_Color/6_Drink_water/user19/7-2-1,IR/6_Drink_water/user19/7-2-1,Thermal/6_Drink_water/user19/7-2-1,Skeleton/6_Drink_water/user19/7-2-1,IMU/6_Drink_water/user19/7-2-1,Radar/6_Drink_water/user19/7-2-1,2
6_Drink_water/user19/7-2-2,6_Drink_water,6,user19,7-2-2,Depth_Color/6_Drink_water/user19/7-2-2,IR/6_Drink_water/user19/7-2-2,Thermal/6_Drink_water/user19/7-2-2,Skeleton/6_Drink_water/user19/7-2-2,IMU/6_Drink_water/user19/7-2-2,Radar/6_Drink_water/user19/7-2-2,2
6_Drink_water/user19/7-2-3,6_Drink_water,6,user19,7-2-3,Depth_Color/6_Drink_water/user19/7-2-3,IR/6_Drink_water/user19/7-2-3,Thermal/6_Drink_water/user19/7-2-3,Skeleton/6_Drink_water/user19/7-2-3,IMU/6_Drink_water/user19/7-2-3,Radar/6_Drink_water/user19/7-2-3,2
6_Drink_water/user2/1-2-1,6_Drink_water,6,user2,1-2-1,Depth_Color/6_Drink_water/user2/1-2-1,IR/6_Drink_water/user2/1-2-1,Thermal/6_Drink_water/user2/1-2-1,Skeleton/6_Drink_water/user2/1-2-1,IMU/6_Drink_water/user2/1-2-1,Radar/6_Drink_water/user2/1-2-1,0
6_Drink_water/user2/1-2-2,6_Drink_water,6,user2,1-2-2,Depth_Color/6_Drink_water/user2/1-2-2,IR/6_Drink_water/user2/1-2-2,Thermal/6_Drink_water/user2/1-2-2,Skeleton/6_Drink_water/user2/1-2-2,IMU/6_Drink_water/user2/1-2-2,Radar/6_Drink_water/user2/1-2-2,0
6_Drink_water/user2/1-2-3,6_Drink_water,6,user2,1-2-3,Depth_Color/6_Drink_water/user2/1-2-3,IR/6_Drink_water/user2/1-2-3,Thermal/6_Drink_water/user2/1-2-3,Skeleton/6_Drink_water/user2/1-2-3,IMU/6_Drink_water/user2/1-2-3,Radar/6_Drink_water/user2/1-2-3,0
6_Drink_water/user2/2-1-1,6_Drink_water,6,user2,2-1-1,Depth_Color/6_Drink_water/user2/2-1-1,IR/6_Drink_water/user2/2-1-1,Thermal/6_Drink_water/user2/2-1-1,Skeleton/6_Drink_water/user2/2-1-1,IMU/6_Drink_water/user2/2-1-1,Radar/6_Drink_water/user2/2-1-1,0
6_Drink_water/user2/2-1-2,6_Drink_water,6,user2,2-1-2,Depth_Color/6_Drink_water/user2/2-1-2,IR/6_Drink_water/user2/2-1-2,Thermal/6_Drink_water/user2/2-1-2,Skeleton/6_Drink_water/user2/2-1-2,IMU/6_Drink_water/user2/2-1-2,Radar/6_Drink_water/user2/2-1-2,0
6_Drink_water/user2/2-1-3,6_Drink_water,6,user2,2-1-3,Depth_Color/6_Drink_water/user2/2-1-3,IR/6_Drink_water/user2/2-1-3,Thermal/6_Drink_water/user2/2-1-3,Skeleton/6_Drink_water/user2/2-1-3,IMU/6_Drink_water/user2/2-1-3,Radar/6_Drink_water/user2/2-1-3,0
6_Drink_water/user2/2-2-1,6_Drink_water,6,user2,2-2-1,Depth_Color/6_Drink_water/user2/2-2-1,IR/6_Drink_water/user2/2-2-1,Thermal/6_Drink_water/user2/2-2-1,Skeleton/6_Drink_water/user2/2-2-1,IMU/6_Drink_water/user2/2-2-1,Radar/6_Drink_water/user2/2-2-1,0
6_Drink_water/user2/2-2-2,6_Drink_water,6,user2,2-2-2,Depth_Color/6_Drink_water/user2/2-2-2,IR/6_Drink_water/user2/2-2-2,Thermal/6_Drink_water/user2/2-2-2,Skeleton/6_Drink_water/user2/2-2-2,IMU/6_Drink_water/user2/2-2-2,Radar/6_Drink_water/user2/2-2-2,0
6_Drink_water/user2/2-2-3,6_Drink_water,6,user2,2-2-3,Depth_Color/6_Drink_water/user2/2-2-3,IR/6_Drink_water/user2/2-2-3,Thermal/6_Drink_water/user2/2-2-3,Skeleton/6_Drink_water/user2/2-2-3,IMU/6_Drink_water/user2/2-2-3,Radar/6_Drink_water/user2/2-2-3,0
6_Drink_water/user2/4-2-1,6_Drink_water,6,user2,4-2-1,Depth_Color/6_Drink_water/user2/4-2-1,IR/6_Drink_water/user2/4-2-1,Thermal/6_Drink_water/user2/4-2-1,Skeleton/6_Drink_water/user2/4-2-1,IMU/6_Drink_water/user2/4-2-1,Radar/6_Drink_water/user2/4-2-1,0
6_Drink_water/user2/4-2-2,6_Drink_water,6,user2,4-2-2,Depth_Color/6_Drink_water/user2/4-2-2,IR/6_Drink_water/user2/4-2-2,Thermal/6_Drink_water/user2/4-2-2,Skeleton/6_Drink_water/user2/4-2-2,IMU/6_Drink_water/user2/4-2-2,Radar/6_Drink_water/user2/4-2-2,0
6_Drink_water/user2/4-2-3,6_Drink_water,6,user2,4-2-3,Depth_Color/6_Drink_water/user2/4-2-3,IR/6_Drink_water/user2/4-2-3,Thermal/6_Drink_water/user2/4-2-3,Skeleton/6_Drink_water/user2/4-2-3,IMU/6_Drink_water/user2/4-2-3,Radar/6_Drink_water/user2/4-2-3,0
6_Drink_water/user20/2-1-1,6_Drink_water,6,user20,2-1-1,Depth_Color/6_Drink_water/user20/2-1-1,IR/6_Drink_water/user20/2-1-1,Thermal/6_Drink_water/user20/2-1-1,Skeleton/6_Drink_water/user20/2-1-1,IMU/6_Drink_water/user20/2-1-1,Radar/6_Drink_water/user20/2-1-1,0
6_Drink_water/user20/2-1-2,6_Drink_water,6,user20,2-1-2,Depth_Color/6_Drink_water/user20/2-1-2,IR/6_Drink_water/user20/2-1-2,Thermal/6_Drink_water/user20/2-1-2,Skeleton/6_Drink_water/user20/2-1-2,IMU/6_Drink_water/user20/2-1-2,Radar/6_Drink_water/user20/2-1-2,0
6_Drink_water/user20/2-1-3,6_Drink_water,6,user20,2-1-3,Depth_Color/6_Drink_water/user20/2-1-3,IR/6_Drink_water/user20/2-1-3,Thermal/6_Drink_water/user20/2-1-3,Skeleton/6_Drink_water/user20/2-1-3,IMU/6_Drink_water/user20/2-1-3,Radar/6_Drink_water/user20/2-1-3,0
6_Drink_water/user20/4-1-1,6_Drink_water,6,user20,4-1-1,Depth_Color/6_Drink_water/user20/4-1-1,IR/6_Drink_water/user20/4-1-1,Thermal/6_Drink_water/user20/4-1-1,Skeleton/6_Drink_water/user20/4-1-1,IMU/6_Drink_water/user20/4-1-1,Radar/6_Drink_water/user20/4-1-1,0
6_Drink_water/user20/4-1-2,6_Drink_water,6,user20,4-1-2,Depth_Color/6_Drink_water/user20/4-1-2,IR/6_Drink_water/user20/4-1-2,Thermal/6_Drink_water/user20/4-1-2,Skeleton/6_Drink_water/user20/4-1-2,IMU/6_Drink_water/user20/4-1-2,Radar/6_Drink_water/user20/4-1-2,0
6_Drink_water/user20/4-1-3,6_Drink_water,6,user20,4-1-3,Depth_Color/6_Drink_water/user20/4-1-3,IR/6_Drink_water/user20/4-1-3,Thermal/6_Drink_water/user20/4-1-3,Skeleton/6_Drink_water/user20/4-1-3,IMU/6_Drink_water/user20/4-1-3,Radar/6_Drink_water/user20/4-1-3,0
6_Drink_water/user21/6-2-1,6_Drink_water,6,user21,6-2-1,Depth_Color/6_Drink_water/user21/6-2-1,IR/6_Drink_water/user21/6-2-1,Thermal/6_Drink_water/user21/6-2-1,Skeleton/6_Drink_water/user21/6-2-1,IMU/6_Drink_water/user21/6-2-1,Radar/6_Drink_water/user21/6-2-1,0
6_Drink_water/user21/6-2-2,6_Drink_water,6,user21,6-2-2,Depth_Color/6_Drink_water/user21/6-2-2,IR/6_Drink_water/user21/6-2-2,Thermal/6_Drink_water/user21/6-2-2,Skeleton/6_Drink_water/user21/6-2-2,IMU/6_Drink_water/user21/6-2-2,Radar/6_Drink_water/user21/6-2-2,0
6_Drink_water/user21/6-2-3,6_Drink_water,6,user21,6-2-3,Depth_Color/6_Drink_water/user21/6-2-3,IR/6_Drink_water/user21/6-2-3,Thermal/6_Drink_water/user21/6-2-3,Skeleton/6_Drink_water/user21/6-2-3,IMU/6_Drink_water/user21/6-2-3,Radar/6_Drink_water/user21/6-2-3,0
6_Drink_water/user21/7-1-1,6_Drink_water,6,user21,7-1-1,Depth_Color/6_Drink_water/user21/7-1-1,IR/6_Drink_water/user21/7-1-1,Thermal/6_Drink_water/user21/7-1-1,Skeleton/6_Drink_water/user21/7-1-1,IMU/6_Drink_water/user21/7-1-1,Radar/6_Drink_water/user21/7-1-1,0
6_Drink_water/user21/7-1-2,6_Drink_water,6,user21,7-1-2,Depth_Color/6_Drink_water/user21/7-1-2,IR/6_Drink_water/user21/7-1-2,Thermal/6_Drink_water/user21/7-1-2,Skeleton/6_Drink_water/user21/7-1-2,IMU/6_Drink_water/user21/7-1-2,Radar/6_Drink_water/user21/7-1-2,0
6_Drink_water/user21/7-1-3,6_Drink_water,6,user21,7-1-3,Depth_Color/6_Drink_water/user21/7-1-3,IR/6_Drink_water/user21/7-1-3,Thermal/6_Drink_water/user21/7-1-3,Skeleton/6_Drink_water/user21/7-1-3,IMU/6_Drink_water/user21/7-1-3,Radar/6_Drink_water/user21/7-1-3,0
6_Drink_water/user22/2-1-1,6_Drink_water,6,user22,2-1-1,Depth_Color/6_Drink_water/user22/2-1-1,IR/6_Drink_water/user22/2-1-1,Thermal/6_Drink_water/user22/2-1-1,Skeleton/6_Drink_water/user22/2-1-1,IMU/6_Drink_water/user22/2-1-1,Radar/6_Drink_water/user22/2-1-1,1
6_Drink_water/user22/2-1-2,6_Drink_water,6,user22,2-1-2,Depth_Color/6_Drink_water/user22/2-1-2,IR/6_Drink_water/user22/2-1-2,Thermal/6_Drink_water/user22/2-1-2,Skeleton/6_Drink_water/user22/2-1-2,IMU/6_Drink_water/user22/2-1-2,Radar/6_Drink_water/user22/2-1-2,1
6_Drink_water/user22/2-1-3,6_Drink_water,6,user22,2-1-3,Depth_Color/6_Drink_water/user22/2-1-3,IR/6_Drink_water/user22/2-1-3,Thermal/6_Drink_water/user22/2-1-3,Skeleton/6_Drink_water/user22/2-1-3,IMU/6_Drink_water/user22/2-1-3,Radar/6_Drink_water/user22/2-1-3,1
6_Drink_water/user22/4-3-1,6_Drink_water,6,user22,4-3-1,Depth_Color/6_Drink_water/user22/4-3-1,IR/6_Drink_water/user22/4-3-1,Thermal/6_Drink_water/user22/4-3-1,Skeleton/6_Drink_water/user22/4-3-1,IMU/6_Drink_water/user22/4-3-1,Radar/6_Drink_water/user22/4-3-1,1
6_Drink_water/user22/4-3-2,6_Drink_water,6,user22,4-3-2,Depth_Color/6_Drink_water/user22/4-3-2,IR/6_Drink_water/user22/4-3-2,Thermal/6_Drink_water/user22/4-3-2,Skeleton/6_Drink_water/user22/4-3-2,,Radar/6_Drink_water/user22/4-3-2,1
6_Drink_water/user22/4-3-3,6_Drink_water,6,user22,4-3-3,Depth_Color/6_Drink_water/user22/4-3-3,IR/6_Drink_water/user22/4-3-3,Thermal/6_Drink_water/user22/4-3-3,Skeleton/6_Drink_water/user22/4-3-3,IMU/6_Drink_water/user22/4-3-3,Radar/6_Drink_water/user22/4-3-3,1
6_Drink_water/user22/6-2-1,6_Drink_water,6,user22,6-2-1,Depth_Color/6_Drink_water/user22/6-2-1,IR/6_Drink_water/user22/6-2-1,Thermal/6_Drink_water/user22/6-2-1,Skeleton/6_Drink_water/user22/6-2-1,IMU/6_Drink_water/user22/6-2-1,Radar/6_Drink_water/user22/6-2-1,1
6_Drink_water/user22/6-2-2,6_Drink_water,6,user22,6-2-2,Depth_Color/6_Drink_water/user22/6-2-2,IR/6_Drink_water/user22/6-2-2,Thermal/6_Drink_water/user22/6-2-2,Skeleton/6_Drink_water/user22/6-2-2,IMU/6_Drink_water/user22/6-2-2,Radar/6_Drink_water/user22/6-2-2,1
6_Drink_water/user22/6-2-3,6_Drink_water,6,user22,6-2-3,Depth_Color/6_Drink_water/user22/6-2-3,IR/6_Drink_water/user22/6-2-3,Thermal/6_Drink_water/user22/6-2-3,Skeleton/6_Drink_water/user22/6-2-3,IMU/6_Drink_water/user22/6-2-3,Radar/6_Drink_water/user22/6-2-3,1
6_Drink_water/user23/5-3-1,6_Drink_water,6,user23,5-3-1,,,Thermal/6_Drink_water/user23/5-3-1,,,,0
6_Drink_water/user23/5-3-2,6_Drink_water,6,user23,5-3-2,,,Thermal/6_Drink_water/user23/5-3-2,,,,0
6_Drink_water/user23/5-3-3,6_Drink_water,6,user23,5-3-3,Depth_Color/6_Drink_water/user23/5-3-3,IR/6_Drink_water/user23/5-3-3,Thermal/6_Drink_water/user23/5-3-3,Skeleton/6_Drink_water/user23/5-3-3,IMU/6_Drink_water/user23/5-3-3,Radar/6_Drink_water/user23/5-3-3,0
6_Drink_water/user24/2-1-1,6_Drink_water,6,user24,2-1-1,Depth_Color/6_Drink_water/user24/2-1-1,IR/6_Drink_water/user24/2-1-1,Thermal/6_Drink_water/user24/2-1-1,Skeleton/6_Drink_water/user24/2-1-1,IMU/6_Drink_water/user24/2-1-1,Radar/6_Drink_water/user24/2-1-1,2
6_Drink_water/user24/2-1-2,6_Drink_water,6,user24,2-1-2,Depth_Color/6_Drink_water/user24/2-1-2,IR/6_Drink_water/user24/2-1-2,Thermal/6_Drink_water/user24/2-1-2,Skeleton/6_Drink_water/user24/2-1-2,IMU/6_Drink_water/user24/2-1-2,Radar/6_Drink_water/user24/2-1-2,2
6_Drink_water/user24/2-1-3,6_Drink_water,6,user24,2-1-3,Depth_Color/6_Drink_water/user24/2-1-3,IR/6_Drink_water/user24/2-1-3,Thermal/6_Drink_water/user24/2-1-3,Skeleton/6_Drink_water/user24/2-1-3,IMU/6_Drink_water/user24/2-1-3,Radar/6_Drink_water/user24/2-1-3,2
6_Drink_water/user24/4-2-1,6_Drink_water,6,user24,4-2-1,Depth_Color/6_Drink_water/user24/4-2-1,IR/6_Drink_water/user24/4-2-1,Thermal/6_Drink_water/user24/4-2-1,Skeleton/6_Drink_water/user24/4-2-1,IMU/6_Drink_water/user24/4-2-1,Radar/6_Drink_water/user24/4-2-1,2
6_Drink_water/user24/4-2-2,6_Drink_water,6,user24,4-2-2,Depth_Color/6_Drink_water/user24/4-2-2,IR/6_Drink_water/user24/4-2-2,Thermal/6_Drink_water/user24/4-2-2,Skeleton/6_Drink_water/user24/4-2-2,IMU/6_Drink_water/user24/4-2-2,Radar/6_Drink_water/user24/4-2-2,2
6_Drink_water/user24/4-2-3,6_Drink_water,6,user24,4-2-3,Depth_Color/6_Drink_water/user24/4-2-3,IR/6_Drink_water/user24/4-2-3,Thermal/6_Drink_water/user24/4-2-3,Skeleton/6_Drink_water/user24/4-2-3,IMU/6_Drink_water/user24/4-2-3,Radar/6_Drink_water/user24/4-2-3,2
6_Drink_water/user3/1-2-1,6_Drink_water,6,user3,1-2-1,Depth_Color/6_Drink_water/user3/1-2-1,IR/6_Drink_water/user3/1-2-1,Thermal/6_Drink_water/user3/1-2-1,Skeleton/6_Drink_water/user3/1-2-1,IMU/6_Drink_water/user3/1-2-1,Radar/6_Drink_water/user3/1-2-1,2
6_Drink_water/user3/1-2-2,6_Drink_water,6,user3,1-2-2,Depth_Color/6_Drink_water/user3/1-2-2,IR/6_Drink_water/user3/1-2-2,Thermal/6_Drink_water/user3/1-2-2,Skeleton/6_Drink_water/user3/1-2-2,IMU/6_Drink_water/user3/1-2-2,Radar/6_Drink_water/user3/1-2-2,2
6_Drink_water/user3/1-2-3,6_Drink_water,6,user3,1-2-3,Depth_Color/6_Drink_water/user3/1-2-3,IR/6_Drink_water/user3/1-2-3,Thermal/6_Drink_water/user3/1-2-3,Skeleton/6_Drink_water/user3/1-2-3,IMU/6_Drink_water/user3/1-2-3,Radar/6_Drink_water/user3/1-2-3,2
6_Drink_water/user3/4-1-1,6_Drink_water,6,user3,4-1-1,Depth_Color/6_Drink_water/user3/4-1-1,IR/6_Drink_water/user3/4-1-1,Thermal/6_Drink_water/user3/4-1-1,Skeleton/6_Drink_water/user3/4-1-1,IMU/6_Drink_water/user3/4-1-1,Radar/6_Drink_water/user3/4-1-1,2
6_Drink_water/user3/4-1-2,6_Drink_water,6,user3,4-1-2,Depth_Color/6_Drink_water/user3/4-1-2,IR/6_Drink_water/user3/4-1-2,Thermal/6_Drink_water/user3/4-1-2,Skeleton/6_Drink_water/user3/4-1-2,IMU/6_Drink_water/user3/4-1-2,Radar/6_Drink_water/user3/4-1-2,2
6_Drink_water/user3/4-1-3,6_Drink_water,6,user3,4-1-3,Depth_Color/6_Drink_water/user3/4-1-3,IR/6_Drink_water/user3/4-1-3,Thermal/6_Drink_water/user3/4-1-3,Skeleton/6_Drink_water/user3/4-1-3,IMU/6_Drink_water/user3/4-1-3,Radar/6_Drink_water/user3/4-1-3,2
6_Drink_water/user3/5-1-1,6_Drink_water,6,user3,5-1-1,Depth_Color/6_Drink_water/user3/5-1-1,IR/6_Drink_water/user3/5-1-1,Thermal/6_Drink_water/user3/5-1-1,Skeleton/6_Drink_water/user3/5-1-1,IMU/6_Drink_water/user3/5-1-1,Radar/6_Drink_water/user3/5-1-1,2
6_Drink_water/user3/5-1-2,6_Drink_water,6,user3,5-1-2,Depth_Color/6_Drink_water/user3/5-1-2,IR/6_Drink_water/user3/5-1-2,Thermal/6_Drink_water/user3/5-1-2,Skeleton/6_Drink_water/user3/5-1-2,IMU/6_Drink_water/user3/5-1-2,Radar/6_Drink_water/user3/5-1-2,2
6_Drink_water/user3/5-1-3,6_Drink_water,6,user3,5-1-3,Depth_Color/6_Drink_water/user3/5-1-3,IR/6_Drink_water/user3/5-1-3,Thermal/6_Drink_water/user3/5-1-3,Skeleton/6_Drink_water/user3/5-1-3,IMU/6_Drink_water/user3/5-1-3,Radar/6_Drink_water/user3/5-1-3,2
6_Drink_water/user4/2-1-1,6_Drink_water,6,user4,2-1-1,Depth_Color/6_Drink_water/user4/2-1-1,IR/6_Drink_water/user4/2-1-1,Thermal/6_Drink_water/user4/2-1-1,Skeleton/6_Drink_water/user4/2-1-1,IMU/6_Drink_water/user4/2-1-1,Radar/6_Drink_water/user4/2-1-1,1
6_Drink_water/user4/2-1-2,6_Drink_water,6,user4,2-1-2,Depth_Color/6_Drink_water/user4/2-1-2,IR/6_Drink_water/user4/2-1-2,Thermal/6_Drink_water/user4/2-1-2,Skeleton/6_Drink_water/user4/2-1-2,IMU/6_Drink_water/user4/2-1-2,Radar/6_Drink_water/user4/2-1-2,1
6_Drink_water/user4/2-1-3,6_Drink_water,6,user4,2-1-3,Depth_Color/6_Drink_water/user4/2-1-3,IR/6_Drink_water/user4/2-1-3,Thermal/6_Drink_water/user4/2-1-3,Skeleton/6_Drink_water/user4/2-1-3,IMU/6_Drink_water/user4/2-1-3,Radar/6_Drink_water/user4/2-1-3,1
6_Drink_water/user4/4-2-1,6_Drink_water,6,user4,4-2-1,Depth_Color/6_Drink_water/user4/4-2-1,IR/6_Drink_water/user4/4-2-1,Thermal/6_Drink_water/user4/4-2-1,Skeleton/6_Drink_water/user4/4-2-1,IMU/6_Drink_water/user4/4-2-1,Radar/6_Drink_water/user4/4-2-1,1
6_Drink_water/user4/4-2-2,6_Drink_water,6,user4,4-2-2,Depth_Color/6_Drink_water/user4/4-2-2,IR/6_Drink_water/user4/4-2-2,Thermal/6_Drink_water/user4/4-2-2,Skeleton/6_Drink_water/user4/4-2-2,IMU/6_Drink_water/user4/4-2-2,Radar/6_Drink_water/user4/4-2-2,1
6_Drink_water/user4/4-2-3,6_Drink_water,6,user4,4-2-3,Depth_Color/6_Drink_water/user4/4-2-3,IR/6_Drink_water/user4/4-2-3,Thermal/6_Drink_water/user4/4-2-3,Skeleton/6_Drink_water/user4/4-2-3,IMU/6_Drink_water/user4/4-2-3,Radar/6_Drink_water/user4/4-2-3,1
6_Drink_water/user5/1-2-1,6_Drink_water,6,user5,1-2-1,Depth_Color/6_Drink_water/user5/1-2-1,IR/6_Drink_water/user5/1-2-1,Thermal/6_Drink_water/user5/1-2-1,Skeleton/6_Drink_water/user5/1-2-1,IMU/6_Drink_water/user5/1-2-1,Radar/6_Drink_water/user5/1-2-1,2
6_Drink_water/user5/1-2-2,6_Drink_water,6,user5,1-2-2,Depth_Color/6_Drink_water/user5/1-2-2,IR/6_Drink_water/user5/1-2-2,Thermal/6_Drink_water/user5/1-2-2,Skeleton/6_Drink_water/user5/1-2-2,IMU/6_Drink_water/user5/1-2-2,Radar/6_Drink_water/user5/1-2-2,2
6_Drink_water/user5/1-2-3,6_Drink_water,6,user5,1-2-3,Depth_Color/6_Drink_water/user5/1-2-3,IR/6_Drink_water/user5/1-2-3,Thermal/6_Drink_water/user5/1-2-3,Skeleton/6_Drink_water/user5/1-2-3,IMU/6_Drink_water/user5/1-2-3,Radar/6_Drink_water/user5/1-2-3,2
6_Drink_water/user5/2-1-1,6_Drink_water,6,user5,2-1-1,Depth_Color/6_Drink_water/user5/2-1-1,IR/6_Drink_water/user5/2-1-1,Thermal/6_Drink_water/user5/2-1-1,Skeleton/6_Drink_water/user5/2-1-1,IMU/6_Drink_water/user5/2-1-1,Radar/6_Drink_water/user5/2-1-1,2
6_Drink_water/user5/2-1-2,6_Drink_water,6,user5,2-1-2,Depth_Color/6_Drink_water/user5/2-1-2,IR/6_Drink_water/user5/2-1-2,Thermal/6_Drink_water/user5/2-1-2,Skeleton/6_Drink_water/user5/2-1-2,IMU/6_Drink_water/user5/2-1-2,Radar/6_Drink_water/user5/2-1-2,2
6_Drink_water/user5/2-1-3,6_Drink_water,6,user5,2-1-3,Depth_Color/6_Drink_water/user5/2-1-3,IR/6_Drink_water/user5/2-1-3,Thermal/6_Drink_water/user5/2-1-3,Skeleton/6_Drink_water/user5/2-1-3,IMU/6_Drink_water/user5/2-1-3,Radar/6_Drink_water/user5/2-1-3,2
6_Drink_water/user5/3-2-1,6_Drink_water,6,user5,3-2-1,Depth_Color/6_Drink_water/user5/3-2-1,IR/6_Drink_water/user5/3-2-1,Thermal/6_Drink_water/user5/3-2-1,Skeleton/6_Drink_water/user5/3-2-1,IMU/6_Drink_water/user5/3-2-1,Radar/6_Drink_water/user5/3-2-1,2
6_Drink_water/user5/3-2-2,6_Drink_water,6,user5,3-2-2,Depth_Color/6_Drink_water/user5/3-2-2,IR/6_Drink_water/user5/3-2-2,Thermal/6_Drink_water/user5/3-2-2,Skeleton/6_Drink_water/user5/3-2-2,IMU/6_Drink_water/user5/3-2-2,Radar/6_Drink_water/user5/3-2-2,2
6_Drink_water/user5/3-2-3,6_Drink_water,6,user5,3-2-3,Depth_Color/6_Drink_water/user5/3-2-3,IR/6_Drink_water/user5/3-2-3,Thermal/6_Drink_water/user5/3-2-3,Skeleton/6_Drink_water/user5/3-2-3,IMU/6_Drink_water/user5/3-2-3,Radar/6_Drink_water/user5/3-2-3,2
6_Drink_water/user5/6-2-1,6_Drink_water,6,user5,6-2-1,Depth_Color/6_Drink_water/user5/6-2-1,IR/6_Drink_water/user5/6-2-1,Thermal/6_Drink_water/user5/6-2-1,Skeleton/6_Drink_water/user5/6-2-1,IMU/6_Drink_water/user5/6-2-1,Radar/6_Drink_water/user5/6-2-1,2
6_Drink_water/user5/6-2-2,6_Drink_water,6,user5,6-2-2,Depth_Color/6_Drink_water/user5/6-2-2,IR/6_Drink_water/user5/6-2-2,Thermal/6_Drink_water/user5/6-2-2,Skeleton/6_Drink_water/user5/6-2-2,IMU/6_Drink_water/user5/6-2-2,Radar/6_Drink_water/user5/6-2-2,2
6_Drink_water/user5/6-2-3,6_Drink_water,6,user5,6-2-3,Depth_Color/6_Drink_water/user5/6-2-3,IR/6_Drink_water/user5/6-2-3,Thermal/6_Drink_water/user5/6-2-3,Skeleton/6_Drink_water/user5/6-2-3,IMU/6_Drink_water/user5/6-2-3,Radar/6_Drink_water/user5/6-2-3,2
6_Drink_water/user5/7-2-1,6_Drink_water,6,user5,7-2-1,Depth_Color/6_Drink_water/user5/7-2-1,IR/6_Drink_water/user5/7-2-1,Thermal/6_Drink_water/user5/7-2-1,Skeleton/6_Drink_water/user5/7-2-1,,Radar/6_Drink_water/user5/7-2-1,2
6_Drink_water/user5/7-2-2,6_Drink_water,6,user5,7-2-2,Depth_Color/6_Drink_water/user5/7-2-2,IR/6_Drink_water/user5/7-2-2,Thermal/6_Drink_water/user5/7-2-2,Skeleton/6_Drink_water/user5/7-2-2,,Radar/6_Drink_water/user5/7-2-2,2
6_Drink_water/user5/7-2-3,6_Drink_water,6,user5,7-2-3,Depth_Color/6_Drink_water/user5/7-2-3,IR/6_Drink_water/user5/7-2-3,Thermal/6_Drink_water/user5/7-2-3,Skeleton/6_Drink_water/user5/7-2-3,,Radar/6_Drink_water/user5/7-2-3,2
6_Drink_water/user6/1-2-1,6_Drink_water,6,user6,1-2-1,Depth_Color/6_Drink_water/user6/1-2-1,IR/6_Drink_water/user6/1-2-1,Thermal/6_Drink_water/user6/1-2-1,Skeleton/6_Drink_water/user6/1-2-1,IMU/6_Drink_water/user6/1-2-1,Radar/6_Drink_water/user6/1-2-1,1
6_Drink_water/user6/1-2-2,6_Drink_water,6,user6,1-2-2,Depth_Color/6_Drink_water/user6/1-2-2,IR/6_Drink_water/user6/1-2-2,Thermal/6_Drink_water/user6/1-2-2,Skeleton/6_Drink_water/user6/1-2-2,IMU/6_Drink_water/user6/1-2-2,Radar/6_Drink_water/user6/1-2-2,1
6_Drink_water/user6/1-2-3,6_Drink_water,6,user6,1-2-3,Depth_Color/6_Drink_water/user6/1-2-3,IR/6_Drink_water/user6/1-2-3,Thermal/6_Drink_water/user6/1-2-3,Skeleton/6_Drink_water/user6/1-2-3,IMU/6_Drink_water/user6/1-2-3,Radar/6_Drink_water/user6/1-2-3,1
6_Drink_water/user6/3-2-1,6_Drink_water,6,user6,3-2-1,Depth_Color/6_Drink_water/user6/3-2-1,IR/6_Drink_water/user6/3-2-1,Thermal/6_Drink_water/user6/3-2-1,Skeleton/6_Drink_water/user6/3-2-1,IMU/6_Drink_water/user6/3-2-1,Radar/6_Drink_water/user6/3-2-1,1
6_Drink_water/user6/3-2-2,6_Drink_water,6,user6,3-2-2,Depth_Color/6_Drink_water/user6/3-2-2,IR/6_Drink_water/user6/3-2-2,Thermal/6_Drink_water/user6/3-2-2,Skeleton/6_Drink_water/user6/3-2-2,IMU/6_Drink_water/user6/3-2-2,Radar/6_Drink_water/user6/3-2-2,1
6_Drink_water/user6/3-2-3,6_Drink_water,6,user6,3-2-3,Depth_Color/6_Drink_water/user6/3-2-3,IR/6_Drink_water/user6/3-2-3,Thermal/6_Drink_water/user6/3-2-3,Skeleton/6_Drink_water/user6/3-2-3,IMU/6_Drink_water/user6/3-2-3,Radar/6_Drink_water/user6/3-2-3,1
6_Drink_water/user6/5-3-1,6_Drink_water,6,user6,5-3-1,Depth_Color/6_Drink_water/user6/5-3-1,IR/6_Drink_water/user6/5-3-1,Thermal/6_Drink_water/user6/5-3-1,Skeleton/6_Drink_water/user6/5-3-1,IMU/6_Drink_water/user6/5-3-1,Radar/6_Drink_water/user6/5-3-1,1
6_Drink_water/user6/5-3-2,6_Drink_water,6,user6,5-3-2,Depth_Color/6_Drink_water/user6/5-3-2,IR/6_Drink_water/user6/5-3-2,Thermal/6_Drink_water/user6/5-3-2,Skeleton/6_Drink_water/user6/5-3-2,IMU/6_Drink_water/user6/5-3-2,Radar/6_Drink_water/user6/5-3-2,1
6_Drink_water/user6/5-3-3,6_Drink_water,6,user6,5-3-3,Depth_Color/6_Drink_water/user6/5-3-3,IR/6_Drink_water/user6/5-3-3,Thermal/6_Drink_water/user6/5-3-3,Skeleton/6_Drink_water/user6/5-3-3,IMU/6_Drink_water/user6/5-3-3,Radar/6_Drink_water/user6/5-3-3,1
6_Drink_water/user6/6-2-1,6_Drink_water,6,user6,6-2-1,Depth_Color/6_Drink_water/user6/6-2-1,IR/6_Drink_water/user6/6-2-1,Thermal/6_Drink_water/user6/6-2-1,Skeleton/6_Drink_water/user6/6-2-1,IMU/6_Drink_water/user6/6-2-1,Radar/6_Drink_water/user6/6-2-1,1
6_Drink_water/user6/6-2-2,6_Drink_water,6,user6,6-2-2,Depth_Color/6_Drink_water/user6/6-2-2,IR/6_Drink_water/user6/6-2-2,Thermal/6_Drink_water/user6/6-2-2,Skeleton/6_Drink_water/user6/6-2-2,IMU/6_Drink_water/user6/6-2-2,Radar/6_Drink_water/user6/6-2-2,1
6_Drink_water/user6/6-2-3,6_Drink_water,6,user6,6-2-3,Depth_Color/6_Drink_water/user6/6-2-3,IR/6_Drink_water/user6/6-2-3,Thermal/6_Drink_water/user6/6-2-3,Skeleton/6_Drink_water/user6/6-2-3,IMU/6_Drink_water/user6/6-2-3,Radar/6_Drink_water/user6/6-2-3,1
6_Drink_water/user7/5-2-1,6_Drink_water,6,user7,5-2-1,Depth_Color/6_Drink_water/user7/5-2-1,IR/6_Drink_water/user7/5-2-1,Thermal/6_Drink_water/user7/5-2-1,Skeleton/6_Drink_water/user7/5-2-1,IMU/6_Drink_water/user7/5-2-1,Radar/6_Drink_water/user7/5-2-1,0
6_Drink_water/user7/5-2-2,6_Drink_water,6,user7,5-2-2,Depth_Color/6_Drink_water/user7/5-2-2,IR/6_Drink_water/user7/5-2-2,Thermal/6_Drink_water/user7/5-2-2,Skeleton/6_Drink_water/user7/5-2-2,IMU/6_Drink_water/user7/5-2-2,Radar/6_Drink_water/user7/5-2-2,0
6_Drink_water/user7/5-2-3,6_Drink_water,6,user7,5-2-3,Depth_Color/6_Drink_water/user7/5-2-3,IR/6_Drink_water/user7/5-2-3,Thermal/6_Drink_water/user7/5-2-3,Skeleton/6_Drink_water/user7/5-2-3,IMU/6_Drink_water/user7/5-2-3,Radar/6_Drink_water/user7/5-2-3,0
6_Drink_water/user8/6-2-1,6_Drink_water,6,user8,6-2-1,Depth_Color/6_Drink_water/user8/6-2-1,IR/6_Drink_water/user8/6-2-1,Thermal/6_Drink_water/user8/6-2-1,Skeleton/6_Drink_water/user8/6-2-1,IMU/6_Drink_water/user8/6-2-1,Radar/6_Drink_water/user8/6-2-1,2
6_Drink_water/user8/6-2-2,6_Drink_water,6,user8,6-2-2,Depth_Color/6_Drink_water/user8/6-2-2,IR/6_Drink_water/user8/6-2-2,Thermal/6_Drink_water/user8/6-2-2,Skeleton/6_Drink_water/user8/6-2-2,IMU/6_Drink_water/user8/6-2-2,Radar/6_Drink_water/user8/6-2-2,2
6_Drink_water/user8/6-2-3,6_Drink_water,6,user8,6-2-3,Depth_Color/6_Drink_water/user8/6-2-3,IR/6_Drink_water/user8/6-2-3,Thermal/6_Drink_water/user8/6-2-3,Skeleton/6_Drink_water/user8/6-2-3,IMU/6_Drink_water/user8/6-2-3,Radar/6_Drink_water/user8/6-2-3,2
6_Drink_water/user9/3-2-1,6_Drink_water,6,user9,3-2-1,Depth_Color/6_Drink_water/user9/3-2-1,IR/6_Drink_water/user9/3-2-1,Thermal/6_Drink_water/user9/3-2-1,Skeleton/6_Drink_water/user9/3-2-1,IMU/6_Drink_water/user9/3-2-1,Radar/6_Drink_water/user9/3-2-1,1
6_Drink_water/user9/3-2-2,6_Drink_water,6,user9,3-2-2,Depth_Color/6_Drink_water/user9/3-2-2,IR/6_Drink_water/user9/3-2-2,Thermal/6_Drink_water/user9/3-2-2,Skeleton/6_Drink_water/user9/3-2-2,IMU/6_Drink_water/user9/3-2-2,Radar/6_Drink_water/user9/3-2-2,1
6_Drink_water/user9/3-2-3,6_Drink_water,6,user9,3-2-3,Depth_Color/6_Drink_water/user9/3-2-3,IR/6_Drink_water/user9/3-2-3,Thermal/6_Drink_water/user9/3-2-3,Skeleton/6_Drink_water/user9/3-2-3,IMU/6_Drink_water/user9/3-2-3,Radar/6_Drink_water/user9/3-2-3,1
6_Drink_water/user9/7-2-1,6_Drink_water,6,user9,7-2-1,Depth_Color/6_Drink_water/user9/7-2-1,IR/6_Drink_water/user9/7-2-1,Thermal/6_Drink_water/user9/7-2-1,Skeleton/6_Drink_water/user9/7-2-1,IMU/6_Drink_water/user9/7-2-1,Radar/6_Drink_water/user9/7-2-1,1
6_Drink_water/user9/7-2-2,6_Drink_water,6,user9,7-2-2,Depth_Color/6_Drink_water/user9/7-2-2,IR/6_Drink_water/user9/7-2-2,Thermal/6_Drink_water/user9/7-2-2,Skeleton/6_Drink_water/user9/7-2-2,IMU/6_Drink_water/user9/7-2-2,Radar/6_Drink_water/user9/7-2-2,1
6_Drink_water/user9/7-2-3,6_Drink_water,6,user9,7-2-3,Depth_Color/6_Drink_water/user9/7-2-3,IR/6_Drink_water/user9/7-2-3,Thermal/6_Drink_water/user9/7-2-3,Skeleton/6_Drink_water/user9/7-2-3,IMU/6_Drink_water/user9/7-2-3,Radar/6_Drink_water/user9/7-2-3,1
7_Eat_food/user1/1-2-1,7_Eat_food,7,user1,1-2-1,Depth_Color/7_Eat_food/user1/1-2-1,IR/7_Eat_food/user1/1-2-1,Thermal/7_Eat_food/user1/1-2-1,Skeleton/7_Eat_food/user1/1-2-1,IMU/7_Eat_food/user1/1-2-1,Radar/7_Eat_food/user1/1-2-1,1
7_Eat_food/user1/1-2-2,7_Eat_food,7,user1,1-2-2,Depth_Color/7_Eat_food/user1/1-2-2,IR/7_Eat_food/user1/1-2-2,Thermal/7_Eat_food/user1/1-2-2,Skeleton/7_Eat_food/user1/1-2-2,IMU/7_Eat_food/user1/1-2-2,Radar/7_Eat_food/user1/1-2-2,1
7_Eat_food/user1/3-1-1,7_Eat_food,7,user1,3-1-1,Depth_Color/7_Eat_food/user1/3-1-1,IR/7_Eat_food/user1/3-1-1,Thermal/7_Eat_food/user1/3-1-1,Skeleton/7_Eat_food/user1/3-1-1,IMU/7_Eat_food/user1/3-1-1,Radar/7_Eat_food/user1/3-1-1,1
7_Eat_food/user1/3-1-2,7_Eat_food,7,user1,3-1-2,Depth_Color/7_Eat_food/user1/3-1-2,IR/7_Eat_food/user1/3-1-2,Thermal/7_Eat_food/user1/3-1-2,Skeleton/7_Eat_food/user1/3-1-2,IMU/7_Eat_food/user1/3-1-2,Radar/7_Eat_food/user1/3-1-2,1
7_Eat_food/user1/3-1-3,7_Eat_food,7,user1,3-1-3,Depth_Color/7_Eat_food/user1/3-1-3,IR/7_Eat_food/user1/3-1-3,Thermal/7_Eat_food/user1/3-1-3,Skeleton/7_Eat_food/user1/3-1-3,IMU/7_Eat_food/user1/3-1-3,Radar/7_Eat_food/user1/3-1-3,1
7_Eat_food/user1/4-1-1,7_Eat_food,7,user1,4-1-1,Depth_Color/7_Eat_food/user1/4-1-1,IR/7_Eat_food/user1/4-1-1,Thermal/7_Eat_food/user1/4-1-1,Skeleton/7_Eat_food/user1/4-1-1,IMU/7_Eat_food/user1/4-1-1,Radar/7_Eat_food/user1/4-1-1,1
7_Eat_food/user1/4-1-2,7_Eat_food,7,user1,4-1-2,Depth_Color/7_Eat_food/user1/4-1-2,IR/7_Eat_food/user1/4-1-2,Thermal/7_Eat_food/user1/4-1-2,Skeleton/7_Eat_food/user1/4-1-2,IMU/7_Eat_food/user1/4-1-2,Radar/7_Eat_food/user1/4-1-2,1
7_Eat_food/user1/4-1-3,7_Eat_food,7,user1,4-1-3,Depth_Color/7_Eat_food/user1/4-1-3,IR/7_Eat_food/user1/4-1-3,Thermal/7_Eat_food/user1/4-1-3,Skeleton/7_Eat_food/user1/4-1-3,IMU/7_Eat_food/user1/4-1-3,Radar/7_Eat_food/user1/4-1-3,1
7_Eat_food/user1/6-1-1,7_Eat_food,7,user1,6-1-1,Depth_Color/7_Eat_food/user1/6-1-1,IR/7_Eat_food/user1/6-1-1,Thermal/7_Eat_food/user1/6-1-1,Skeleton/7_Eat_food/user1/6-1-1,IMU/7_Eat_food/user1/6-1-1,Radar/7_Eat_food/user1/6-1-1,1
7_Eat_food/user1/6-1-2,7_Eat_food,7,user1,6-1-2,Depth_Color/7_Eat_food/user1/6-1-2,IR/7_Eat_food/user1/6-1-2,Thermal/7_Eat_food/user1/6-1-2,Skeleton/7_Eat_food/user1/6-1-2,IMU/7_Eat_food/user1/6-1-2,Radar/7_Eat_food/user1/6-1-2,1
7_Eat_food/user1/6-1-3,7_Eat_food,7,user1,6-1-3,Depth_Color/7_Eat_food/user1/6-1-3,IR/7_Eat_food/user1/6-1-3,Thermal/7_Eat_food/user1/6-1-3,Skeleton/7_Eat_food/user1/6-1-3,IMU/7_Eat_food/user1/6-1-3,Radar/7_Eat_food/user1/6-1-3,1
7_Eat_food/user16/1-2-1,7_Eat_food,7,user16,1-2-1,Depth_Color/7_Eat_food/user16/1-2-1,IR/7_Eat_food/user16/1-2-1,Thermal/7_Eat_food/user16/1-2-1,Skeleton/7_Eat_food/user16/1-2-1,IMU/7_Eat_food/user16/1-2-1,Radar/7_Eat_food/user16/1-2-1,0
7_Eat_food/user16/1-2-2,7_Eat_food,7,user16,1-2-2,Depth_Color/7_Eat_food/user16/1-2-2,IR/7_Eat_food/user16/1-2-2,Thermal/7_Eat_food/user16/1-2-2,Skeleton/7_Eat_food/user16/1-2-2,IMU/7_Eat_food/user16/1-2-2,Radar/7_Eat_food/user16/1-2-2,0
7_Eat_food/user16/1-2-3,7_Eat_food,7,user16,1-2-3,Depth_Color/7_Eat_food/user16/1-2-3,IR/7_Eat_food/user16/1-2-3,Thermal/7_Eat_food/user16/1-2-3,Skeleton/7_Eat_food/user16/1-2-3,IMU/7_Eat_food/user16/1-2-3,Radar/7_Eat_food/user16/1-2-3,0
7_Eat_food/user16/5-2-1,7_Eat_food,7,user16,5-2-1,Depth_Color/7_Eat_food/user16/5-2-1,IR/7_Eat_food/user16/5-2-1,Thermal/7_Eat_food/user16/5-2-1,Skeleton/7_Eat_food/user16/5-2-1,IMU/7_Eat_food/user16/5-2-1,Radar/7_Eat_food/user16/5-2-1,0
7_Eat_food/user16/5-2-2,7_Eat_food,7,user16,5-2-2,Depth_Color/7_Eat_food/user16/5-2-2,IR/7_Eat_food/user16/5-2-2,Thermal/7_Eat_food/user16/5-2-2,Skeleton/7_Eat_food/user16/5-2-2,IMU/7_Eat_food/user16/5-2-2,Radar/7_Eat_food/user16/5-2-2,0
7_Eat_food/user16/5-2-3,7_Eat_food,7,user16,5-2-3,Depth_Color/7_Eat_food/user16/5-2-3,IR/7_Eat_food/user16/5-2-3,Thermal/7_Eat_food/user16/5-2-3,Skeleton/7_Eat_food/user16/5-2-3,IMU/7_Eat_food/user16/5-2-3,Radar/7_Eat_food/user16/5-2-3,0
7_Eat_food/user16/6-2-1,7_Eat_food,7,user16,6-2-1,Depth_Color/7_Eat_food/user16/6-2-1,IR/7_Eat_food/user16/6-2-1,Thermal/7_Eat_food/user16/6-2-1,Skeleton/7_Eat_food/user16/6-2-1,IMU/7_Eat_food/user16/6-2-1,Radar/7_Eat_food/user16/6-2-1,0
7_Eat_food/user16/6-2-2,7_Eat_food,7,user16,6-2-2,Depth_Color/7_Eat_food/user16/6-2-2,IR/7_Eat_food/user16/6-2-2,Thermal/7_Eat_food/user16/6-2-2,Skeleton/7_Eat_food/user16/6-2-2,IMU/7_Eat_food/user16/6-2-2,Radar/7_Eat_food/user16/6-2-2,0
7_Eat_food/user16/6-2-3,7_Eat_food,7,user16,6-2-3,Depth_Color/7_Eat_food/user16/6-2-3,IR/7_Eat_food/user16/6-2-3,Thermal/7_Eat_food/user16/6-2-3,Skeleton/7_Eat_food/user16/6-2-3,IMU/7_Eat_food/user16/6-2-3,Radar/7_Eat_food/user16/6-2-3,0
7_Eat_food/user16/7-2-1,7_Eat_food,7,user16,7-2-1,Depth_Color/7_Eat_food/user16/7-2-1,IR/7_Eat_food/user16/7-2-1,Thermal/7_Eat_food/user16/7-2-1,Skeleton/7_Eat_food/user16/7-2-1,IMU/7_Eat_food/user16/7-2-1,Radar/7_Eat_food/user16/7-2-1,0
7_Eat_food/user16/7-2-2,7_Eat_food,7,user16,7-2-2,Depth_Color/7_Eat_food/user16/7-2-2,IR/7_Eat_food/user16/7-2-2,Thermal/7_Eat_food/user16/7-2-2,Skeleton/7_Eat_food/user16/7-2-2,IMU/7_Eat_food/user16/7-2-2,Radar/7_Eat_food/user16/7-2-2,0
7_Eat_food/user16/7-2-3,7_Eat_food,7,user16,7-2-3,Depth_Color/7_Eat_food/user16/7-2-3,IR/7_Eat_food/user16/7-2-3,Thermal/7_Eat_food/user16/7-2-3,Skeleton/7_Eat_food/user16/7-2-3,IMU/7_Eat_food/user16/7-2-3,Radar/7_Eat_food/user16/7-2-3,0
7_Eat_food/user17/1-2-1,7_Eat_food,7,user17,1-2-1,Depth_Color/7_Eat_food/user17/1-2-1,IR/7_Eat_food/user17/1-2-1,Thermal/7_Eat_food/user17/1-2-1,Skeleton/7_Eat_food/user17/1-2-1,IMU/7_Eat_food/user17/1-2-1,Radar/7_Eat_food/user17/1-2-1,2
7_Eat_food/user17/1-2-2,7_Eat_food,7,user17,1-2-2,Depth_Color/7_Eat_food/user17/1-2-2,IR/7_Eat_food/user17/1-2-2,Thermal/7_Eat_food/user17/1-2-2,Skeleton/7_Eat_food/user17/1-2-2,IMU/7_Eat_food/user17/1-2-2,Radar/7_Eat_food/user17/1-2-2,2
7_Eat_food/user17/1-2-3,7_Eat_food,7,user17,1-2-3,Depth_Color/7_Eat_food/user17/1-2-3,IR/7_Eat_food/user17/1-2-3,Thermal/7_Eat_food/user17/1-2-3,Skeleton/7_Eat_food/user17/1-2-3,IMU/7_Eat_food/user17/1-2-3,Radar/7_Eat_food/user17/1-2-3,2
7_Eat_food/user17/2-2-1,7_Eat_food,7,user17,2-2-1,Depth_Color/7_Eat_food/user17/2-2-1,IR/7_Eat_food/user17/2-2-1,Thermal/7_Eat_food/user17/2-2-1,Skeleton/7_Eat_food/user17/2-2-1,IMU/7_Eat_food/user17/2-2-1,Radar/7_Eat_food/user17/2-2-1,2
7_Eat_food/user17/2-2-2,7_Eat_food,7,user17,2-2-2,Depth_Color/7_Eat_food/user17/2-2-2,IR/7_Eat_food/user17/2-2-2,Thermal/7_Eat_food/user17/2-2-2,Skeleton/7_Eat_food/user17/2-2-2,IMU/7_Eat_food/user17/2-2-2,Radar/7_Eat_food/user17/2-2-2,2
7_Eat_food/user17/2-2-3,7_Eat_food,7,user17,2-2-3,Depth_Color/7_Eat_food/user17/2-2-3,IR/7_Eat_food/user17/2-2-3,Thermal/7_Eat_food/user17/2-2-3,Skeleton/7_Eat_food/user17/2-2-3,IMU/7_Eat_food/user17/2-2-3,Radar/7_Eat_food/user17/2-2-3,2
7_Eat_food/user17/3-2-1,7_Eat_food,7,user17,3-2-1,Depth_Color/7_Eat_food/user17/3-2-1,IR/7_Eat_food/user17/3-2-1,Thermal/7_Eat_food/user17/3-2-1,Skeleton/7_Eat_food/user17/3-2-1,IMU/7_Eat_food/user17/3-2-1,Radar/7_Eat_food/user17/3-2-1,2
7_Eat_food/user17/3-2-2,7_Eat_food,7,user17,3-2-2,Depth_Color/7_Eat_food/user17/3-2-2,IR/7_Eat_food/user17/3-2-2,Thermal/7_Eat_food/user17/3-2-2,Skeleton/7_Eat_food/user17/3-2-2,IMU/7_Eat_food/user17/3-2-2,Radar/7_Eat_food/user17/3-2-2,2
7_Eat_food/user17/3-2-3,7_Eat_food,7,user17,3-2-3,Depth_Color/7_Eat_food/user17/3-2-3,IR/7_Eat_food/user17/3-2-3,Thermal/7_Eat_food/user17/3-2-3,Skeleton/7_Eat_food/user17/3-2-3,IMU/7_Eat_food/user17/3-2-3,Radar/7_Eat_food/user17/3-2-3,2
7_Eat_food/user17/5-2-1,7_Eat_food,7,user17,5-2-1,Depth_Color/7_Eat_food/user17/5-2-1,IR/7_Eat_food/user17/5-2-1,Thermal/7_Eat_food/user17/5-2-1,Skeleton/7_Eat_food/user17/5-2-1,IMU/7_Eat_food/user17/5-2-1,Radar/7_Eat_food/user17/5-2-1,2
7_Eat_food/user17/5-2-2,7_Eat_food,7,user17,5-2-2,Depth_Color/7_Eat_food/user17/5-2-2,IR/7_Eat_food/user17/5-2-2,Thermal/7_Eat_food/user17/5-2-2,Skeleton/7_Eat_food/user17/5-2-2,IMU/7_Eat_food/user17/5-2-2,Radar/7_Eat_food/user17/5-2-2,2
7_Eat_food/user17/5-2-3,7_Eat_food,7,user17,5-2-3,Depth_Color/7_Eat_food/user17/5-2-3,IR/7_Eat_food/user17/5-2-3,Thermal/7_Eat_food/user17/5-2-3,Skeleton/7_Eat_food/user17/5-2-3,IMU/7_Eat_food/user17/5-2-3,Radar/7_Eat_food/user17/5-2-3,2
7_Eat_food/user17/7-2-1,7_Eat_food,7,user17,7-2-1,Depth_Color/7_Eat_food/user17/7-2-1,IR/7_Eat_food/user17/7-2-1,Thermal/7_Eat_food/user17/7-2-1,Skeleton/7_Eat_food/user17/7-2-1,IMU/7_Eat_food/user17/7-2-1,Radar/7_Eat_food/user17/7-2-1,2
7_Eat_food/user17/7-2-2,7_Eat_food,7,user17,7-2-2,Depth_Color/7_Eat_food/user17/7-2-2,IR/7_Eat_food/user17/7-2-2,Thermal/7_Eat_food/user17/7-2-2,Skeleton/7_Eat_food/user17/7-2-2,IMU/7_Eat_food/user17/7-2-2,Radar/7_Eat_food/user17/7-2-2,2
7_Eat_food/user17/7-2-3,7_Eat_food,7,user17,7-2-3,Depth_Color/7_Eat_food/user17/7-2-3,IR/7_Eat_food/user17/7-2-3,Thermal/7_Eat_food/user17/7-2-3,Skeleton/7_Eat_food/user17/7-2-3,IMU/7_Eat_food/user17/7-2-3,Radar/7_Eat_food/user17/7-2-3,2
7_Eat_food/user18/7-2-1,7_Eat_food,7,user18,7-2-1,Depth_Color/7_Eat_food/user18/7-2-1,IR/7_Eat_food/user18/7-2-1,Thermal/7_Eat_food/user18/7-2-1,Skeleton/7_Eat_food/user18/7-2-1,IMU/7_Eat_food/user18/7-2-1,Radar/7_Eat_food/user18/7-2-1,1
7_Eat_food/user18/7-2-2,7_Eat_food,7,user18,7-2-2,Depth_Color/7_Eat_food/user18/7-2-2,IR/7_Eat_food/user18/7-2-2,Thermal/7_Eat_food/user18/7-2-2,Skeleton/7_Eat_food/user18/7-2-2,IMU/7_Eat_food/user18/7-2-2,Radar/7_Eat_food/user18/7-2-2,1
7_Eat_food/user18/7-2-3,7_Eat_food,7,user18,7-2-3,Depth_Color/7_Eat_food/user18/7-2-3,IR/7_Eat_food/user18/7-2-3,Thermal/7_Eat_food/user18/7-2-3,Skeleton/7_Eat_food/user18/7-2-3,IMU/7_Eat_food/user18/7-2-3,Radar/7_Eat_food/user18/7-2-3,1
7_Eat_food/user19/7-2-1,7_Eat_food,7,user19,7-2-1,Depth_Color/7_Eat_food/user19/7-2-1,IR/7_Eat_food/user19/7-2-1,Thermal/7_Eat_food/user19/7-2-1,Skeleton/7_Eat_food/user19/7-2-1,IMU/7_Eat_food/user19/7-2-1,Radar/7_Eat_food/user19/7-2-1,2
7_Eat_food/user19/7-2-2,7_Eat_food,7,user19,7-2-2,Depth_Color/7_Eat_food/user19/7-2-2,IR/7_Eat_food/user19/7-2-2,Thermal/7_Eat_food/user19/7-2-2,Skeleton/7_Eat_food/user19/7-2-2,IMU/7_Eat_food/user19/7-2-2,Radar/7_Eat_food/user19/7-2-2,2
7_Eat_food/user19/7-2-3,7_Eat_food,7,user19,7-2-3,Depth_Color/7_Eat_food/user19/7-2-3,IR/7_Eat_food/user19/7-2-3,Thermal/7_Eat_food/user19/7-2-3,Skeleton/7_Eat_food/user19/7-2-3,IMU/7_Eat_food/user19/7-2-3,Radar/7_Eat_food/user19/7-2-3,2
7_Eat_food/user2/1-2-1,7_Eat_food,7,user2,1-2-1,Depth_Color/7_Eat_food/user2/1-2-1,IR/7_Eat_food/user2/1-2-1,Thermal/7_Eat_food/user2/1-2-1,Skeleton/7_Eat_food/user2/1-2-1,IMU/7_Eat_food/user2/1-2-1,Radar/7_Eat_food/user2/1-2-1,0
7_Eat_food/user2/1-2-2,7_Eat_food,7,user2,1-2-2,Depth_Color/7_Eat_food/user2/1-2-2,IR/7_Eat_food/user2/1-2-2,Thermal/7_Eat_food/user2/1-2-2,Skeleton/7_Eat_food/user2/1-2-2,IMU/7_Eat_food/user2/1-2-2,Radar/7_Eat_food/user2/1-2-2,0
7_Eat_food/user2/1-2-3,7_Eat_food,7,user2,1-2-3,Depth_Color/7_Eat_food/user2/1-2-3,IR/7_Eat_food/user2/1-2-3,Thermal/7_Eat_food/user2/1-2-3,Skeleton/7_Eat_food/user2/1-2-3,IMU/7_Eat_food/user2/1-2-3,Radar/7_Eat_food/user2/1-2-3,0
7_Eat_food/user2/2-1-1,7_Eat_food,7,user2,2-1-1,Depth_Color/7_Eat_food/user2/2-1-1,IR/7_Eat_food/user2/2-1-1,Thermal/7_Eat_food/user2/2-1-1,Skeleton/7_Eat_food/user2/2-1-1,IMU/7_Eat_food/user2/2-1-1,Radar/7_Eat_food/user2/2-1-1,0
7_Eat_food/user2/2-1-2,7_Eat_food,7,user2,2-1-2,Depth_Color/7_Eat_food/user2/2-1-2,IR/7_Eat_food/user2/2-1-2,Thermal/7_Eat_food/user2/2-1-2,Skeleton/7_Eat_food/user2/2-1-2,IMU/7_Eat_food/user2/2-1-2,Radar/7_Eat_food/user2/2-1-2,0
7_Eat_food/user2/2-1-3,7_Eat_food,7,user2,2-1-3,Depth_Color/7_Eat_food/user2/2-1-3,IR/7_Eat_food/user2/2-1-3,Thermal/7_Eat_food/user2/2-1-3,Skeleton/7_Eat_food/user2/2-1-3,IMU/7_Eat_food/user2/2-1-3,Radar/7_Eat_food/user2/2-1-3,0
7_Eat_food/user2/2-2-1,7_Eat_food,7,user2,2-2-1,Depth_Color/7_Eat_food/user2/2-2-1,IR/7_Eat_food/user2/2-2-1,Thermal/7_Eat_food/user2/2-2-1,Skeleton/7_Eat_food/user2/2-2-1,IMU/7_Eat_food/user2/2-2-1,Radar/7_Eat_food/user2/2-2-1,0
7_Eat_food/user2/2-2-2,7_Eat_food,7,user2,2-2-2,Depth_Color/7_Eat_food/user2/2-2-2,IR/7_Eat_food/user2/2-2-2,Thermal/7_Eat_food/user2/2-2-2,Skeleton/7_Eat_food/user2/2-2-2,IMU/7_Eat_food/user2/2-2-2,Radar/7_Eat_food/user2/2-2-2,0
7_Eat_food/user2/2-2-3,7_Eat_food,7,user2,2-2-3,Depth_Color/7_Eat_food/user2/2-2-3,IR/7_Eat_food/user2/2-2-3,Thermal/7_Eat_food/user2/2-2-3,Skeleton/7_Eat_food/user2/2-2-3,IMU/7_Eat_food/user2/2-2-3,Radar/7_Eat_food/user2/2-2-3,0
7_Eat_food/user2/4-2-1,7_Eat_food,7,user2,4-2-1,Depth_Color/7_Eat_food/user2/4-2-1,IR/7_Eat_food/user2/4-2-1,Thermal/7_Eat_food/user2/4-2-1,Skeleton/7_Eat_food/user2/4-2-1,IMU/7_Eat_food/user2/4-2-1,Radar/7_Eat_food/user2/4-2-1,0
7_Eat_food/user2/4-2-2,7_Eat_food,7,user2,4-2-2,Depth_Color/7_Eat_food/user2/4-2-2,IR/7_Eat_food/user2/4-2-2,Thermal/7_Eat_food/user2/4-2-2,Skeleton/7_Eat_food/user2/4-2-2,IMU/7_Eat_food/user2/4-2-2,Radar/7_Eat_food/user2/4-2-2,0
7_Eat_food/user2/4-2-3,7_Eat_food,7,user2,4-2-3,Depth_Color/7_Eat_food/user2/4-2-3,IR/7_Eat_food/user2/4-2-3,Thermal/7_Eat_food/user2/4-2-3,Skeleton/7_Eat_food/user2/4-2-3,IMU/7_Eat_food/user2/4-2-3,Radar/7_Eat_food/user2/4-2-3,0
7_Eat_food/user2/7-2-1,7_Eat_food,7,user2,7-2-1,Depth_Color/7_Eat_food/user2/7-2-1,IR/7_Eat_food/user2/7-2-1,Thermal/7_Eat_food/user2/7-2-1,Skeleton/7_Eat_food/user2/7-2-1,IMU/7_Eat_food/user2/7-2-1,Radar/7_Eat_food/user2/7-2-1,0
7_Eat_food/user2/7-2-2,7_Eat_food,7,user2,7-2-2,Depth_Color/7_Eat_food/user2/7-2-2,IR/7_Eat_food/user2/7-2-2,Thermal/7_Eat_food/user2/7-2-2,Skeleton/7_Eat_food/user2/7-2-2,IMU/7_Eat_food/user2/7-2-2,Radar/7_Eat_food/user2/7-2-2,0
7_Eat_food/user2/7-2-3,7_Eat_food,7,user2,7-2-3,Depth_Color/7_Eat_food/user2/7-2-3,IR/7_Eat_food/user2/7-2-3,,Skeleton/7_Eat_food/user2/7-2-3,IMU/7_Eat_food/user2/7-2-3,Radar/7_Eat_food/user2/7-2-3,0
7_Eat_food/user20/2-1-1,7_Eat_food,7,user20,2-1-1,Depth_Color/7_Eat_food/user20/2-1-1,IR/7_Eat_food/user20/2-1-1,Thermal/7_Eat_food/user20/2-1-1,Skeleton/7_Eat_food/user20/2-1-1,IMU/7_Eat_food/user20/2-1-1,Radar/7_Eat_food/user20/2-1-1,0
7_Eat_food/user20/2-1-2,7_Eat_food,7,user20,2-1-2,Depth_Color/7_Eat_food/user20/2-1-2,IR/7_Eat_food/user20/2-1-2,Thermal/7_Eat_food/user20/2-1-2,Skeleton/7_Eat_food/user20/2-1-2,IMU/7_Eat_food/user20/2-1-2,Radar/7_Eat_food/user20/2-1-2,0
7_Eat_food/user20/2-1-3,7_Eat_food,7,user20,2-1-3,Depth_Color/7_Eat_food/user20/2-1-3,IR/7_Eat_food/user20/2-1-3,Thermal/7_Eat_food/user20/2-1-3,Skeleton/7_Eat_food/user20/2-1-3,IMU/7_Eat_food/user20/2-1-3,Radar/7_Eat_food/user20/2-1-3,0
7_Eat_food/user20/3-1-1,7_Eat_food,7,user20,3-1-1,Depth_Color/7_Eat_food/user20/3-1-1,IR/7_Eat_food/user20/3-1-1,Thermal/7_Eat_food/user20/3-1-1,Skeleton/7_Eat_food/user20/3-1-1,IMU/7_Eat_food/user20/3-1-1,Radar/7_Eat_food/user20/3-1-1,0
7_Eat_food/user20/3-1-2,7_Eat_food,7,user20,3-1-2,Depth_Color/7_Eat_food/user20/3-1-2,IR/7_Eat_food/user20/3-1-2,Thermal/7_Eat_food/user20/3-1-2,Skeleton/7_Eat_food/user20/3-1-2,IMU/7_Eat_food/user20/3-1-2,Radar/7_Eat_food/user20/3-1-2,0
7_Eat_food/user20/3-1-3,7_Eat_food,7,user20,3-1-3,Depth_Color/7_Eat_food/user20/3-1-3,IR/7_Eat_food/user20/3-1-3,Thermal/7_Eat_food/user20/3-1-3,Skeleton/7_Eat_food/user20/3-1-3,IMU/7_Eat_food/user20/3-1-3,Radar/7_Eat_food/user20/3-1-3,0
7_Eat_food/user20/7-1-1,7_Eat_food,7,user20,7-1-1,Depth_Color/7_Eat_food/user20/7-1-1,IR/7_Eat_food/user20/7-1-1,Thermal/7_Eat_food/user20/7-1-1,Skeleton/7_Eat_food/user20/7-1-1,IMU/7_Eat_food/user20/7-1-1,Radar/7_Eat_food/user20/7-1-1,0
7_Eat_food/user20/7-1-2,7_Eat_food,7,user20,7-1-2,Depth_Color/7_Eat_food/user20/7-1-2,IR/7_Eat_food/user20/7-1-2,Thermal/7_Eat_food/user20/7-1-2,Skeleton/7_Eat_food/user20/7-1-2,IMU/7_Eat_food/user20/7-1-2,Radar/7_Eat_food/user20/7-1-2,0
7_Eat_food/user20/7-1-3,7_Eat_food,7,user20,7-1-3,Depth_Color/7_Eat_food/user20/7-1-3,IR/7_Eat_food/user20/7-1-3,Thermal/7_Eat_food/user20/7-1-3,Skeleton/7_Eat_food/user20/7-1-3,IMU/7_Eat_food/user20/7-1-3,Radar/7_Eat_food/user20/7-1-3,0
7_Eat_food/user21/7-1-1,7_Eat_food,7,user21,7-1-1,Depth_Color/7_Eat_food/user21/7-1-1,IR/7_Eat_food/user21/7-1-1,Thermal/7_Eat_food/user21/7-1-1,Skeleton/7_Eat_food/user21/7-1-1,IMU/7_Eat_food/user21/7-1-1,Radar/7_Eat_food/user21/7-1-1,0
7_Eat_food/user21/7-1-2,7_Eat_food,7,user21,7-1-2,Depth_Color/7_Eat_food/user21/7-1-2,IR/7_Eat_food/user21/7-1-2,Thermal/7_Eat_food/user21/7-1-2,Skeleton/7_Eat_food/user21/7-1-2,IMU/7_Eat_food/user21/7-1-2,Radar/7_Eat_food/user21/7-1-2,0
7_Eat_food/user21/7-1-3,7_Eat_food,7,user21,7-1-3,Depth_Color/7_Eat_food/user21/7-1-3,IR/7_Eat_food/user21/7-1-3,Thermal/7_Eat_food/user21/7-1-3,Skeleton/7_Eat_food/user21/7-1-3,IMU/7_Eat_food/user21/7-1-3,Radar/7_Eat_food/user21/7-1-3,0
7_Eat_food/user22/3-1-1,7_Eat_food,7,user22,3-1-1,Depth_Color/7_Eat_food/user22/3-1-1,IR/7_Eat_food/user22/3-1-1,Thermal/7_Eat_food/user22/3-1-1,Skeleton/7_Eat_food/user22/3-1-1,IMU/7_Eat_food/user22/3-1-1,Radar/7_Eat_food/user22/3-1-1,1
7_Eat_food/user22/3-1-2,7_Eat_food,7,user22,3-1-2,Depth_Color/7_Eat_food/user22/3-1-2,IR/7_Eat_food/user22/3-1-2,Thermal/7_Eat_food/user22/3-1-2,Skeleton/7_Eat_food/user22/3-1-2,IMU/7_Eat_food/user22/3-1-2,Radar/7_Eat_food/user22/3-1-2,1
7_Eat_food/user22/3-1-3,7_Eat_food,7,user22,3-1-3,,IR/7_Eat_food/user22/3-1-3,Thermal/7_Eat_food/user22/3-1-3,,,,1
7_Eat_food/user22/3-3-1,7_Eat_food,7,user22,3-3-1,Depth_Color/7_Eat_food/user22/3-3-1,IR/7_Eat_food/user22/3-3-1,Thermal/7_Eat_food/user22/3-3-1,Skeleton/7_Eat_food/user22/3-3-1,IMU/7_Eat_food/user22/3-3-1,Radar/7_Eat_food/user22/3-3-1,1
7_Eat_food/user22/3-3-2,7_Eat_food,7,user22,3-3-2,Depth_Color/7_Eat_food/user22/3-3-2,IR/7_Eat_food/user22/3-3-2,Thermal/7_Eat_food/user22/3-3-2,Skeleton/7_Eat_food/user22/3-3-2,IMU/7_Eat_food/user22/3-3-2,Radar/7_Eat_food/user22/3-3-2,1
7_Eat_food/user22/3-3-3,7_Eat_food,7,user22,3-3-3,Depth_Color/7_Eat_food/user22/3-3-3,IR/7_Eat_food/user22/3-3-3,Thermal/7_Eat_food/user22/3-3-3,Skeleton/7_Eat_food/user22/3-3-3,IMU/7_Eat_food/user22/3-3-3,Radar/7_Eat_food/user22/3-3-3,1
7_Eat_food/user22/4-3-1,7_Eat_food,7,user22,4-3-1,Depth_Color/7_Eat_food/user22/4-3-1,IR/7_Eat_food/user22/4-3-1,Thermal/7_Eat_food/user22/4-3-1,Skeleton/7_Eat_food/user22/4-3-1,IMU/7_Eat_food/user22/4-3-1,Radar/7_Eat_food/user22/4-3-1,1
7_Eat_food/user22/4-3-2,7_Eat_food,7,user22,4-3-2,Depth_Color/7_Eat_food/user22/4-3-2,IR/7_Eat_food/user22/4-3-2,Thermal/7_Eat_food/user22/4-3-2,Skeleton/7_Eat_food/user22/4-3-2,,Radar/7_Eat_food/user22/4-3-2,1
7_Eat_food/user22/4-3-3,7_Eat_food,7,user22,4-3-3,Depth_Color/7_Eat_food/user22/4-3-3,IR/7_Eat_food/user22/4-3-3,Thermal/7_Eat_food/user22/4-3-3,Skeleton/7_Eat_food/user22/4-3-3,IMU/7_Eat_food/user22/4-3-3,Radar/7_Eat_food/user22/4-3-3,1
7_Eat_food/user22/6-2-1,7_Eat_food,7,user22,6-2-1,Depth_Color/7_Eat_food/user22/6-2-1,IR/7_Eat_food/user22/6-2-1,Thermal/7_Eat_food/user22/6-2-1,Skeleton/7_Eat_food/user22/6-2-1,IMU/7_Eat_food/user22/6-2-1,Radar/7_Eat_food/user22/6-2-1,1
7_Eat_food/user22/6-2-2,7_Eat_food,7,user22,6-2-2,Depth_Color/7_Eat_food/user22/6-2-2,IR/7_Eat_food/user22/6-2-2,Thermal/7_Eat_food/user22/6-2-2,Skeleton/7_Eat_food/user22/6-2-2,IMU/7_Eat_food/user22/6-2-2,Radar/7_Eat_food/user22/6-2-2,1
7_Eat_food/user22/6-2-3,7_Eat_food,7,user22,6-2-3,Depth_Color/7_Eat_food/user22/6-2-3,IR/7_Eat_food/user22/6-2-3,Thermal/7_Eat_food/user22/6-2-3,Skeleton/7_Eat_food/user22/6-2-3,IMU/7_Eat_food/user22/6-2-3,Radar/7_Eat_food/user22/6-2-3,1
7_Eat_food/user23/2-3-1,7_Eat_food,7,user23,2-3-1,Depth_Color/7_Eat_food/user23/2-3-1,IR/7_Eat_food/user23/2-3-1,Thermal/7_Eat_food/user23/2-3-1,Skeleton/7_Eat_food/user23/2-3-1,IMU/7_Eat_food/user23/2-3-1,Radar/7_Eat_food/user23/2-3-1,0
7_Eat_food/user23/2-3-2,7_Eat_food,7,user23,2-3-2,Depth_Color/7_Eat_food/user23/2-3-2,IR/7_Eat_food/user23/2-3-2,Thermal/7_Eat_food/user23/2-3-2,Skeleton/7_Eat_food/user23/2-3-2,IMU/7_Eat_food/user23/2-3-2,Radar/7_Eat_food/user23/2-3-2,0
7_Eat_food/user23/2-3-3,7_Eat_food,7,user23,2-3-3,Depth_Color/7_Eat_food/user23/2-3-3,IR/7_Eat_food/user23/2-3-3,Thermal/7_Eat_food/user23/2-3-3,Skeleton/7_Eat_food/user23/2-3-3,IMU/7_Eat_food/user23/2-3-3,Radar/7_Eat_food/user23/2-3-3,0
7_Eat_food/user24/2-1-1,7_Eat_food,7,user24,2-1-1,Depth_Color/7_Eat_food/user24/2-1-1,IR/7_Eat_food/user24/2-1-1,Thermal/7_Eat_food/user24/2-1-1,Skeleton/7_Eat_food/user24/2-1-1,IMU/7_Eat_food/user24/2-1-1,Radar/7_Eat_food/user24/2-1-1,2
7_Eat_food/user24/2-1-2,7_Eat_food,7,user24,2-1-2,Depth_Color/7_Eat_food/user24/2-1-2,IR/7_Eat_food/user24/2-1-2,Thermal/7_Eat_food/user24/2-1-2,Skeleton/7_Eat_food/user24/2-1-2,IMU/7_Eat_food/user24/2-1-2,Radar/7_Eat_food/user24/2-1-2,2
7_Eat_food/user24/2-1-3,7_Eat_food,7,user24,2-1-3,Depth_Color/7_Eat_food/user24/2-1-3,IR/7_Eat_food/user24/2-1-3,Thermal/7_Eat_food/user24/2-1-3,Skeleton/7_Eat_food/user24/2-1-3,IMU/7_Eat_food/user24/2-1-3,Radar/7_Eat_food/user24/2-1-3,2
7_Eat_food/user3/4-1-1,7_Eat_food,7,user3,4-1-1,Depth_Color/7_Eat_food/user3/4-1-1,IR/7_Eat_food/user3/4-1-1,Thermal/7_Eat_food/user3/4-1-1,Skeleton/7_Eat_food/user3/4-1-1,IMU/7_Eat_food/user3/4-1-1,Radar/7_Eat_food/user3/4-1-1,2
7_Eat_food/user3/4-1-2,7_Eat_food,7,user3,4-1-2,Depth_Color/7_Eat_food/user3/4-1-2,IR/7_Eat_food/user3/4-1-2,Thermal/7_Eat_food/user3/4-1-2,Skeleton/7_Eat_food/user3/4-1-2,IMU/7_Eat_food/user3/4-1-2,Radar/7_Eat_food/user3/4-1-2,2
7_Eat_food/user3/4-1-3,7_Eat_food,7,user3,4-1-3,Depth_Color/7_Eat_food/user3/4-1-3,IR/7_Eat_food/user3/4-1-3,Thermal/7_Eat_food/user3/4-1-3,Skeleton/7_Eat_food/user3/4-1-3,IMU/7_Eat_food/user3/4-1-3,Radar/7_Eat_food/user3/4-1-3,2
7_Eat_food/user3/5-2-1,7_Eat_food,7,user3,5-2-1,Depth_Color/7_Eat_food/user3/5-2-1,IR/7_Eat_food/user3/5-2-1,Thermal/7_Eat_food/user3/5-2-1,Skeleton/7_Eat_food/user3/5-2-1,IMU/7_Eat_food/user3/5-2-1,Radar/7_Eat_food/user3/5-2-1,2
7_Eat_food/user3/5-2-2,7_Eat_food,7,user3,5-2-2,Depth_Color/7_Eat_food/user3/5-2-2,IR/7_Eat_food/user3/5-2-2,Thermal/7_Eat_food/user3/5-2-2,Skeleton/7_Eat_food/user3/5-2-2,IMU/7_Eat_food/user3/5-2-2,Radar/7_Eat_food/user3/5-2-2,2
7_Eat_food/user3/5-2-3,7_Eat_food,7,user3,5-2-3,Depth_Color/7_Eat_food/user3/5-2-3,IR/7_Eat_food/user3/5-2-3,Thermal/7_Eat_food/user3/5-2-3,Skeleton/7_Eat_food/user3/5-2-3,IMU/7_Eat_food/user3/5-2-3,Radar/7_Eat_food/user3/5-2-3,2
7_Eat_food/user3/6-1-1,7_Eat_food,7,user3,6-1-1,Depth_Color/7_Eat_food/user3/6-1-1,IR/7_Eat_food/user3/6-1-1,Thermal/7_Eat_food/user3/6-1-1,Skeleton/7_Eat_food/user3/6-1-1,IMU/7_Eat_food/user3/6-1-1,Radar/7_Eat_food/user3/6-1-1,2
7_Eat_food/user3/6-1-2,7_Eat_food,7,user3,6-1-2,Depth_Color/7_Eat_food/user3/6-1-2,IR/7_Eat_food/user3/6-1-2,Thermal/7_Eat_food/user3/6-1-2,Skeleton/7_Eat_food/user3/6-1-2,IMU/7_Eat_food/user3/6-1-2,Radar/7_Eat_food/user3/6-1-2,2
7_Eat_food/user3/6-1-3,7_Eat_food,7,user3,6-1-3,Depth_Color/7_Eat_food/user3/6-1-3,IR/7_Eat_food/user3/6-1-3,Thermal/7_Eat_food/user3/6-1-3,Skeleton/7_Eat_food/user3/6-1-3,IMU/7_Eat_food/user3/6-1-3,Radar/7_Eat_food/user3/6-1-3,2
7_Eat_food/user3/7-1-1,7_Eat_food,7,user3,7-1-1,Depth_Color/7_Eat_food/user3/7-1-1,IR/7_Eat_food/user3/7-1-1,Thermal/7_Eat_food/user3/7-1-1,Skeleton/7_Eat_food/user3/7-1-1,IMU/7_Eat_food/user3/7-1-1,Radar/7_Eat_food/user3/7-1-1,2
7_Eat_food/user3/7-1-2,7_Eat_food,7,user3,7-1-2,Depth_Color/7_Eat_food/user3/7-1-2,IR/7_Eat_food/user3/7-1-2,Thermal/7_Eat_food/user3/7-1-2,Skeleton/7_Eat_food/user3/7-1-2,IMU/7_Eat_food/user3/7-1-2,Radar/7_Eat_food/user3/7-1-2,2
7_Eat_food/user3/7-1-3,7_Eat_food,7,user3,7-1-3,Depth_Color/7_Eat_food/user3/7-1-3,IR/7_Eat_food/user3/7-1-3,Thermal/7_Eat_food/user3/7-1-3,Skeleton/7_Eat_food/user3/7-1-3,IMU/7_Eat_food/user3/7-1-3,Radar/7_Eat_food/user3/7-1-3,2
7_Eat_food/user4/1-2-2,7_Eat_food,7,user4,1-2-2,Depth_Color/7_Eat_food/user4/1-2-2,IR/7_Eat_food/user4/1-2-2,Thermal/7_Eat_food/user4/1-2-2,Skeleton/7_Eat_food/user4/1-2-2,IMU/7_Eat_food/user4/1-2-2,Radar/7_Eat_food/user4/1-2-2,1
7_Eat_food/user4/1-2-3,7_Eat_food,7,user4,1-2-3,Depth_Color/7_Eat_food/user4/1-2-3,IR/7_Eat_food/user4/1-2-3,Thermal/7_Eat_food/user4/1-2-3,Skeleton/7_Eat_food/user4/1-2-3,IMU/7_Eat_food/user4/1-2-3,Radar/7_Eat_food/user4/1-2-3,1
7_Eat_food/user4/2-1-1,7_Eat_food,7,user4,2-1-1,Depth_Color/7_Eat_food/user4/2-1-1,IR/7_Eat_food/user4/2-1-1,Thermal/7_Eat_food/user4/2-1-1,Skeleton/7_Eat_food/user4/2-1-1,IMU/7_Eat_food/user4/2-1-1,Radar/7_Eat_food/user4/2-1-1,1
7_Eat_food/user4/2-1-2,7_Eat_food,7,user4,2-1-2,Depth_Color/7_Eat_food/user4/2-1-2,IR/7_Eat_food/user4/2-1-2,Thermal/7_Eat_food/user4/2-1-2,Skeleton/7_Eat_food/user4/2-1-2,IMU/7_Eat_food/user4/2-1-2,Radar/7_Eat_food/user4/2-1-2,1
7_Eat_food/user4/2-1-3,7_Eat_food,7,user4,2-1-3,Depth_Color/7_Eat_food/user4/2-1-3,IR/7_Eat_food/user4/2-1-3,Thermal/7_Eat_food/user4/2-1-3,Skeleton/7_Eat_food/user4/2-1-3,IMU/7_Eat_food/user4/2-1-3,Radar/7_Eat_food/user4/2-1-3,1
7_Eat_food/user4/5-1-1,7_Eat_food,7,user4,5-1-1,Depth_Color/7_Eat_food/user4/5-1-1,IR/7_Eat_food/user4/5-1-1,Thermal/7_Eat_food/user4/5-1-1,Skeleton/7_Eat_food/user4/5-1-1,IMU/7_Eat_food/user4/5-1-1,Radar/7_Eat_food/user4/5-1-1,1
7_Eat_food/user4/5-1-2,7_Eat_food,7,user4,5-1-2,Depth_Color/7_Eat_food/user4/5-1-2,IR/7_Eat_food/user4/5-1-2,Thermal/7_Eat_food/user4/5-1-2,Skeleton/7_Eat_food/user4/5-1-2,IMU/7_Eat_food/user4/5-1-2,Radar/7_Eat_food/user4/5-1-2,1
7_Eat_food/user4/5-1-3,7_Eat_food,7,user4,5-1-3,Depth_Color/7_Eat_food/user4/5-1-3,IR/7_Eat_food/user4/5-1-3,Thermal/7_Eat_food/user4/5-1-3,Skeleton/7_Eat_food/user4/5-1-3,IMU/7_Eat_food/user4/5-1-3,Radar/7_Eat_food/user4/5-1-3,1
7_Eat_food/user4/7-2-1,7_Eat_food,7,user4,7-2-1,Depth_Color/7_Eat_food/user4/7-2-1,IR/7_Eat_food/user4/7-2-1,Thermal/7_Eat_food/user4/7-2-1,Skeleton/7_Eat_food/user4/7-2-1,IMU/7_Eat_food/user4/7-2-1,Radar/7_Eat_food/user4/7-2-1,1
7_Eat_food/user4/7-2-2,7_Eat_food,7,user4,7-2-2,Depth_Color/7_Eat_food/user4/7-2-2,IR/7_Eat_food/user4/7-2-2,Thermal/7_Eat_food/user4/7-2-2,Skeleton/7_Eat_food/user4/7-2-2,IMU/7_Eat_food/user4/7-2-2,Radar/7_Eat_food/user4/7-2-2,1
7_Eat_food/user4/7-2-3,7_Eat_food,7,user4,7-2-3,Depth_Color/7_Eat_food/user4/7-2-3,IR/7_Eat_food/user4/7-2-3,Thermal/7_Eat_food/user4/7-2-3,Skeleton/7_Eat_food/user4/7-2-3,IMU/7_Eat_food/user4/7-2-3,Radar/7_Eat_food/user4/7-2-3,1
7_Eat_food/user5/1-2-1,7_Eat_food,7,user5,1-2-1,Depth_Color/7_Eat_food/user5/1-2-1,IR/7_Eat_food/user5/1-2-1,Thermal/7_Eat_food/user5/1-2-1,Skeleton/7_Eat_food/user5/1-2-1,IMU/7_Eat_food/user5/1-2-1,Radar/7_Eat_food/user5/1-2-1,2
7_Eat_food/user5/1-2-2,7_Eat_food,7,user5,1-2-2,Depth_Color/7_Eat_food/user5/1-2-2,IR/7_Eat_food/user5/1-2-2,Thermal/7_Eat_food/user5/1-2-2,Skeleton/7_Eat_food/user5/1-2-2,IMU/7_Eat_food/user5/1-2-2,Radar/7_Eat_food/user5/1-2-2,2
7_Eat_food/user5/1-2-3,7_Eat_food,7,user5,1-2-3,Depth_Color/7_Eat_food/user5/1-2-3,IR/7_Eat_food/user5/1-2-3,Thermal/7_Eat_food/user5/1-2-3,Skeleton/7_Eat_food/user5/1-2-3,IMU/7_Eat_food/user5/1-2-3,Radar/7_Eat_food/user5/1-2-3,2
7_Eat_food/user5/2-1-1,7_Eat_food,7,user5,2-1-1,Depth_Color/7_Eat_food/user5/2-1-1,IR/7_Eat_food/user5/2-1-1,Thermal/7_Eat_food/user5/2-1-1,Skeleton/7_Eat_food/user5/2-1-1,IMU/7_Eat_food/user5/2-1-1,Radar/7_Eat_food/user5/2-1-1,2
7_Eat_food/user5/2-1-2,7_Eat_food,7,user5,2-1-2,Depth_Color/7_Eat_food/user5/2-1-2,IR/7_Eat_food/user5/2-1-2,Thermal/7_Eat_food/user5/2-1-2,Skeleton/7_Eat_food/user5/2-1-2,IMU/7_Eat_food/user5/2-1-2,Radar/7_Eat_food/user5/2-1-2,2
7_Eat_food/user5/2-1-3,7_Eat_food,7,user5,2-1-3,Depth_Color/7_Eat_food/user5/2-1-3,IR/7_Eat_food/user5/2-1-3,Thermal/7_Eat_food/user5/2-1-3,Skeleton/7_Eat_food/user5/2-1-3,IMU/7_Eat_food/user5/2-1-3,Radar/7_Eat_food/user5/2-1-3,2
7_Eat_food/user5/3-2-1,7_Eat_food,7,user5,3-2-1,Depth_Color/7_Eat_food/user5/3-2-1,IR/7_Eat_food/user5/3-2-1,Thermal/7_Eat_food/user5/3-2-1,Skeleton/7_Eat_food/user5/3-2-1,IMU/7_Eat_food/user5/3-2-1,Radar/7_Eat_food/user5/3-2-1,2
7_Eat_food/user5/3-2-2,7_Eat_food,7,user5,3-2-2,Depth_Color/7_Eat_food/user5/3-2-2,IR/7_Eat_food/user5/3-2-2,Thermal/7_Eat_food/user5/3-2-2,Skeleton/7_Eat_food/user5/3-2-2,IMU/7_Eat_food/user5/3-2-2,Radar/7_Eat_food/user5/3-2-2,2
7_Eat_food/user5/3-2-3,7_Eat_food,7,user5,3-2-3,Depth_Color/7_Eat_food/user5/3-2-3,IR/7_Eat_food/user5/3-2-3,Thermal/7_Eat_food/user5/3-2-3,Skeleton/7_Eat_food/user5/3-2-3,IMU/7_Eat_food/user5/3-2-3,Radar/7_Eat_food/user5/3-2-3,2
7_Eat_food/user5/6-2-1,7_Eat_food,7,user5,6-2-1,Depth_Color/7_Eat_food/user5/6-2-1,IR/7_Eat_food/user5/6-2-1,Thermal/7_Eat_food/user5/6-2-1,Skeleton/7_Eat_food/user5/6-2-1,IMU/7_Eat_food/user5/6-2-1,Radar/7_Eat_food/user5/6-2-1,2
7_Eat_food/user5/6-2-2,7_Eat_food,7,user5,6-2-2,Depth_Color/7_Eat_food/user5/6-2-2,IR/7_Eat_food/user5/6-2-2,Thermal/7_Eat_food/user5/6-2-2,Skeleton/7_Eat_food/user5/6-2-2,IMU/7_Eat_food/user5/6-2-2,Radar/7_Eat_food/user5/6-2-2,2
7_Eat_food/user5/6-2-3,7_Eat_food,7,user5,6-2-3,Depth_Color/7_Eat_food/user5/6-2-3,IR/7_Eat_food/user5/6-2-3,Thermal/7_Eat_food/user5/6-2-3,Skeleton/7_Eat_food/user5/6-2-3,IMU/7_Eat_food/user5/6-2-3,Radar/7_Eat_food/user5/6-2-3,2
7_Eat_food/user6/1-2-1,7_Eat_food,7,user6,1-2-1,Depth_Color/7_Eat_food/user6/1-2-1,IR/7_Eat_food/user6/1-2-1,Thermal/7_Eat_food/user6/1-2-1,Skeleton/7_Eat_food/user6/1-2-1,IMU/7_Eat_food/user6/1-2-1,Radar/7_Eat_food/user6/1-2-1,1
7_Eat_food/user6/1-2-2,7_Eat_food,7,user6,1-2-2,Depth_Color/7_Eat_food/user6/1-2-2,IR/7_Eat_food/user6/1-2-2,Thermal/7_Eat_food/user6/1-2-2,Skeleton/7_Eat_food/user6/1-2-2,IMU/7_Eat_food/user6/1-2-2,Radar/7_Eat_food/user6/1-2-2,1
7_Eat_food/user6/1-2-3,7_Eat_food,7,user6,1-2-3,Depth_Color/7_Eat_food/user6/1-2-3,IR/7_Eat_food/user6/1-2-3,Thermal/7_Eat_food/user6/1-2-3,Skeleton/7_Eat_food/user6/1-2-3,IMU/7_Eat_food/user6/1-2-3,Radar/7_Eat_food/user6/1-2-3,1
7_Eat_food/user6/5-2-1,7_Eat_food,7,user6,5-2-1,Depth_Color/7_Eat_food/user6/5-2-1,IR/7_Eat_food/user6/5-2-1,Thermal/7_Eat_food/user6/5-2-1,Skeleton/7_Eat_food/user6/5-2-1,IMU/7_Eat_food/user6/5-2-1,Radar/7_Eat_food/user6/5-2-1,1
7_Eat_food/user6/5-2-2,7_Eat_food,7,user6,5-2-2,Depth_Color/7_Eat_food/user6/5-2-2,IR/7_Eat_food/user6/5-2-2,Thermal/7_Eat_food/user6/5-2-2,Skeleton/7_Eat_food/user6/5-2-2,IMU/7_Eat_food/user6/5-2-2,Radar/7_Eat_food/user6/5-2-2,1
7_Eat_food/user6/5-2-3,7_Eat_food,7,user6,5-2-3,Depth_Color/7_Eat_food/user6/5-2-3,IR/7_Eat_food/user6/5-2-3,Thermal/7_Eat_food/user6/5-2-3,Skeleton/7_Eat_food/user6/5-2-3,IMU/7_Eat_food/user6/5-2-3,Radar/7_Eat_food/user6/5-2-3,1
7_Eat_food/user6/6-2-1,7_Eat_food,7,user6,6-2-1,Depth_Color/7_Eat_food/user6/6-2-1,IR/7_Eat_food/user6/6-2-1,Thermal/7_Eat_food/user6/6-2-1,Skeleton/7_Eat_food/user6/6-2-1,IMU/7_Eat_food/user6/6-2-1,Radar/7_Eat_food/user6/6-2-1,1
7_Eat_food/user6/6-2-3,7_Eat_food,7,user6,6-2-3,Depth_Color/7_Eat_food/user6/6-2-3,IR/7_Eat_food/user6/6-2-3,Thermal/7_Eat_food/user6/6-2-3,Skeleton/7_Eat_food/user6/6-2-3,IMU/7_Eat_food/user6/6-2-3,Radar/7_Eat_food/user6/6-2-3,1
7_Eat_food/user6/7-2-1,7_Eat_food,7,user6,7-2-1,Depth_Color/7_Eat_food/user6/7-2-1,IR/7_Eat_food/user6/7-2-1,Thermal/7_Eat_food/user6/7-2-1,Skeleton/7_Eat_food/user6/7-2-1,IMU/7_Eat_food/user6/7-2-1,Radar/7_Eat_food/user6/7-2-1,1
7_Eat_food/user6/7-2-2,7_Eat_food,7,user6,7-2-2,Depth_Color/7_Eat_food/user6/7-2-2,IR/7_Eat_food/user6/7-2-2,Thermal/7_Eat_food/user6/7-2-2,Skeleton/7_Eat_food/user6/7-2-2,IMU/7_Eat_food/user6/7-2-2,Radar/7_Eat_food/user6/7-2-2,1
7_Eat_food/user6/7-2-3,7_Eat_food,7,user6,7-2-3,Depth_Color/7_Eat_food/user6/7-2-3,IR/7_Eat_food/user6/7-2-3,Thermal/7_Eat_food/user6/7-2-3,Skeleton/7_Eat_food/user6/7-2-3,IMU/7_Eat_food/user6/7-2-3,Radar/7_Eat_food/user6/7-2-3,1
7_Eat_food/user7/1-2-1,7_Eat_food,7,user7,1-2-1,Depth_Color/7_Eat_food/user7/1-2-1,IR/7_Eat_food/user7/1-2-1,Thermal/7_Eat_food/user7/1-2-1,Skeleton/7_Eat_food/user7/1-2-1,IMU/7_Eat_food/user7/1-2-1,Radar/7_Eat_food/user7/1-2-1,0
7_Eat_food/user7/1-2-2,7_Eat_food,7,user7,1-2-2,Depth_Color/7_Eat_food/user7/1-2-2,IR/7_Eat_food/user7/1-2-2,Thermal/7_Eat_food/user7/1-2-2,Skeleton/7_Eat_food/user7/1-2-2,IMU/7_Eat_food/user7/1-2-2,Radar/7_Eat_food/user7/1-2-2,0
7_Eat_food/user7/1-2-3,7_Eat_food,7,user7,1-2-3,Depth_Color/7_Eat_food/user7/1-2-3,IR/7_Eat_food/user7/1-2-3,Thermal/7_Eat_food/user7/1-2-3,Skeleton/7_Eat_food/user7/1-2-3,IMU/7_Eat_food/user7/1-2-3,Radar/7_Eat_food/user7/1-2-3,0
7_Eat_food/user7/2-2-1,7_Eat_food,7,user7,2-2-1,Depth_Color/7_Eat_food/user7/2-2-1,IR/7_Eat_food/user7/2-2-1,Thermal/7_Eat_food/user7/2-2-1,Skeleton/7_Eat_food/user7/2-2-1,IMU/7_Eat_food/user7/2-2-1,Radar/7_Eat_food/user7/2-2-1,0
7_Eat_food/user7/2-2-2,7_Eat_food,7,user7,2-2-2,Depth_Color/7_Eat_food/user7/2-2-2,IR/7_Eat_food/user7/2-2-2,Thermal/7_Eat_food/user7/2-2-2,Skeleton/7_Eat_food/user7/2-2-2,IMU/7_Eat_food/user7/2-2-2,Radar/7_Eat_food/user7/2-2-2,0
7_Eat_food/user7/2-2-3,7_Eat_food,7,user7,2-2-3,Depth_Color/7_Eat_food/user7/2-2-3,IR/7_Eat_food/user7/2-2-3,Thermal/7_Eat_food/user7/2-2-3,Skeleton/7_Eat_food/user7/2-2-3,IMU/7_Eat_food/user7/2-2-3,Radar/7_Eat_food/user7/2-2-3,0
7_Eat_food/user7/3-2-1,7_Eat_food,7,user7,3-2-1,Depth_Color/7_Eat_food/user7/3-2-1,IR/7_Eat_food/user7/3-2-1,Thermal/7_Eat_food/user7/3-2-1,Skeleton/7_Eat_food/user7/3-2-1,IMU/7_Eat_food/user7/3-2-1,Radar/7_Eat_food/user7/3-2-1,0
7_Eat_food/user7/3-2-2,7_Eat_food,7,user7,3-2-2,Depth_Color/7_Eat_food/user7/3-2-2,IR/7_Eat_food/user7/3-2-2,Thermal/7_Eat_food/user7/3-2-2,Skeleton/7_Eat_food/user7/3-2-2,IMU/7_Eat_food/user7/3-2-2,Radar/7_Eat_food/user7/3-2-2,0
7_Eat_food/user7/3-2-3,7_Eat_food,7,user7,3-2-3,Depth_Color/7_Eat_food/user7/3-2-3,IR/7_Eat_food/user7/3-2-3,Thermal/7_Eat_food/user7/3-2-3,Skeleton/7_Eat_food/user7/3-2-3,IMU/7_Eat_food/user7/3-2-3,Radar/7_Eat_food/user7/3-2-3,0
7_Eat_food/user7/5-3-1,7_Eat_food,7,user7,5-3-1,Depth_Color/7_Eat_food/user7/5-3-1,IR/7_Eat_food/user7/5-3-1,Thermal/7_Eat_food/user7/5-3-1,Skeleton/7_Eat_food/user7/5-3-1,IMU/7_Eat_food/user7/5-3-1,Radar/7_Eat_food/user7/5-3-1,0
7_Eat_food/user7/5-3-2,7_Eat_food,7,user7,5-3-2,Depth_Color/7_Eat_food/user7/5-3-2,IR/7_Eat_food/user7/5-3-2,Thermal/7_Eat_food/user7/5-3-2,Skeleton/7_Eat_food/user7/5-3-2,IMU/7_Eat_food/user7/5-3-2,Radar/7_Eat_food/user7/5-3-2,0
7_Eat_food/user7/5-3-3,7_Eat_food,7,user7,5-3-3,Depth_Color/7_Eat_food/user7/5-3-3,IR/7_Eat_food/user7/5-3-3,Thermal/7_Eat_food/user7/5-3-3,Skeleton/7_Eat_food/user7/5-3-3,IMU/7_Eat_food/user7/5-3-3,Radar/7_Eat_food/user7/5-3-3,0
7_Eat_food/user7/7-2-1,7_Eat_food,7,user7,7-2-1,Depth_Color/7_Eat_food/user7/7-2-1,IR/7_Eat_food/user7/7-2-1,Thermal/7_Eat_food/user7/7-2-1,Skeleton/7_Eat_food/user7/7-2-1,IMU/7_Eat_food/user7/7-2-1,Radar/7_Eat_food/user7/7-2-1,0
7_Eat_food/user7/7-2-2,7_Eat_food,7,user7,7-2-2,Depth_Color/7_Eat_food/user7/7-2-2,IR/7_Eat_food/user7/7-2-2,Thermal/7_Eat_food/user7/7-2-2,Skeleton/7_Eat_food/user7/7-2-2,IMU/7_Eat_food/user7/7-2-2,Radar/7_Eat_food/user7/7-2-2,0
7_Eat_food/user8/7-2-1,7_Eat_food,7,user8,7-2-1,Depth_Color/7_Eat_food/user8/7-2-1,IR/7_Eat_food/user8/7-2-1,Thermal/7_Eat_food/user8/7-2-1,Skeleton/7_Eat_food/user8/7-2-1,IMU/7_Eat_food/user8/7-2-1,Radar/7_Eat_food/user8/7-2-1,2
7_Eat_food/user8/7-2-2,7_Eat_food,7,user8,7-2-2,Depth_Color/7_Eat_food/user8/7-2-2,IR/7_Eat_food/user8/7-2-2,Thermal/7_Eat_food/user8/7-2-2,Skeleton/7_Eat_food/user8/7-2-2,IMU/7_Eat_food/user8/7-2-2,Radar/7_Eat_food/user8/7-2-2,2
7_Eat_food/user8/7-2-3,7_Eat_food,7,user8,7-2-3,Depth_Color/7_Eat_food/user8/7-2-3,IR/7_Eat_food/user8/7-2-3,Thermal/7_Eat_food/user8/7-2-3,Skeleton/7_Eat_food/user8/7-2-3,IMU/7_Eat_food/user8/7-2-3,Radar/7_Eat_food/user8/7-2-3,2
7_Eat_food/user9/7-2-1,7_Eat_food,7,user9,7-2-1,Depth_Color/7_Eat_food/user9/7-2-1,IR/7_Eat_food/user9/7-2-1,Thermal/7_Eat_food/user9/7-2-1,Skeleton/7_Eat_food/user9/7-2-1,IMU/7_Eat_food/user9/7-2-1,Radar/7_Eat_food/user9/7-2-1,1
7_Eat_food/user9/7-2-2,7_Eat_food,7,user9,7-2-2,Depth_Color/7_Eat_food/user9/7-2-2,IR/7_Eat_food/user9/7-2-2,Thermal/7_Eat_food/user9/7-2-2,Skeleton/7_Eat_food/user9/7-2-2,IMU/7_Eat_food/user9/7-2-2,Radar/7_Eat_food/user9/7-2-2,1
7_Eat_food/user9/7-2-3,7_Eat_food,7,user9,7-2-3,Depth_Color/7_Eat_food/user9/7-2-3,IR/7_Eat_food/user9/7-2-3,Thermal/7_Eat_food/user9/7-2-3,Skeleton/7_Eat_food/user9/7-2-3,IMU/7_Eat_food/user9/7-2-3,Radar/7_Eat_food/user9/7-2-3,1
8_Take_and_use_tableware/user1/1-2-1,8_Take_and_use_tableware,8,user1,1-2-1,Depth_Color/8_Take_and_use_tableware/user1/1-2-1,IR/8_Take_and_use_tableware/user1/1-2-1,Thermal/8_Take_and_use_tableware/user1/1-2-1,Skeleton/8_Take_and_use_tableware/user1/1-2-1,IMU/8_Take_and_use_tableware/user1/1-2-1,Radar/8_Take_and_use_tableware/user1/1-2-1,1
8_Take_and_use_tableware/user1/1-2-2,8_Take_and_use_tableware,8,user1,1-2-2,Depth_Color/8_Take_and_use_tableware/user1/1-2-2,IR/8_Take_and_use_tableware/user1/1-2-2,Thermal/8_Take_and_use_tableware/user1/1-2-2,Skeleton/8_Take_and_use_tableware/user1/1-2-2,IMU/8_Take_and_use_tableware/user1/1-2-2,Radar/8_Take_and_use_tableware/user1/1-2-2,1
8_Take_and_use_tableware/user1/2-1-1,8_Take_and_use_tableware,8,user1,2-1-1,Depth_Color/8_Take_and_use_tableware/user1/2-1-1,IR/8_Take_and_use_tableware/user1/2-1-1,Thermal/8_Take_and_use_tableware/user1/2-1-1,Skeleton/8_Take_and_use_tableware/user1/2-1-1,,,1
8_Take_and_use_tableware/user1/2-1-2,8_Take_and_use_tableware,8,user1,2-1-2,Depth_Color/8_Take_and_use_tableware/user1/2-1-2,IR/8_Take_and_use_tableware/user1/2-1-2,Thermal/8_Take_and_use_tableware/user1/2-1-2,Skeleton/8_Take_and_use_tableware/user1/2-1-2,IMU/8_Take_and_use_tableware/user1/2-1-2,Radar/8_Take_and_use_tableware/user1/2-1-2,1
8_Take_and_use_tableware/user1/2-1-3,8_Take_and_use_tableware,8,user1,2-1-3,Depth_Color/8_Take_and_use_tableware/user1/2-1-3,IR/8_Take_and_use_tableware/user1/2-1-3,Thermal/8_Take_and_use_tableware/user1/2-1-3,Skeleton/8_Take_and_use_tableware/user1/2-1-3,IMU/8_Take_and_use_tableware/user1/2-1-3,Radar/8_Take_and_use_tableware/user1/2-1-3,1
8_Take_and_use_tableware/user1/4-1-1,8_Take_and_use_tableware,8,user1,4-1-1,Depth_Color/8_Take_and_use_tableware/user1/4-1-1,IR/8_Take_and_use_tableware/user1/4-1-1,Thermal/8_Take_and_use_tableware/user1/4-1-1,Skeleton/8_Take_and_use_tableware/user1/4-1-1,IMU/8_Take_and_use_tableware/user1/4-1-1,Radar/8_Take_and_use_tableware/user1/4-1-1,1
8_Take_and_use_tableware/user1/4-1-2,8_Take_and_use_tableware,8,user1,4-1-2,Depth_Color/8_Take_and_use_tableware/user1/4-1-2,IR/8_Take_and_use_tableware/user1/4-1-2,Thermal/8_Take_and_use_tableware/user1/4-1-2,Skeleton/8_Take_and_use_tableware/user1/4-1-2,IMU/8_Take_and_use_tableware/user1/4-1-2,Radar/8_Take_and_use_tableware/user1/4-1-2,1
8_Take_and_use_tableware/user1/5-1-1,8_Take_and_use_tableware,8,user1,5-1-1,Depth_Color/8_Take_and_use_tableware/user1/5-1-1,IR/8_Take_and_use_tableware/user1/5-1-1,Thermal/8_Take_and_use_tableware/user1/5-1-1,Skeleton/8_Take_and_use_tableware/user1/5-1-1,IMU/8_Take_and_use_tableware/user1/5-1-1,Radar/8_Take_and_use_tableware/user1/5-1-1,1
8_Take_and_use_tableware/user1/5-1-2,8_Take_and_use_tableware,8,user1,5-1-2,Depth_Color/8_Take_and_use_tableware/user1/5-1-2,IR/8_Take_and_use_tableware/user1/5-1-2,Thermal/8_Take_and_use_tableware/user1/5-1-2,Skeleton/8_Take_and_use_tableware/user1/5-1-2,IMU/8_Take_and_use_tableware/user1/5-1-2,Radar/8_Take_and_use_tableware/user1/5-1-2,1
8_Take_and_use_tableware/user1/5-1-3,8_Take_and_use_tableware,8,user1,5-1-3,Depth_Color/8_Take_and_use_tableware/user1/5-1-3,IR/8_Take_and_use_tableware/user1/5-1-3,Thermal/8_Take_and_use_tableware/user1/5-1-3,Skeleton/8_Take_and_use_tableware/user1/5-1-3,IMU/8_Take_and_use_tableware/user1/5-1-3,Radar/8_Take_and_use_tableware/user1/5-1-3,1
8_Take_and_use_tableware/user16/6-2-1,8_Take_and_use_tableware,8,user16,6-2-1,Depth_Color/8_Take_and_use_tableware/user16/6-2-1,IR/8_Take_and_use_tableware/user16/6-2-1,Thermal/8_Take_and_use_tableware/user16/6-2-1,Skeleton/8_Take_and_use_tableware/user16/6-2-1,IMU/8_Take_and_use_tableware/user16/6-2-1,Radar/8_Take_and_use_tableware/user16/6-2-1,0
8_Take_and_use_tableware/user16/6-2-2,8_Take_and_use_tableware,8,user16,6-2-2,Depth_Color/8_Take_and_use_tableware/user16/6-2-2,IR/8_Take_and_use_tableware/user16/6-2-2,Thermal/8_Take_and_use_tableware/user16/6-2-2,Skeleton/8_Take_and_use_tableware/user16/6-2-2,IMU/8_Take_and_use_tableware/user16/6-2-2,Radar/8_Take_and_use_tableware/user16/6-2-2,0
8_Take_and_use_tableware/user16/6-2-3,8_Take_and_use_tableware,8,user16,6-2-3,Depth_Color/8_Take_and_use_tableware/user16/6-2-3,IR/8_Take_and_use_tableware/user16/6-2-3,Thermal/8_Take_and_use_tableware/user16/6-2-3,Skeleton/8_Take_and_use_tableware/user16/6-2-3,IMU/8_Take_and_use_tableware/user16/6-2-3,Radar/8_Take_and_use_tableware/user16/6-2-3,0
8_Take_and_use_tableware/user17/1-2-1,8_Take_and_use_tableware,8,user17,1-2-1,Depth_Color/8_Take_and_use_tableware/user17/1-2-1,IR/8_Take_and_use_tableware/user17/1-2-1,Thermal/8_Take_and_use_tableware/user17/1-2-1,Skeleton/8_Take_and_use_tableware/user17/1-2-1,IMU/8_Take_and_use_tableware/user17/1-2-1,Radar/8_Take_and_use_tableware/user17/1-2-1,2
8_Take_and_use_tableware/user17/1-2-2,8_Take_and_use_tableware,8,user17,1-2-2,Depth_Color/8_Take_and_use_tableware/user17/1-2-2,IR/8_Take_and_use_tableware/user17/1-2-2,Thermal/8_Take_and_use_tableware/user17/1-2-2,Skeleton/8_Take_and_use_tableware/user17/1-2-2,IMU/8_Take_and_use_tableware/user17/1-2-2,Radar/8_Take_and_use_tableware/user17/1-2-2,2
8_Take_and_use_tableware/user17/1-2-3,8_Take_and_use_tableware,8,user17,1-2-3,Depth_Color/8_Take_and_use_tableware/user17/1-2-3,IR/8_Take_and_use_tableware/user17/1-2-3,Thermal/8_Take_and_use_tableware/user17/1-2-3,Skeleton/8_Take_and_use_tableware/user17/1-2-3,IMU/8_Take_and_use_tableware/user17/1-2-3,Radar/8_Take_and_use_tableware/user17/1-2-3,2
8_Take_and_use_tableware/user17/2-1-1,8_Take_and_use_tableware,8,user17,2-1-1,Depth_Color/8_Take_and_use_tableware/user17/2-1-1,IR/8_Take_and_use_tableware/user17/2-1-1,Thermal/8_Take_and_use_tableware/user17/2-1-1,Skeleton/8_Take_and_use_tableware/user17/2-1-1,IMU/8_Take_and_use_tableware/user17/2-1-1,Radar/8_Take_and_use_tableware/user17/2-1-1,2
8_Take_and_use_tableware/user17/2-1-2,8_Take_and_use_tableware,8,user17,2-1-2,Depth_Color/8_Take_and_use_tableware/user17/2-1-2,IR/8_Take_and_use_tableware/user17/2-1-2,Thermal/8_Take_and_use_tableware/user17/2-1-2,Skeleton/8_Take_and_use_tableware/user17/2-1-2,IMU/8_Take_and_use_tableware/user17/2-1-2,Radar/8_Take_and_use_tableware/user17/2-1-2,2
8_Take_and_use_tableware/user17/2-1-3,8_Take_and_use_tableware,8,user17,2-1-3,Depth_Color/8_Take_and_use_tableware/user17/2-1-3,IR/8_Take_and_use_tableware/user17/2-1-3,Thermal/8_Take_and_use_tableware/user17/2-1-3,Skeleton/8_Take_and_use_tableware/user17/2-1-3,IMU/8_Take_and_use_tableware/user17/2-1-3,Radar/8_Take_and_use_tableware/user17/2-1-3,2
8_Take_and_use_tableware/user17/3-2-1,8_Take_and_use_tableware,8,user17,3-2-1,Depth_Color/8_Take_and_use_tableware/user17/3-2-1,IR/8_Take_and_use_tableware/user17/3-2-1,Thermal/8_Take_and_use_tableware/user17/3-2-1,Skeleton/8_Take_and_use_tableware/user17/3-2-1,IMU/8_Take_and_use_tableware/user17/3-2-1,Radar/8_Take_and_use_tableware/user17/3-2-1,2
8_Take_and_use_tableware/user17/3-2-2,8_Take_and_use_tableware,8,user17,3-2-2,Depth_Color/8_Take_and_use_tableware/user17/3-2-2,IR/8_Take_and_use_tableware/user17/3-2-2,Thermal/8_Take_and_use_tableware/user17/3-2-2,Skeleton/8_Take_and_use_tableware/user17/3-2-2,IMU/8_Take_and_use_tableware/user17/3-2-2,Radar/8_Take_and_use_tableware/user17/3-2-2,2
8_Take_and_use_tableware/user17/3-2-3,8_Take_and_use_tableware,8,user17,3-2-3,Depth_Color/8_Take_and_use_tableware/user17/3-2-3,IR/8_Take_and_use_tableware/user17/3-2-3,Thermal/8_Take_and_use_tableware/user17/3-2-3,Skeleton/8_Take_and_use_tableware/user17/3-2-3,IMU/8_Take_and_use_tableware/user17/3-2-3,Radar/8_Take_and_use_tableware/user17/3-2-3,2
8_Take_and_use_tableware/user19/7-2-1,8_Take_and_use_tableware,8,user19,7-2-1,Depth_Color/8_Take_and_use_tableware/user19/7-2-1,IR/8_Take_and_use_tableware/user19/7-2-1,Thermal/8_Take_and_use_tableware/user19/7-2-1,Skeleton/8_Take_and_use_tableware/user19/7-2-1,IMU/8_Take_and_use_tableware/user19/7-2-1,Radar/8_Take_and_use_tableware/user19/7-2-1,2
8_Take_and_use_tableware/user19/7-2-2,8_Take_and_use_tableware,8,user19,7-2-2,Depth_Color/8_Take_and_use_tableware/user19/7-2-2,IR/8_Take_and_use_tableware/user19/7-2-2,Thermal/8_Take_and_use_tableware/user19/7-2-2,Skeleton/8_Take_and_use_tableware/user19/7-2-2,IMU/8_Take_and_use_tableware/user19/7-2-2,Radar/8_Take_and_use_tableware/user19/7-2-2,2
8_Take_and_use_tableware/user19/7-2-3,8_Take_and_use_tableware,8,user19,7-2-3,Depth_Color/8_Take_and_use_tableware/user19/7-2-3,IR/8_Take_and_use_tableware/user19/7-2-3,Thermal/8_Take_and_use_tableware/user19/7-2-3,Skeleton/8_Take_and_use_tableware/user19/7-2-3,IMU/8_Take_and_use_tableware/user19/7-2-3,Radar/8_Take_and_use_tableware/user19/7-2-3,2
8_Take_and_use_tableware/user2/1-2-1,8_Take_and_use_tableware,8,user2,1-2-1,Depth_Color/8_Take_and_use_tableware/user2/1-2-1,IR/8_Take_and_use_tableware/user2/1-2-1,Thermal/8_Take_and_use_tableware/user2/1-2-1,Skeleton/8_Take_and_use_tableware/user2/1-2-1,IMU/8_Take_and_use_tableware/user2/1-2-1,Radar/8_Take_and_use_tableware/user2/1-2-1,0
8_Take_and_use_tableware/user2/1-2-2,8_Take_and_use_tableware,8,user2,1-2-2,Depth_Color/8_Take_and_use_tableware/user2/1-2-2,IR/8_Take_and_use_tableware/user2/1-2-2,Thermal/8_Take_and_use_tableware/user2/1-2-2,Skeleton/8_Take_and_use_tableware/user2/1-2-2,IMU/8_Take_and_use_tableware/user2/1-2-2,Radar/8_Take_and_use_tableware/user2/1-2-2,0
8_Take_and_use_tableware/user2/1-2-3,8_Take_and_use_tableware,8,user2,1-2-3,Depth_Color/8_Take_and_use_tableware/user2/1-2-3,IR/8_Take_and_use_tableware/user2/1-2-3,Thermal/8_Take_and_use_tableware/user2/1-2-3,Skeleton/8_Take_and_use_tableware/user2/1-2-3,IMU/8_Take_and_use_tableware/user2/1-2-3,Radar/8_Take_and_use_tableware/user2/1-2-3,0
8_Take_and_use_tableware/user2/2-1-1,8_Take_and_use_tableware,8,user2,2-1-1,Depth_Color/8_Take_and_use_tableware/user2/2-1-1,IR/8_Take_and_use_tableware/user2/2-1-1,Thermal/8_Take_and_use_tableware/user2/2-1-1,Skeleton/8_Take_and_use_tableware/user2/2-1-1,IMU/8_Take_and_use_tableware/user2/2-1-1,Radar/8_Take_and_use_tableware/user2/2-1-1,0
8_Take_and_use_tableware/user2/2-1-2,8_Take_and_use_tableware,8,user2,2-1-2,Depth_Color/8_Take_and_use_tableware/user2/2-1-2,IR/8_Take_and_use_tableware/user2/2-1-2,Thermal/8_Take_and_use_tableware/user2/2-1-2,Skeleton/8_Take_and_use_tableware/user2/2-1-2,IMU/8_Take_and_use_tableware/user2/2-1-2,Radar/8_Take_and_use_tableware/user2/2-1-2,0
8_Take_and_use_tableware/user2/2-1-3,8_Take_and_use_tableware,8,user2,2-1-3,Depth_Color/8_Take_and_use_tableware/user2/2-1-3,IR/8_Take_and_use_tableware/user2/2-1-3,Thermal/8_Take_and_use_tableware/user2/2-1-3,Skeleton/8_Take_and_use_tableware/user2/2-1-3,IMU/8_Take_and_use_tableware/user2/2-1-3,Radar/8_Take_and_use_tableware/user2/2-1-3,0
8_Take_and_use_tableware/user2/2-2-1,8_Take_and_use_tableware,8,user2,2-2-1,Depth_Color/8_Take_and_use_tableware/user2/2-2-1,IR/8_Take_and_use_tableware/user2/2-2-1,Thermal/8_Take_and_use_tableware/user2/2-2-1,Skeleton/8_Take_and_use_tableware/user2/2-2-1,IMU/8_Take_and_use_tableware/user2/2-2-1,Radar/8_Take_and_use_tableware/user2/2-2-1,0
8_Take_and_use_tableware/user2/2-2-2,8_Take_and_use_tableware,8,user2,2-2-2,Depth_Color/8_Take_and_use_tableware/user2/2-2-2,IR/8_Take_and_use_tableware/user2/2-2-2,Thermal/8_Take_and_use_tableware/user2/2-2-2,Skeleton/8_Take_and_use_tableware/user2/2-2-2,IMU/8_Take_and_use_tableware/user2/2-2-2,Radar/8_Take_and_use_tableware/user2/2-2-2,0
8_Take_and_use_tableware/user2/2-2-3,8_Take_and_use_tableware,8,user2,2-2-3,Depth_Color/8_Take_and_use_tableware/user2/2-2-3,IR/8_Take_and_use_tableware/user2/2-2-3,Thermal/8_Take_and_use_tableware/user2/2-2-3,Skeleton/8_Take_and_use_tableware/user2/2-2-3,IMU/8_Take_and_use_tableware/user2/2-2-3,Radar/8_Take_and_use_tableware/user2/2-2-3,0
8_Take_and_use_tableware/user2/4-2-1,8_Take_and_use_tableware,8,user2,4-2-1,Depth_Color/8_Take_and_use_tableware/user2/4-2-1,IR/8_Take_and_use_tableware/user2/4-2-1,Thermal/8_Take_and_use_tableware/user2/4-2-1,Skeleton/8_Take_and_use_tableware/user2/4-2-1,IMU/8_Take_and_use_tableware/user2/4-2-1,Radar/8_Take_and_use_tableware/user2/4-2-1,0
8_Take_and_use_tableware/user2/4-2-2,8_Take_and_use_tableware,8,user2,4-2-2,Depth_Color/8_Take_and_use_tableware/user2/4-2-2,IR/8_Take_and_use_tableware/user2/4-2-2,Thermal/8_Take_and_use_tableware/user2/4-2-2,Skeleton/8_Take_and_use_tableware/user2/4-2-2,IMU/8_Take_and_use_tableware/user2/4-2-2,Radar/8_Take_and_use_tableware/user2/4-2-2,0
8_Take_and_use_tableware/user2/4-2-3,8_Take_and_use_tableware,8,user2,4-2-3,Depth_Color/8_Take_and_use_tableware/user2/4-2-3,IR/8_Take_and_use_tableware/user2/4-2-3,Thermal/8_Take_and_use_tableware/user2/4-2-3,Skeleton/8_Take_and_use_tableware/user2/4-2-3,IMU/8_Take_and_use_tableware/user2/4-2-3,Radar/8_Take_and_use_tableware/user2/4-2-3,0
8_Take_and_use_tableware/user20/2-1-1,8_Take_and_use_tableware,8,user20,2-1-1,Depth_Color/8_Take_and_use_tableware/user20/2-1-1,IR/8_Take_and_use_tableware/user20/2-1-1,Thermal/8_Take_and_use_tableware/user20/2-1-1,Skeleton/8_Take_and_use_tableware/user20/2-1-1,IMU/8_Take_and_use_tableware/user20/2-1-1,Radar/8_Take_and_use_tableware/user20/2-1-1,0
8_Take_and_use_tableware/user20/2-1-2,8_Take_and_use_tableware,8,user20,2-1-2,Depth_Color/8_Take_and_use_tableware/user20/2-1-2,IR/8_Take_and_use_tableware/user20/2-1-2,Thermal/8_Take_and_use_tableware/user20/2-1-2,Skeleton/8_Take_and_use_tableware/user20/2-1-2,IMU/8_Take_and_use_tableware/user20/2-1-2,Radar/8_Take_and_use_tableware/user20/2-1-2,0
8_Take_and_use_tableware/user20/2-1-3,8_Take_and_use_tableware,8,user20,2-1-3,Depth_Color/8_Take_and_use_tableware/user20/2-1-3,IR/8_Take_and_use_tableware/user20/2-1-3,Thermal/8_Take_and_use_tableware/user20/2-1-3,Skeleton/8_Take_and_use_tableware/user20/2-1-3,IMU/8_Take_and_use_tableware/user20/2-1-3,Radar/8_Take_and_use_tableware/user20/2-1-3,0
8_Take_and_use_tableware/user21/2-1-1,8_Take_and_use_tableware,8,user21,2-1-1,Depth_Color/8_Take_and_use_tableware/user21/2-1-1,IR/8_Take_and_use_tableware/user21/2-1-1,Thermal/8_Take_and_use_tableware/user21/2-1-1,Skeleton/8_Take_and_use_tableware/user21/2-1-1,IMU/8_Take_and_use_tableware/user21/2-1-1,Radar/8_Take_and_use_tableware/user21/2-1-1,0
8_Take_and_use_tableware/user21/2-1-2,8_Take_and_use_tableware,8,user21,2-1-2,Depth_Color/8_Take_and_use_tableware/user21/2-1-2,IR/8_Take_and_use_tableware/user21/2-1-2,Thermal/8_Take_and_use_tableware/user21/2-1-2,Skeleton/8_Take_and_use_tableware/user21/2-1-2,IMU/8_Take_and_use_tableware/user21/2-1-2,Radar/8_Take_and_use_tableware/user21/2-1-2,0
8_Take_and_use_tableware/user21/2-1-3,8_Take_and_use_tableware,8,user21,2-1-3,Depth_Color/8_Take_and_use_tableware/user21/2-1-3,IR/8_Take_and_use_tableware/user21/2-1-3,Thermal/8_Take_and_use_tableware/user21/2-1-3,Skeleton/8_Take_and_use_tableware/user21/2-1-3,IMU/8_Take_and_use_tableware/user21/2-1-3,Radar/8_Take_and_use_tableware/user21/2-1-3,0
8_Take_and_use_tableware/user21/3-1-1,8_Take_and_use_tableware,8,user21,3-1-1,Depth_Color/8_Take_and_use_tableware/user21/3-1-1,IR/8_Take_and_use_tableware/user21/3-1-1,Thermal/8_Take_and_use_tableware/user21/3-1-1,Skeleton/8_Take_and_use_tableware/user21/3-1-1,IMU/8_Take_and_use_tableware/user21/3-1-1,Radar/8_Take_and_use_tableware/user21/3-1-1,0
8_Take_and_use_tableware/user21/7-1-1,8_Take_and_use_tableware,8,user21,7-1-1,Depth_Color/8_Take_and_use_tableware/user21/7-1-1,IR/8_Take_and_use_tableware/user21/7-1-1,Thermal/8_Take_and_use_tableware/user21/7-1-1,Skeleton/8_Take_and_use_tableware/user21/7-1-1,IMU/8_Take_and_use_tableware/user21/7-1-1,Radar/8_Take_and_use_tableware/user21/7-1-1,0
8_Take_and_use_tableware/user21/7-1-2,8_Take_and_use_tableware,8,user21,7-1-2,Depth_Color/8_Take_and_use_tableware/user21/7-1-2,IR/8_Take_and_use_tableware/user21/7-1-2,Thermal/8_Take_and_use_tableware/user21/7-1-2,Skeleton/8_Take_and_use_tableware/user21/7-1-2,IMU/8_Take_and_use_tableware/user21/7-1-2,Radar/8_Take_and_use_tableware/user21/7-1-2,0
8_Take_and_use_tableware/user21/7-1-3,8_Take_and_use_tableware,8,user21,7-1-3,Depth_Color/8_Take_and_use_tableware/user21/7-1-3,IR/8_Take_and_use_tableware/user21/7-1-3,Thermal/8_Take_and_use_tableware/user21/7-1-3,Skeleton/8_Take_and_use_tableware/user21/7-1-3,IMU/8_Take_and_use_tableware/user21/7-1-3,Radar/8_Take_and_use_tableware/user21/7-1-3,0
8_Take_and_use_tableware/user22/2-1-1,8_Take_and_use_tableware,8,user22,2-1-1,Depth_Color/8_Take_and_use_tableware/user22/2-1-1,IR/8_Take_and_use_tableware/user22/2-1-1,Thermal/8_Take_and_use_tableware/user22/2-1-1,Skeleton/8_Take_and_use_tableware/user22/2-1-1,IMU/8_Take_and_use_tableware/user22/2-1-1,Radar/8_Take_and_use_tableware/user22/2-1-1,1
8_Take_and_use_tableware/user22/2-1-2,8_Take_and_use_tableware,8,user22,2-1-2,Depth_Color/8_Take_and_use_tableware/user22/2-1-2,IR/8_Take_and_use_tableware/user22/2-1-2,Thermal/8_Take_and_use_tableware/user22/2-1-2,Skeleton/8_Take_and_use_tableware/user22/2-1-2,IMU/8_Take_and_use_tableware/user22/2-1-2,Radar/8_Take_and_use_tableware/user22/2-1-2,1
8_Take_and_use_tableware/user22/2-1-3,8_Take_and_use_tableware,8,user22,2-1-3,Depth_Color/8_Take_and_use_tableware/user22/2-1-3,IR/8_Take_and_use_tableware/user22/2-1-3,Thermal/8_Take_and_use_tableware/user22/2-1-3,Skeleton/8_Take_and_use_tableware/user22/2-1-3,IMU/8_Take_and_use_tableware/user22/2-1-3,Radar/8_Take_and_use_tableware/user22/2-1-3,1
8_Take_and_use_tableware/user22/6-2-1,8_Take_and_use_tableware,8,user22,6-2-1,Depth_Color/8_Take_and_use_tableware/user22/6-2-1,IR/8_Take_and_use_tableware/user22/6-2-1,Thermal/8_Take_and_use_tableware/user22/6-2-1,Skeleton/8_Take_and_use_tableware/user22/6-2-1,IMU/8_Take_and_use_tableware/user22/6-2-1,Radar/8_Take_and_use_tableware/user22/6-2-1,1
8_Take_and_use_tableware/user22/6-2-2,8_Take_and_use_tableware,8,user22,6-2-2,Depth_Color/8_Take_and_use_tableware/user22/6-2-2,IR/8_Take_and_use_tableware/user22/6-2-2,Thermal/8_Take_and_use_tableware/user22/6-2-2,Skeleton/8_Take_and_use_tableware/user22/6-2-2,IMU/8_Take_and_use_tableware/user22/6-2-2,Radar/8_Take_and_use_tableware/user22/6-2-2,1
8_Take_and_use_tableware/user22/6-2-3,8_Take_and_use_tableware,8,user22,6-2-3,Depth_Color/8_Take_and_use_tableware/user22/6-2-3,IR/8_Take_and_use_tableware/user22/6-2-3,Thermal/8_Take_and_use_tableware/user22/6-2-3,Skeleton/8_Take_and_use_tableware/user22/6-2-3,IMU/8_Take_and_use_tableware/user22/6-2-3,Radar/8_Take_and_use_tableware/user22/6-2-3,1
8_Take_and_use_tableware/user3/4-1-1,8_Take_and_use_tableware,8,user3,4-1-1,Depth_Color/8_Take_and_use_tableware/user3/4-1-1,IR/8_Take_and_use_tableware/user3/4-1-1,Thermal/8_Take_and_use_tableware/user3/4-1-1,Skeleton/8_Take_and_use_tableware/user3/4-1-1,IMU/8_Take_and_use_tableware/user3/4-1-1,Radar/8_Take_and_use_tableware/user3/4-1-1,2
8_Take_and_use_tableware/user3/4-1-2,8_Take_and_use_tableware,8,user3,4-1-2,Depth_Color/8_Take_and_use_tableware/user3/4-1-2,IR/8_Take_and_use_tableware/user3/4-1-2,Thermal/8_Take_and_use_tableware/user3/4-1-2,Skeleton/8_Take_and_use_tableware/user3/4-1-2,IMU/8_Take_and_use_tableware/user3/4-1-2,Radar/8_Take_and_use_tableware/user3/4-1-2,2
8_Take_and_use_tableware/user3/4-1-3,8_Take_and_use_tableware,8,user3,4-1-3,Depth_Color/8_Take_and_use_tableware/user3/4-1-3,IR/8_Take_and_use_tableware/user3/4-1-3,Thermal/8_Take_and_use_tableware/user3/4-1-3,Skeleton/8_Take_and_use_tableware/user3/4-1-3,IMU/8_Take_and_use_tableware/user3/4-1-3,Radar/8_Take_and_use_tableware/user3/4-1-3,2
8_Take_and_use_tableware/user3/5-1-1,8_Take_and_use_tableware,8,user3,5-1-1,Depth_Color/8_Take_and_use_tableware/user3/5-1-1,IR/8_Take_and_use_tableware/user3/5-1-1,,Skeleton/8_Take_and_use_tableware/user3/5-1-1,IMU/8_Take_and_use_tableware/user3/5-1-1,Radar/8_Take_and_use_tableware/user3/5-1-1,2
8_Take_and_use_tableware/user3/5-1-2,8_Take_and_use_tableware,8,user3,5-1-2,Depth_Color/8_Take_and_use_tableware/user3/5-1-2,IR/8_Take_and_use_tableware/user3/5-1-2,,Skeleton/8_Take_and_use_tableware/user3/5-1-2,IMU/8_Take_and_use_tableware/user3/5-1-2,Radar/8_Take_and_use_tableware/user3/5-1-2,2
8_Take_and_use_tableware/user3/5-1-3,8_Take_and_use_tableware,8,user3,5-1-3,Depth_Color/8_Take_and_use_tableware/user3/5-1-3,IR/8_Take_and_use_tableware/user3/5-1-3,Thermal/8_Take_and_use_tableware/user3/5-1-3,Skeleton/8_Take_and_use_tableware/user3/5-1-3,IMU/8_Take_and_use_tableware/user3/5-1-3,Radar/8_Take_and_use_tableware/user3/5-1-3,2
8_Take_and_use_tableware/user3/5-2-1,8_Take_and_use_tableware,8,user3,5-2-1,Depth_Color/8_Take_and_use_tableware/user3/5-2-1,IR/8_Take_and_use_tableware/user3/5-2-1,Thermal/8_Take_and_use_tableware/user3/5-2-1,Skeleton/8_Take_and_use_tableware/user3/5-2-1,IMU/8_Take_and_use_tableware/user3/5-2-1,Radar/8_Take_and_use_tableware/user3/5-2-1,2
8_Take_and_use_tableware/user3/5-2-2,8_Take_and_use_tableware,8,user3,5-2-2,Depth_Color/8_Take_and_use_tableware/user3/5-2-2,IR/8_Take_and_use_tableware/user3/5-2-2,Thermal/8_Take_and_use_tableware/user3/5-2-2,Skeleton/8_Take_and_use_tableware/user3/5-2-2,IMU/8_Take_and_use_tableware/user3/5-2-2,Radar/8_Take_and_use_tableware/user3/5-2-2,2
8_Take_and_use_tableware/user3/5-2-3,8_Take_and_use_tableware,8,user3,5-2-3,Depth_Color/8_Take_and_use_tableware/user3/5-2-3,IR/8_Take_and_use_tableware/user3/5-2-3,,Skeleton/8_Take_and_use_tableware/user3/5-2-3,IMU/8_Take_and_use_tableware/user3/5-2-3,Radar/8_Take_and_use_tableware/user3/5-2-3,2
8_Take_and_use_tableware/user3/6-1-1,8_Take_and_use_tableware,8,user3,6-1-1,Depth_Color/8_Take_and_use_tableware/user3/6-1-1,IR/8_Take_and_use_tableware/user3/6-1-1,Thermal/8_Take_and_use_tableware/user3/6-1-1,Skeleton/8_Take_and_use_tableware/user3/6-1-1,IMU/8_Take_and_use_tableware/user3/6-1-1,Radar/8_Take_and_use_tableware/user3/6-1-1,2
8_Take_and_use_tableware/user3/6-1-2,8_Take_and_use_tableware,8,user3,6-1-2,Depth_Color/8_Take_and_use_tableware/user3/6-1-2,IR/8_Take_and_use_tableware/user3/6-1-2,Thermal/8_Take_and_use_tableware/user3/6-1-2,Skeleton/8_Take_and_use_tableware/user3/6-1-2,IMU/8_Take_and_use_tableware/user3/6-1-2,Radar/8_Take_and_use_tableware/user3/6-1-2,2
8_Take_and_use_tableware/user3/6-1-3,8_Take_and_use_tableware,8,user3,6-1-3,Depth_Color/8_Take_and_use_tableware/user3/6-1-3,IR/8_Take_and_use_tableware/user3/6-1-3,Thermal/8_Take_and_use_tableware/user3/6-1-3,Skeleton/8_Take_and_use_tableware/user3/6-1-3,IMU/8_Take_and_use_tableware/user3/6-1-3,Radar/8_Take_and_use_tableware/user3/6-1-3,2
8_Take_and_use_tableware/user4/1-2-1,8_Take_and_use_tableware,8,user4,1-2-1,Depth_Color/8_Take_and_use_tableware/user4/1-2-1,IR/8_Take_and_use_tableware/user4/1-2-1,Thermal/8_Take_and_use_tableware/user4/1-2-1,Skeleton/8_Take_and_use_tableware/user4/1-2-1,IMU/8_Take_and_use_tableware/user4/1-2-1,Radar/8_Take_and_use_tableware/user4/1-2-1,1
8_Take_and_use_tableware/user4/1-2-2,8_Take_and_use_tableware,8,user4,1-2-2,Depth_Color/8_Take_and_use_tableware/user4/1-2-2,IR/8_Take_and_use_tableware/user4/1-2-2,Thermal/8_Take_and_use_tableware/user4/1-2-2,Skeleton/8_Take_and_use_tableware/user4/1-2-2,IMU/8_Take_and_use_tableware/user4/1-2-2,Radar/8_Take_and_use_tableware/user4/1-2-2,1
8_Take_and_use_tableware/user4/2-1-1,8_Take_and_use_tableware,8,user4,2-1-1,Depth_Color/8_Take_and_use_tableware/user4/2-1-1,IR/8_Take_and_use_tableware/user4/2-1-1,Thermal/8_Take_and_use_tableware/user4/2-1-1,Skeleton/8_Take_and_use_tableware/user4/2-1-1,IMU/8_Take_and_use_tableware/user4/2-1-1,Radar/8_Take_and_use_tableware/user4/2-1-1,1
8_Take_and_use_tableware/user4/2-1-2,8_Take_and_use_tableware,8,user4,2-1-2,Depth_Color/8_Take_and_use_tableware/user4/2-1-2,IR/8_Take_and_use_tableware/user4/2-1-2,Thermal/8_Take_and_use_tableware/user4/2-1-2,Skeleton/8_Take_and_use_tableware/user4/2-1-2,IMU/8_Take_and_use_tableware/user4/2-1-2,Radar/8_Take_and_use_tableware/user4/2-1-2,1
8_Take_and_use_tableware/user4/2-1-3,8_Take_and_use_tableware,8,user4,2-1-3,Depth_Color/8_Take_and_use_tableware/user4/2-1-3,IR/8_Take_and_use_tableware/user4/2-1-3,Thermal/8_Take_and_use_tableware/user4/2-1-3,Skeleton/8_Take_and_use_tableware/user4/2-1-3,IMU/8_Take_and_use_tableware/user4/2-1-3,Radar/8_Take_and_use_tableware/user4/2-1-3,1
8_Take_and_use_tableware/user6/1-2-1,8_Take_and_use_tableware,8,user6,1-2-1,Depth_Color/8_Take_and_use_tableware/user6/1-2-1,IR/8_Take_and_use_tableware/user6/1-2-1,Thermal/8_Take_and_use_tableware/user6/1-2-1,Skeleton/8_Take_and_use_tableware/user6/1-2-1,IMU/8_Take_and_use_tableware/user6/1-2-1,Radar/8_Take_and_use_tableware/user6/1-2-1,1
8_Take_and_use_tableware/user6/1-2-2,8_Take_and_use_tableware,8,user6,1-2-2,Depth_Color/8_Take_and_use_tableware/user6/1-2-2,IR/8_Take_and_use_tableware/user6/1-2-2,Thermal/8_Take_and_use_tableware/user6/1-2-2,Skeleton/8_Take_and_use_tableware/user6/1-2-2,IMU/8_Take_and_use_tableware/user6/1-2-2,Radar/8_Take_and_use_tableware/user6/1-2-2,1
8_Take_and_use_tableware/user6/1-2-3,8_Take_and_use_tableware,8,user6,1-2-3,Depth_Color/8_Take_and_use_tableware/user6/1-2-3,IR/8_Take_and_use_tableware/user6/1-2-3,Thermal/8_Take_and_use_tableware/user6/1-2-3,Skeleton/8_Take_and_use_tableware/user6/1-2-3,IMU/8_Take_and_use_tableware/user6/1-2-3,Radar/8_Take_and_use_tableware/user6/1-2-3,1
8_Take_and_use_tableware/user6/2-1-1,8_Take_and_use_tableware,8,user6,2-1-1,Depth_Color/8_Take_and_use_tableware/user6/2-1-1,IR/8_Take_and_use_tableware/user6/2-1-1,Thermal/8_Take_and_use_tableware/user6/2-1-1,Skeleton/8_Take_and_use_tableware/user6/2-1-1,IMU/8_Take_and_use_tableware/user6/2-1-1,Radar/8_Take_and_use_tableware/user6/2-1-1,1
8_Take_and_use_tableware/user6/2-1-2,8_Take_and_use_tableware,8,user6,2-1-2,Depth_Color/8_Take_and_use_tableware/user6/2-1-2,IR/8_Take_and_use_tableware/user6/2-1-2,Thermal/8_Take_and_use_tableware/user6/2-1-2,Skeleton/8_Take_and_use_tableware/user6/2-1-2,IMU/8_Take_and_use_tableware/user6/2-1-2,Radar/8_Take_and_use_tableware/user6/2-1-2,1
8_Take_and_use_tableware/user6/2-1-3,8_Take_and_use_tableware,8,user6,2-1-3,Depth_Color/8_Take_and_use_tableware/user6/2-1-3,IR/8_Take_and_use_tableware/user6/2-1-3,Thermal/8_Take_and_use_tableware/user6/2-1-3,Skeleton/8_Take_and_use_tableware/user6/2-1-3,IMU/8_Take_and_use_tableware/user6/2-1-3,Radar/8_Take_and_use_tableware/user6/2-1-3,1
8_Take_and_use_tableware/user6/2-3-1,8_Take_and_use_tableware,8,user6,2-3-1,Depth_Color/8_Take_and_use_tableware/user6/2-3-1,IR/8_Take_and_use_tableware/user6/2-3-1,Thermal/8_Take_and_use_tableware/user6/2-3-1,Skeleton/8_Take_and_use_tableware/user6/2-3-1,IMU/8_Take_and_use_tableware/user6/2-3-1,Radar/8_Take_and_use_tableware/user6/2-3-1,1
8_Take_and_use_tableware/user6/2-3-2,8_Take_and_use_tableware,8,user6,2-3-2,Depth_Color/8_Take_and_use_tableware/user6/2-3-2,IR/8_Take_and_use_tableware/user6/2-3-2,Thermal/8_Take_and_use_tableware/user6/2-3-2,Skeleton/8_Take_and_use_tableware/user6/2-3-2,IMU/8_Take_and_use_tableware/user6/2-3-2,Radar/8_Take_and_use_tableware/user6/2-3-2,1
8_Take_and_use_tableware/user6/2-3-3,8_Take_and_use_tableware,8,user6,2-3-3,Depth_Color/8_Take_and_use_tableware/user6/2-3-3,IR/8_Take_and_use_tableware/user6/2-3-3,Thermal/8_Take_and_use_tableware/user6/2-3-3,Skeleton/8_Take_and_use_tableware/user6/2-3-3,IMU/8_Take_and_use_tableware/user6/2-3-3,Radar/8_Take_and_use_tableware/user6/2-3-3,1
8_Take_and_use_tableware/user6/6-2-1,8_Take_and_use_tableware,8,user6,6-2-1,Depth_Color/8_Take_and_use_tableware/user6/6-2-1,IR/8_Take_and_use_tableware/user6/6-2-1,Thermal/8_Take_and_use_tableware/user6/6-2-1,Skeleton/8_Take_and_use_tableware/user6/6-2-1,IMU/8_Take_and_use_tableware/user6/6-2-1,Radar/8_Take_and_use_tableware/user6/6-2-1,1
8_Take_and_use_tableware/user6/6-2-2,8_Take_and_use_tableware,8,user6,6-2-2,Depth_Color/8_Take_and_use_tableware/user6/6-2-2,IR/8_Take_and_use_tableware/user6/6-2-2,Thermal/8_Take_and_use_tableware/user6/6-2-2,Skeleton/8_Take_and_use_tableware/user6/6-2-2,IMU/8_Take_and_use_tableware/user6/6-2-2,Radar/8_Take_and_use_tableware/user6/6-2-2,1
8_Take_and_use_tableware/user6/6-2-3,8_Take_and_use_tableware,8,user6,6-2-3,Depth_Color/8_Take_and_use_tableware/user6/6-2-3,IR/8_Take_and_use_tableware/user6/6-2-3,Thermal/8_Take_and_use_tableware/user6/6-2-3,Skeleton/8_Take_and_use_tableware/user6/6-2-3,IMU/8_Take_and_use_tableware/user6/6-2-3,Radar/8_Take_and_use_tableware/user6/6-2-3,1
8_Take_and_use_tableware/user6/7-2-1,8_Take_and_use_tableware,8,user6,7-2-1,Depth_Color/8_Take_and_use_tableware/user6/7-2-1,IR/8_Take_and_use_tableware/user6/7-2-1,Thermal/8_Take_and_use_tableware/user6/7-2-1,Skeleton/8_Take_and_use_tableware/user6/7-2-1,IMU/8_Take_and_use_tableware/user6/7-2-1,Radar/8_Take_and_use_tableware/user6/7-2-1,1
8_Take_and_use_tableware/user6/7-2-2,8_Take_and_use_tableware,8,user6,7-2-2,Depth_Color/8_Take_and_use_tableware/user6/7-2-2,IR/8_Take_and_use_tableware/user6/7-2-2,Thermal/8_Take_and_use_tableware/user6/7-2-2,Skeleton/8_Take_and_use_tableware/user6/7-2-2,IMU/8_Take_and_use_tableware/user6/7-2-2,Radar/8_Take_and_use_tableware/user6/7-2-2,1
8_Take_and_use_tableware/user6/7-2-3,8_Take_and_use_tableware,8,user6,7-2-3,Depth_Color/8_Take_and_use_tableware/user6/7-2-3,IR/8_Take_and_use_tableware/user6/7-2-3,Thermal/8_Take_and_use_tableware/user6/7-2-3,Skeleton/8_Take_and_use_tableware/user6/7-2-3,IMU/8_Take_and_use_tableware/user6/7-2-3,Radar/8_Take_and_use_tableware/user6/7-2-3,1
8_Take_and_use_tableware/user7/1-2-1,8_Take_and_use_tableware,8,user7,1-2-1,Depth_Color/8_Take_and_use_tableware/user7/1-2-1,IR/8_Take_and_use_tableware/user7/1-2-1,Thermal/8_Take_and_use_tableware/user7/1-2-1,Skeleton/8_Take_and_use_tableware/user7/1-2-1,IMU/8_Take_and_use_tableware/user7/1-2-1,Radar/8_Take_and_use_tableware/user7/1-2-1,0
8_Take_and_use_tableware/user7/1-2-2,8_Take_and_use_tableware,8,user7,1-2-2,Depth_Color/8_Take_and_use_tableware/user7/1-2-2,IR/8_Take_and_use_tableware/user7/1-2-2,Thermal/8_Take_and_use_tableware/user7/1-2-2,Skeleton/8_Take_and_use_tableware/user7/1-2-2,IMU/8_Take_and_use_tableware/user7/1-2-2,Radar/8_Take_and_use_tableware/user7/1-2-2,0
8_Take_and_use_tableware/user7/1-2-3,8_Take_and_use_tableware,8,user7,1-2-3,Depth_Color/8_Take_and_use_tableware/user7/1-2-3,IR/8_Take_and_use_tableware/user7/1-2-3,Thermal/8_Take_and_use_tableware/user7/1-2-3,Skeleton/8_Take_and_use_tableware/user7/1-2-3,IMU/8_Take_and_use_tableware/user7/1-2-3,Radar/8_Take_and_use_tableware/user7/1-2-3,0
8_Take_and_use_tableware/user7/2-1-1,8_Take_and_use_tableware,8,user7,2-1-1,Depth_Color/8_Take_and_use_tableware/user7/2-1-1,IR/8_Take_and_use_tableware/user7/2-1-1,Thermal/8_Take_and_use_tableware/user7/2-1-1,Skeleton/8_Take_and_use_tableware/user7/2-1-1,IMU/8_Take_and_use_tableware/user7/2-1-1,Radar/8_Take_and_use_tableware/user7/2-1-1,0
8_Take_and_use_tableware/user7/2-1-2,8_Take_and_use_tableware,8,user7,2-1-2,Depth_Color/8_Take_and_use_tableware/user7/2-1-2,IR/8_Take_and_use_tableware/user7/2-1-2,Thermal/8_Take_and_use_tableware/user7/2-1-2,Skeleton/8_Take_and_use_tableware/user7/2-1-2,IMU/8_Take_and_use_tableware/user7/2-1-2,Radar/8_Take_and_use_tableware/user7/2-1-2,0
8_Take_and_use_tableware/user7/2-1-3,8_Take_and_use_tableware,8,user7,2-1-3,Depth_Color/8_Take_and_use_tableware/user7/2-1-3,IR/8_Take_and_use_tableware/user7/2-1-3,Thermal/8_Take_and_use_tableware/user7/2-1-3,Skeleton/8_Take_and_use_tableware/user7/2-1-3,IMU/8_Take_and_use_tableware/user7/2-1-3,Radar/8_Take_and_use_tableware/user7/2-1-3,0
8_Take_and_use_tableware/user7/3-2-1,8_Take_and_use_tableware,8,user7,3-2-1,Depth_Color/8_Take_and_use_tableware/user7/3-2-1,IR/8_Take_and_use_tableware/user7/3-2-1,Thermal/8_Take_and_use_tableware/user7/3-2-1,Skeleton/8_Take_and_use_tableware/user7/3-2-1,IMU/8_Take_and_use_tableware/user7/3-2-1,Radar/8_Take_and_use_tableware/user7/3-2-1,0
8_Take_and_use_tableware/user7/3-2-2,8_Take_and_use_tableware,8,user7,3-2-2,Depth_Color/8_Take_and_use_tableware/user7/3-2-2,IR/8_Take_and_use_tableware/user7/3-2-2,Thermal/8_Take_and_use_tableware/user7/3-2-2,Skeleton/8_Take_and_use_tableware/user7/3-2-2,IMU/8_Take_and_use_tableware/user7/3-2-2,Radar/8_Take_and_use_tableware/user7/3-2-2,0
8_Take_and_use_tableware/user7/3-2-3,8_Take_and_use_tableware,8,user7,3-2-3,Depth_Color/8_Take_and_use_tableware/user7/3-2-3,IR/8_Take_and_use_tableware/user7/3-2-3,Thermal/8_Take_and_use_tableware/user7/3-2-3,Skeleton/8_Take_and_use_tableware/user7/3-2-3,IMU/8_Take_and_use_tableware/user7/3-2-3,Radar/8_Take_and_use_tableware/user7/3-2-3,0
8_Take_and_use_tableware/user7/5-3-1,8_Take_and_use_tableware,8,user7,5-3-1,Depth_Color/8_Take_and_use_tableware/user7/5-3-1,IR/8_Take_and_use_tableware/user7/5-3-1,Thermal/8_Take_and_use_tableware/user7/5-3-1,Skeleton/8_Take_and_use_tableware/user7/5-3-1,IMU/8_Take_and_use_tableware/user7/5-3-1,Radar/8_Take_and_use_tableware/user7/5-3-1,0
8_Take_and_use_tableware/user7/5-3-2,8_Take_and_use_tableware,8,user7,5-3-2,Depth_Color/8_Take_and_use_tableware/user7/5-3-2,IR/8_Take_and_use_tableware/user7/5-3-2,Thermal/8_Take_and_use_tableware/user7/5-3-2,Skeleton/8_Take_and_use_tableware/user7/5-3-2,IMU/8_Take_and_use_tableware/user7/5-3-2,Radar/8_Take_and_use_tableware/user7/5-3-2,0
8_Take_and_use_tableware/user7/5-3-3,8_Take_and_use_tableware,8,user7,5-3-3,Depth_Color/8_Take_and_use_tableware/user7/5-3-3,IR/8_Take_and_use_tableware/user7/5-3-3,Thermal/8_Take_and_use_tableware/user7/5-3-3,Skeleton/8_Take_and_use_tableware/user7/5-3-3,IMU/8_Take_and_use_tableware/user7/5-3-3,Radar/8_Take_and_use_tableware/user7/5-3-3,0
9_Pour_drinks/user1/2-1-1,9_Pour_drinks,9,user1,2-1-1,Depth_Color/9_Pour_drinks/user1/2-1-1,IR/9_Pour_drinks/user1/2-1-1,Thermal/9_Pour_drinks/user1/2-1-1,Skeleton/9_Pour_drinks/user1/2-1-1,,,1
9_Pour_drinks/user1/2-1-2,9_Pour_drinks,9,user1,2-1-2,Depth_Color/9_Pour_drinks/user1/2-1-2,IR/9_Pour_drinks/user1/2-1-2,Thermal/9_Pour_drinks/user1/2-1-2,Skeleton/9_Pour_drinks/user1/2-1-2,IMU/9_Pour_drinks/user1/2-1-2,Radar/9_Pour_drinks/user1/2-1-2,1
9_Pour_drinks/user1/2-1-3,9_Pour_drinks,9,user1,2-1-3,Depth_Color/9_Pour_drinks/user1/2-1-3,IR/9_Pour_drinks/user1/2-1-3,Thermal/9_Pour_drinks/user1/2-1-3,Skeleton/9_Pour_drinks/user1/2-1-3,IMU/9_Pour_drinks/user1/2-1-3,Radar/9_Pour_drinks/user1/2-1-3,1
9_Pour_drinks/user1/4-1-1,9_Pour_drinks,9,user1,4-1-1,Depth_Color/9_Pour_drinks/user1/4-1-1,IR/9_Pour_drinks/user1/4-1-1,Thermal/9_Pour_drinks/user1/4-1-1,Skeleton/9_Pour_drinks/user1/4-1-1,IMU/9_Pour_drinks/user1/4-1-1,Radar/9_Pour_drinks/user1/4-1-1,1
9_Pour_drinks/user1/4-1-2,9_Pour_drinks,9,user1,4-1-2,Depth_Color/9_Pour_drinks/user1/4-1-2,IR/9_Pour_drinks/user1/4-1-2,Thermal/9_Pour_drinks/user1/4-1-2,Skeleton/9_Pour_drinks/user1/4-1-2,IMU/9_Pour_drinks/user1/4-1-2,Radar/9_Pour_drinks/user1/4-1-2,1
9_Pour_drinks/user1/4-1-3,9_Pour_drinks,9,user1,4-1-3,Depth_Color/9_Pour_drinks/user1/4-1-3,IR/9_Pour_drinks/user1/4-1-3,Thermal/9_Pour_drinks/user1/4-1-3,Skeleton/9_Pour_drinks/user1/4-1-3,IMU/9_Pour_drinks/user1/4-1-3,Radar/9_Pour_drinks/user1/4-1-3,1
9_Pour_drinks/user16/1-2-1,9_Pour_drinks,9,user16,1-2-1,Depth_Color/9_Pour_drinks/user16/1-2-1,IR/9_Pour_drinks/user16/1-2-1,Thermal/9_Pour_drinks/user16/1-2-1,Skeleton/9_Pour_drinks/user16/1-2-1,IMU/9_Pour_drinks/user16/1-2-1,Radar/9_Pour_drinks/user16/1-2-1,0
9_Pour_drinks/user16/1-2-2,9_Pour_drinks,9,user16,1-2-2,Depth_Color/9_Pour_drinks/user16/1-2-2,IR/9_Pour_drinks/user16/1-2-2,Thermal/9_Pour_drinks/user16/1-2-2,Skeleton/9_Pour_drinks/user16/1-2-2,IMU/9_Pour_drinks/user16/1-2-2,Radar/9_Pour_drinks/user16/1-2-2,0
9_Pour_drinks/user16/1-2-3,9_Pour_drinks,9,user16,1-2-3,Depth_Color/9_Pour_drinks/user16/1-2-3,IR/9_Pour_drinks/user16/1-2-3,Thermal/9_Pour_drinks/user16/1-2-3,Skeleton/9_Pour_drinks/user16/1-2-3,IMU/9_Pour_drinks/user16/1-2-3,Radar/9_Pour_drinks/user16/1-2-3,0
9_Pour_drinks/user16/2-1-1,9_Pour_drinks,9,user16,2-1-1,Depth_Color/9_Pour_drinks/user16/2-1-1,IR/9_Pour_drinks/user16/2-1-1,Thermal/9_Pour_drinks/user16/2-1-1,Skeleton/9_Pour_drinks/user16/2-1-1,IMU/9_Pour_drinks/user16/2-1-1,Radar/9_Pour_drinks/user16/2-1-1,0
9_Pour_drinks/user16/2-1-2,9_Pour_drinks,9,user16,2-1-2,Depth_Color/9_Pour_drinks/user16/2-1-2,IR/9_Pour_drinks/user16/2-1-2,Thermal/9_Pour_drinks/user16/2-1-2,Skeleton/9_Pour_drinks/user16/2-1-2,IMU/9_Pour_drinks/user16/2-1-2,Radar/9_Pour_drinks/user16/2-1-2,0
9_Pour_drinks/user16/2-1-3,9_Pour_drinks,9,user16,2-1-3,Depth_Color/9_Pour_drinks/user16/2-1-3,IR/9_Pour_drinks/user16/2-1-3,Thermal/9_Pour_drinks/user16/2-1-3,Skeleton/9_Pour_drinks/user16/2-1-3,IMU/9_Pour_drinks/user16/2-1-3,Radar/9_Pour_drinks/user16/2-1-3,0
9_Pour_drinks/user16/7-2-1,9_Pour_drinks,9,user16,7-2-1,Depth_Color/9_Pour_drinks/user16/7-2-1,IR/9_Pour_drinks/user16/7-2-1,Thermal/9_Pour_drinks/user16/7-2-1,Skeleton/9_Pour_drinks/user16/7-2-1,IMU/9_Pour_drinks/user16/7-2-1,Radar/9_Pour_drinks/user16/7-2-1,0
9_Pour_drinks/user16/7-2-2,9_Pour_drinks,9,user16,7-2-2,Depth_Color/9_Pour_drinks/user16/7-2-2,IR/9_Pour_drinks/user16/7-2-2,Thermal/9_Pour_drinks/user16/7-2-2,Skeleton/9_Pour_drinks/user16/7-2-2,IMU/9_Pour_drinks/user16/7-2-2,Radar/9_Pour_drinks/user16/7-2-2,0
9_Pour_drinks/user16/7-2-3,9_Pour_drinks,9,user16,7-2-3,Depth_Color/9_Pour_drinks/user16/7-2-3,IR/9_Pour_drinks/user16/7-2-3,Thermal/9_Pour_drinks/user16/7-2-3,Skeleton/9_Pour_drinks/user16/7-2-3,IMU/9_Pour_drinks/user16/7-2-3,Radar/9_Pour_drinks/user16/7-2-3,0
9_Pour_drinks/user17/1-2-1,9_Pour_drinks,9,user17,1-2-1,Depth_Color/9_Pour_drinks/user17/1-2-1,IR/9_Pour_drinks/user17/1-2-1,Thermal/9_Pour_drinks/user17/1-2-1,Skeleton/9_Pour_drinks/user17/1-2-1,IMU/9_Pour_drinks/user17/1-2-1,Radar/9_Pour_drinks/user17/1-2-1,2
9_Pour_drinks/user17/1-2-2,9_Pour_drinks,9,user17,1-2-2,Depth_Color/9_Pour_drinks/user17/1-2-2,IR/9_Pour_drinks/user17/1-2-2,Thermal/9_Pour_drinks/user17/1-2-2,Skeleton/9_Pour_drinks/user17/1-2-2,IMU/9_Pour_drinks/user17/1-2-2,Radar/9_Pour_drinks/user17/1-2-2,2
9_Pour_drinks/user17/1-2-3,9_Pour_drinks,9,user17,1-2-3,Depth_Color/9_Pour_drinks/user17/1-2-3,IR/9_Pour_drinks/user17/1-2-3,Thermal/9_Pour_drinks/user17/1-2-3,Skeleton/9_Pour_drinks/user17/1-2-3,IMU/9_Pour_drinks/user17/1-2-3,Radar/9_Pour_drinks/user17/1-2-3,2
9_Pour_drinks/user17/2-1-1,9_Pour_drinks,9,user17,2-1-1,Depth_Color/9_Pour_drinks/user17/2-1-1,IR/9_Pour_drinks/user17/2-1-1,Thermal/9_Pour_drinks/user17/2-1-1,Skeleton/9_Pour_drinks/user17/2-1-1,IMU/9_Pour_drinks/user17/2-1-1,Radar/9_Pour_drinks/user17/2-1-1,2
9_Pour_drinks/user17/2-1-2,9_Pour_drinks,9,user17,2-1-2,Depth_Color/9_Pour_drinks/user17/2-1-2,IR/9_Pour_drinks/user17/2-1-2,Thermal/9_Pour_drinks/user17/2-1-2,Skeleton/9_Pour_drinks/user17/2-1-2,IMU/9_Pour_drinks/user17/2-1-2,Radar/9_Pour_drinks/user17/2-1-2,2
9_Pour_drinks/user17/2-1-3,9_Pour_drinks,9,user17,2-1-3,Depth_Color/9_Pour_drinks/user17/2-1-3,IR/9_Pour_drinks/user17/2-1-3,Thermal/9_Pour_drinks/user17/2-1-3,Skeleton/9_Pour_drinks/user17/2-1-3,IMU/9_Pour_drinks/user17/2-1-3,Radar/9_Pour_drinks/user17/2-1-3,2
9_Pour_drinks/user17/5-2-1,9_Pour_drinks,9,user17,5-2-1,Depth_Color/9_Pour_drinks/user17/5-2-1,IR/9_Pour_drinks/user17/5-2-1,Thermal/9_Pour_drinks/user17/5-2-1,Skeleton/9_Pour_drinks/user17/5-2-1,IMU/9_Pour_drinks/user17/5-2-1,Radar/9_Pour_drinks/user17/5-2-1,2
9_Pour_drinks/user17/5-2-2,9_Pour_drinks,9,user17,5-2-2,Depth_Color/9_Pour_drinks/user17/5-2-2,IR/9_Pour_drinks/user17/5-2-2,Thermal/9_Pour_drinks/user17/5-2-2,Skeleton/9_Pour_drinks/user17/5-2-2,IMU/9_Pour_drinks/user17/5-2-2,Radar/9_Pour_drinks/user17/5-2-2,2
9_Pour_drinks/user17/5-2-3,9_Pour_drinks,9,user17,5-2-3,Depth_Color/9_Pour_drinks/user17/5-2-3,IR/9_Pour_drinks/user17/5-2-3,Thermal/9_Pour_drinks/user17/5-2-3,Skeleton/9_Pour_drinks/user17/5-2-3,IMU/9_Pour_drinks/user17/5-2-3,Radar/9_Pour_drinks/user17/5-2-3,2
9_Pour_drinks/user18/3-2-1,9_Pour_drinks,9,user18,3-2-1,Depth_Color/9_Pour_drinks/user18/3-2-1,IR/9_Pour_drinks/user18/3-2-1,Thermal/9_Pour_drinks/user18/3-2-1,Skeleton/9_Pour_drinks/user18/3-2-1,IMU/9_Pour_drinks/user18/3-2-1,Radar/9_Pour_drinks/user18/3-2-1,1
9_Pour_drinks/user18/3-2-2,9_Pour_drinks,9,user18,3-2-2,Depth_Color/9_Pour_drinks/user18/3-2-2,IR/9_Pour_drinks/user18/3-2-2,Thermal/9_Pour_drinks/user18/3-2-2,Skeleton/9_Pour_drinks/user18/3-2-2,IMU/9_Pour_drinks/user18/3-2-2,Radar/9_Pour_drinks/user18/3-2-2,1
9_Pour_drinks/user18/3-2-3,9_Pour_drinks,9,user18,3-2-3,Depth_Color/9_Pour_drinks/user18/3-2-3,IR/9_Pour_drinks/user18/3-2-3,Thermal/9_Pour_drinks/user18/3-2-3,Skeleton/9_Pour_drinks/user18/3-2-3,IMU/9_Pour_drinks/user18/3-2-3,Radar/9_Pour_drinks/user18/3-2-3,1
9_Pour_drinks/user18/4-2-1,9_Pour_drinks,9,user18,4-2-1,Depth_Color/9_Pour_drinks/user18/4-2-1,IR/9_Pour_drinks/user18/4-2-1,Thermal/9_Pour_drinks/user18/4-2-1,Skeleton/9_Pour_drinks/user18/4-2-1,IMU/9_Pour_drinks/user18/4-2-1,Radar/9_Pour_drinks/user18/4-2-1,1
9_Pour_drinks/user18/4-2-2,9_Pour_drinks,9,user18,4-2-2,Depth_Color/9_Pour_drinks/user18/4-2-2,IR/9_Pour_drinks/user18/4-2-2,Thermal/9_Pour_drinks/user18/4-2-2,Skeleton/9_Pour_drinks/user18/4-2-2,IMU/9_Pour_drinks/user18/4-2-2,Radar/9_Pour_drinks/user18/4-2-2,1
9_Pour_drinks/user18/4-2-3,9_Pour_drinks,9,user18,4-2-3,Depth_Color/9_Pour_drinks/user18/4-2-3,IR/9_Pour_drinks/user18/4-2-3,Thermal/9_Pour_drinks/user18/4-2-3,Skeleton/9_Pour_drinks/user18/4-2-3,IMU/9_Pour_drinks/user18/4-2-3,Radar/9_Pour_drinks/user18/4-2-3,1
9_Pour_drinks/user18/7-2-1,9_Pour_drinks,9,user18,7-2-1,Depth_Color/9_Pour_drinks/user18/7-2-1,IR/9_Pour_drinks/user18/7-2-1,Thermal/9_Pour_drinks/user18/7-2-1,Skeleton/9_Pour_drinks/user18/7-2-1,IMU/9_Pour_drinks/user18/7-2-1,Radar/9_Pour_drinks/user18/7-2-1,1
9_Pour_drinks/user18/7-2-2,9_Pour_drinks,9,user18,7-2-2,Depth_Color/9_Pour_drinks/user18/7-2-2,IR/9_Pour_drinks/user18/7-2-2,Thermal/9_Pour_drinks/user18/7-2-2,Skeleton/9_Pour_drinks/user18/7-2-2,IMU/9_Pour_drinks/user18/7-2-2,Radar/9_Pour_drinks/user18/7-2-2,1
9_Pour_drinks/user18/7-2-3,9_Pour_drinks,9,user18,7-2-3,Depth_Color/9_Pour_drinks/user18/7-2-3,IR/9_Pour_drinks/user18/7-2-3,Thermal/9_Pour_drinks/user18/7-2-3,Skeleton/9_Pour_drinks/user18/7-2-3,IMU/9_Pour_drinks/user18/7-2-3,Radar/9_Pour_drinks/user18/7-2-3,1
9_Pour_drinks/user19/2-1-1,9_Pour_drinks,9,user19,2-1-1,Depth_Color/9_Pour_drinks/user19/2-1-1,IR/9_Pour_drinks/user19/2-1-1,Thermal/9_Pour_drinks/user19/2-1-1,Skeleton/9_Pour_drinks/user19/2-1-1,IMU/9_Pour_drinks/user19/2-1-1,Radar/9_Pour_drinks/user19/2-1-1,2
9_Pour_drinks/user19/2-1-2,9_Pour_drinks,9,user19,2-1-2,Depth_Color/9_Pour_drinks/user19/2-1-2,IR/9_Pour_drinks/user19/2-1-2,Thermal/9_Pour_drinks/user19/2-1-2,Skeleton/9_Pour_drinks/user19/2-1-2,IMU/9_Pour_drinks/user19/2-1-2,Radar/9_Pour_drinks/user19/2-1-2,2
9_Pour_drinks/user19/2-1-3,9_Pour_drinks,9,user19,2-1-3,Depth_Color/9_Pour_drinks/user19/2-1-3,IR/9_Pour_drinks/user19/2-1-3,Thermal/9_Pour_drinks/user19/2-1-3,Skeleton/9_Pour_drinks/user19/2-1-3,IMU/9_Pour_drinks/user19/2-1-3,Radar/9_Pour_drinks/user19/2-1-3,2
9_Pour_drinks/user19/3-2-1,9_Pour_drinks,9,user19,3-2-1,Depth_Color/9_Pour_drinks/user19/3-2-1,IR/9_Pour_drinks/user19/3-2-1,Thermal/9_Pour_drinks/user19/3-2-1,Skeleton/9_Pour_drinks/user19/3-2-1,IMU/9_Pour_drinks/user19/3-2-1,Radar/9_Pour_drinks/user19/3-2-1,2
9_Pour_drinks/user19/3-2-2,9_Pour_drinks,9,user19,3-2-2,Depth_Color/9_Pour_drinks/user19/3-2-2,IR/9_Pour_drinks/user19/3-2-2,Thermal/9_Pour_drinks/user19/3-2-2,Skeleton/9_Pour_drinks/user19/3-2-2,IMU/9_Pour_drinks/user19/3-2-2,Radar/9_Pour_drinks/user19/3-2-2,2
9_Pour_drinks/user19/3-2-3,9_Pour_drinks,9,user19,3-2-3,Depth_Color/9_Pour_drinks/user19/3-2-3,IR/9_Pour_drinks/user19/3-2-3,Thermal/9_Pour_drinks/user19/3-2-3,Skeleton/9_Pour_drinks/user19/3-2-3,IMU/9_Pour_drinks/user19/3-2-3,Radar/9_Pour_drinks/user19/3-2-3,2
9_Pour_drinks/user19/7-2-1,9_Pour_drinks,9,user19,7-2-1,Depth_Color/9_Pour_drinks/user19/7-2-1,IR/9_Pour_drinks/user19/7-2-1,Thermal/9_Pour_drinks/user19/7-2-1,Skeleton/9_Pour_drinks/user19/7-2-1,IMU/9_Pour_drinks/user19/7-2-1,Radar/9_Pour_drinks/user19/7-2-1,2
9_Pour_drinks/user19/7-2-2,9_Pour_drinks,9,user19,7-2-2,Depth_Color/9_Pour_drinks/user19/7-2-2,IR/9_Pour_drinks/user19/7-2-2,Thermal/9_Pour_drinks/user19/7-2-2,Skeleton/9_Pour_drinks/user19/7-2-2,IMU/9_Pour_drinks/user19/7-2-2,Radar/9_Pour_drinks/user19/7-2-2,2
9_Pour_drinks/user19/7-2-3,9_Pour_drinks,9,user19,7-2-3,Depth_Color/9_Pour_drinks/user19/7-2-3,IR/9_Pour_drinks/user19/7-2-3,Thermal/9_Pour_drinks/user19/7-2-3,Skeleton/9_Pour_drinks/user19/7-2-3,IMU/9_Pour_drinks/user19/7-2-3,Radar/9_Pour_drinks/user19/7-2-3,2
9_Pour_drinks/user2/2-1-1,9_Pour_drinks,9,user2,2-1-1,Depth_Color/9_Pour_drinks/user2/2-1-1,IR/9_Pour_drinks/user2/2-1-1,Thermal/9_Pour_drinks/user2/2-1-1,Skeleton/9_Pour_drinks/user2/2-1-1,IMU/9_Pour_drinks/user2/2-1-1,Radar/9_Pour_drinks/user2/2-1-1,0
9_Pour_drinks/user2/2-1-2,9_Pour_drinks,9,user2,2-1-2,Depth_Color/9_Pour_drinks/user2/2-1-2,IR/9_Pour_drinks/user2/2-1-2,Thermal/9_Pour_drinks/user2/2-1-2,Skeleton/9_Pour_drinks/user2/2-1-2,IMU/9_Pour_drinks/user2/2-1-2,Radar/9_Pour_drinks/user2/2-1-2,0
9_Pour_drinks/user2/2-1-3,9_Pour_drinks,9,user2,2-1-3,Depth_Color/9_Pour_drinks/user2/2-1-3,IR/9_Pour_drinks/user2/2-1-3,Thermal/9_Pour_drinks/user2/2-1-3,Skeleton/9_Pour_drinks/user2/2-1-3,IMU/9_Pour_drinks/user2/2-1-3,Radar/9_Pour_drinks/user2/2-1-3,0
9_Pour_drinks/user2/6-1-1,9_Pour_drinks,9,user2,6-1-1,Depth_Color/9_Pour_drinks/user2/6-1-1,IR/9_Pour_drinks/user2/6-1-1,Thermal/9_Pour_drinks/user2/6-1-1,Skeleton/9_Pour_drinks/user2/6-1-1,IMU/9_Pour_drinks/user2/6-1-1,Radar/9_Pour_drinks/user2/6-1-1,0
9_Pour_drinks/user2/6-1-2,9_Pour_drinks,9,user2,6-1-2,,,Thermal/9_Pour_drinks/user2/6-1-2,,,,0
9_Pour_drinks/user20/2-1-1,9_Pour_drinks,9,user20,2-1-1,Depth_Color/9_Pour_drinks/user20/2-1-1,IR/9_Pour_drinks/user20/2-1-1,Thermal/9_Pour_drinks/user20/2-1-1,Skeleton/9_Pour_drinks/user20/2-1-1,IMU/9_Pour_drinks/user20/2-1-1,Radar/9_Pour_drinks/user20/2-1-1,0
9_Pour_drinks/user20/2-1-2,9_Pour_drinks,9,user20,2-1-2,Depth_Color/9_Pour_drinks/user20/2-1-2,IR/9_Pour_drinks/user20/2-1-2,Thermal/9_Pour_drinks/user20/2-1-2,Skeleton/9_Pour_drinks/user20/2-1-2,IMU/9_Pour_drinks/user20/2-1-2,Radar/9_Pour_drinks/user20/2-1-2,0
9_Pour_drinks/user20/2-1-3,9_Pour_drinks,9,user20,2-1-3,Depth_Color/9_Pour_drinks/user20/2-1-3,IR/9_Pour_drinks/user20/2-1-3,Thermal/9_Pour_drinks/user20/2-1-3,Skeleton/9_Pour_drinks/user20/2-1-3,IMU/9_Pour_drinks/user20/2-1-3,Radar/9_Pour_drinks/user20/2-1-3,0
9_Pour_drinks/user20/3-1-1,9_Pour_drinks,9,user20,3-1-1,Depth_Color/9_Pour_drinks/user20/3-1-1,IR/9_Pour_drinks/user20/3-1-1,Thermal/9_Pour_drinks/user20/3-1-1,Skeleton/9_Pour_drinks/user20/3-1-1,IMU/9_Pour_drinks/user20/3-1-1,Radar/9_Pour_drinks/user20/3-1-1,0
9_Pour_drinks/user20/3-1-2,9_Pour_drinks,9,user20,3-1-2,Depth_Color/9_Pour_drinks/user20/3-1-2,IR/9_Pour_drinks/user20/3-1-2,Thermal/9_Pour_drinks/user20/3-1-2,Skeleton/9_Pour_drinks/user20/3-1-2,IMU/9_Pour_drinks/user20/3-1-2,Radar/9_Pour_drinks/user20/3-1-2,0
9_Pour_drinks/user20/3-1-3,9_Pour_drinks,9,user20,3-1-3,Depth_Color/9_Pour_drinks/user20/3-1-3,IR/9_Pour_drinks/user20/3-1-3,Thermal/9_Pour_drinks/user20/3-1-3,Skeleton/9_Pour_drinks/user20/3-1-3,IMU/9_Pour_drinks/user20/3-1-3,Radar/9_Pour_drinks/user20/3-1-3,0
9_Pour_drinks/user20/5-1-1,9_Pour_drinks,9,user20,5-1-1,Depth_Color/9_Pour_drinks/user20/5-1-1,IR/9_Pour_drinks/user20/5-1-1,Thermal/9_Pour_drinks/user20/5-1-1,Skeleton/9_Pour_drinks/user20/5-1-1,IMU/9_Pour_drinks/user20/5-1-1,Radar/9_Pour_drinks/user20/5-1-1,0
9_Pour_drinks/user20/5-1-2,9_Pour_drinks,9,user20,5-1-2,Depth_Color/9_Pour_drinks/user20/5-1-2,IR/9_Pour_drinks/user20/5-1-2,Thermal/9_Pour_drinks/user20/5-1-2,Skeleton/9_Pour_drinks/user20/5-1-2,IMU/9_Pour_drinks/user20/5-1-2,Radar/9_Pour_drinks/user20/5-1-2,0
9_Pour_drinks/user20/5-1-3,9_Pour_drinks,9,user20,5-1-3,Depth_Color/9_Pour_drinks/user20/5-1-3,IR/9_Pour_drinks/user20/5-1-3,Thermal/9_Pour_drinks/user20/5-1-3,Skeleton/9_Pour_drinks/user20/5-1-3,IMU/9_Pour_drinks/user20/5-1-3,Radar/9_Pour_drinks/user20/5-1-3,0
9_Pour_drinks/user20/6-3-1,9_Pour_drinks,9,user20,6-3-1,Depth_Color/9_Pour_drinks/user20/6-3-1,IR/9_Pour_drinks/user20/6-3-1,Thermal/9_Pour_drinks/user20/6-3-1,Skeleton/9_Pour_drinks/user20/6-3-1,IMU/9_Pour_drinks/user20/6-3-1,Radar/9_Pour_drinks/user20/6-3-1,0
9_Pour_drinks/user20/6-3-2,9_Pour_drinks,9,user20,6-3-2,Depth_Color/9_Pour_drinks/user20/6-3-2,IR/9_Pour_drinks/user20/6-3-2,Thermal/9_Pour_drinks/user20/6-3-2,Skeleton/9_Pour_drinks/user20/6-3-2,IMU/9_Pour_drinks/user20/6-3-2,Radar/9_Pour_drinks/user20/6-3-2,0
9_Pour_drinks/user20/6-3-3,9_Pour_drinks,9,user20,6-3-3,Depth_Color/9_Pour_drinks/user20/6-3-3,IR/9_Pour_drinks/user20/6-3-3,Thermal/9_Pour_drinks/user20/6-3-3,Skeleton/9_Pour_drinks/user20/6-3-3,IMU/9_Pour_drinks/user20/6-3-3,Radar/9_Pour_drinks/user20/6-3-3,0
9_Pour_drinks/user20/7-1-1,9_Pour_drinks,9,user20,7-1-1,Depth_Color/9_Pour_drinks/user20/7-1-1,IR/9_Pour_drinks/user20/7-1-1,Thermal/9_Pour_drinks/user20/7-1-1,Skeleton/9_Pour_drinks/user20/7-1-1,IMU/9_Pour_drinks/user20/7-1-1,Radar/9_Pour_drinks/user20/7-1-1,0
9_Pour_drinks/user20/7-1-2,9_Pour_drinks,9,user20,7-1-2,Depth_Color/9_Pour_drinks/user20/7-1-2,IR/9_Pour_drinks/user20/7-1-2,Thermal/9_Pour_drinks/user20/7-1-2,Skeleton/9_Pour_drinks/user20/7-1-2,IMU/9_Pour_drinks/user20/7-1-2,Radar/9_Pour_drinks/user20/7-1-2,0
9_Pour_drinks/user20/7-1-3,9_Pour_drinks,9,user20,7-1-3,Depth_Color/9_Pour_drinks/user20/7-1-3,IR/9_Pour_drinks/user20/7-1-3,Thermal/9_Pour_drinks/user20/7-1-3,Skeleton/9_Pour_drinks/user20/7-1-3,IMU/9_Pour_drinks/user20/7-1-3,Radar/9_Pour_drinks/user20/7-1-3,0
9_Pour_drinks/user21/6-2-1,9_Pour_drinks,9,user21,6-2-1,Depth_Color/9_Pour_drinks/user21/6-2-1,IR/9_Pour_drinks/user21/6-2-1,Thermal/9_Pour_drinks/user21/6-2-1,Skeleton/9_Pour_drinks/user21/6-2-1,IMU/9_Pour_drinks/user21/6-2-1,Radar/9_Pour_drinks/user21/6-2-1,0
9_Pour_drinks/user21/6-2-2,9_Pour_drinks,9,user21,6-2-2,Depth_Color/9_Pour_drinks/user21/6-2-2,IR/9_Pour_drinks/user21/6-2-2,Thermal/9_Pour_drinks/user21/6-2-2,Skeleton/9_Pour_drinks/user21/6-2-2,IMU/9_Pour_drinks/user21/6-2-2,Radar/9_Pour_drinks/user21/6-2-2,0
9_Pour_drinks/user21/6-2-3,9_Pour_drinks,9,user21,6-2-3,Depth_Color/9_Pour_drinks/user21/6-2-3,IR/9_Pour_drinks/user21/6-2-3,Thermal/9_Pour_drinks/user21/6-2-3,Skeleton/9_Pour_drinks/user21/6-2-3,IMU/9_Pour_drinks/user21/6-2-3,Radar/9_Pour_drinks/user21/6-2-3,0
9_Pour_drinks/user22/2-1-1,9_Pour_drinks,9,user22,2-1-1,Depth_Color/9_Pour_drinks/user22/2-1-1,IR/9_Pour_drinks/user22/2-1-1,Thermal/9_Pour_drinks/user22/2-1-1,Skeleton/9_Pour_drinks/user22/2-1-1,IMU/9_Pour_drinks/user22/2-1-1,Radar/9_Pour_drinks/user22/2-1-1,1
9_Pour_drinks/user22/2-1-2,9_Pour_drinks,9,user22,2-1-2,Depth_Color/9_Pour_drinks/user22/2-1-2,IR/9_Pour_drinks/user22/2-1-2,Thermal/9_Pour_drinks/user22/2-1-2,Skeleton/9_Pour_drinks/user22/2-1-2,IMU/9_Pour_drinks/user22/2-1-2,Radar/9_Pour_drinks/user22/2-1-2,1
9_Pour_drinks/user22/2-1-3,9_Pour_drinks,9,user22,2-1-3,Depth_Color/9_Pour_drinks/user22/2-1-3,IR/9_Pour_drinks/user22/2-1-3,Thermal/9_Pour_drinks/user22/2-1-3,Skeleton/9_Pour_drinks/user22/2-1-3,IMU/9_Pour_drinks/user22/2-1-3,Radar/9_Pour_drinks/user22/2-1-3,1
9_Pour_drinks/user22/4-3-1,9_Pour_drinks,9,user22,4-3-1,Depth_Color/9_Pour_drinks/user22/4-3-1,IR/9_Pour_drinks/user22/4-3-1,Thermal/9_Pour_drinks/user22/4-3-1,Skeleton/9_Pour_drinks/user22/4-3-1,IMU/9_Pour_drinks/user22/4-3-1,Radar/9_Pour_drinks/user22/4-3-1,1
9_Pour_drinks/user22/4-3-2,9_Pour_drinks,9,user22,4-3-2,Depth_Color/9_Pour_drinks/user22/4-3-2,IR/9_Pour_drinks/user22/4-3-2,Thermal/9_Pour_drinks/user22/4-3-2,Skeleton/9_Pour_drinks/user22/4-3-2,,Radar/9_Pour_drinks/user22/4-3-2,1
9_Pour_drinks/user22/4-3-3,9_Pour_drinks,9,user22,4-3-3,Depth_Color/9_Pour_drinks/user22/4-3-3,IR/9_Pour_drinks/user22/4-3-3,Thermal/9_Pour_drinks/user22/4-3-3,Skeleton/9_Pour_drinks/user22/4-3-3,IMU/9_Pour_drinks/user22/4-3-3,Radar/9_Pour_drinks/user22/4-3-3,1
9_Pour_drinks/user23/5-3-1,9_Pour_drinks,9,user23,5-3-1,,,Thermal/9_Pour_drinks/user23/5-3-1,,,,0
9_Pour_drinks/user23/5-3-3,9_Pour_drinks,9,user23,5-3-3,Depth_Color/9_Pour_drinks/user23/5-3-3,IR/9_Pour_drinks/user23/5-3-3,Thermal/9_Pour_drinks/user23/5-3-3,Skeleton/9_Pour_drinks/user23/5-3-3,IMU/9_Pour_drinks/user23/5-3-3,Radar/9_Pour_drinks/user23/5-3-3,0
9_Pour_drinks/user3/5-1-1,9_Pour_drinks,9,user3,5-1-1,Depth_Color/9_Pour_drinks/user3/5-1-1,IR/9_Pour_drinks/user3/5-1-1,Thermal/9_Pour_drinks/user3/5-1-1,Skeleton/9_Pour_drinks/user3/5-1-1,IMU/9_Pour_drinks/user3/5-1-1,Radar/9_Pour_drinks/user3/5-1-1,2
9_Pour_drinks/user3/5-1-2,9_Pour_drinks,9,user3,5-1-2,Depth_Color/9_Pour_drinks/user3/5-1-2,IR/9_Pour_drinks/user3/5-1-2,Thermal/9_Pour_drinks/user3/5-1-2,Skeleton/9_Pour_drinks/user3/5-1-2,IMU/9_Pour_drinks/user3/5-1-2,Radar/9_Pour_drinks/user3/5-1-2,2
9_Pour_drinks/user3/5-1-3,9_Pour_drinks,9,user3,5-1-3,Depth_Color/9_Pour_drinks/user3/5-1-3,IR/9_Pour_drinks/user3/5-1-3,Thermal/9_Pour_drinks/user3/5-1-3,Skeleton/9_Pour_drinks/user3/5-1-3,IMU/9_Pour_drinks/user3/5-1-3,Radar/9_Pour_drinks/user3/5-1-3,2
9_Pour_drinks/user3/7-1-1,9_Pour_drinks,9,user3,7-1-1,Depth_Color/9_Pour_drinks/user3/7-1-1,IR/9_Pour_drinks/user3/7-1-1,Thermal/9_Pour_drinks/user3/7-1-1,Skeleton/9_Pour_drinks/user3/7-1-1,IMU/9_Pour_drinks/user3/7-1-1,Radar/9_Pour_drinks/user3/7-1-1,2
9_Pour_drinks/user3/7-1-2,9_Pour_drinks,9,user3,7-1-2,Depth_Color/9_Pour_drinks/user3/7-1-2,IR/9_Pour_drinks/user3/7-1-2,Thermal/9_Pour_drinks/user3/7-1-2,Skeleton/9_Pour_drinks/user3/7-1-2,IMU/9_Pour_drinks/user3/7-1-2,Radar/9_Pour_drinks/user3/7-1-2,2
9_Pour_drinks/user3/7-1-3,9_Pour_drinks,9,user3,7-1-3,Depth_Color/9_Pour_drinks/user3/7-1-3,IR/9_Pour_drinks/user3/7-1-3,Thermal/9_Pour_drinks/user3/7-1-3,Skeleton/9_Pour_drinks/user3/7-1-3,IMU/9_Pour_drinks/user3/7-1-3,Radar/9_Pour_drinks/user3/7-1-3,2
9_Pour_drinks/user4/1-2-1,9_Pour_drinks,9,user4,1-2-1,Depth_Color/9_Pour_drinks/user4/1-2-1,IR/9_Pour_drinks/user4/1-2-1,Thermal/9_Pour_drinks/user4/1-2-1,Skeleton/9_Pour_drinks/user4/1-2-1,IMU/9_Pour_drinks/user4/1-2-1,Radar/9_Pour_drinks/user4/1-2-1,1
9_Pour_drinks/user4/1-2-2,9_Pour_drinks,9,user4,1-2-2,Depth_Color/9_Pour_drinks/user4/1-2-2,IR/9_Pour_drinks/user4/1-2-2,Thermal/9_Pour_drinks/user4/1-2-2,Skeleton/9_Pour_drinks/user4/1-2-2,IMU/9_Pour_drinks/user4/1-2-2,Radar/9_Pour_drinks/user4/1-2-2,1
9_Pour_drinks/user4/1-2-3,9_Pour_drinks,9,user4,1-2-3,Depth_Color/9_Pour_drinks/user4/1-2-3,IR/9_Pour_drinks/user4/1-2-3,Thermal/9_Pour_drinks/user4/1-2-3,Skeleton/9_Pour_drinks/user4/1-2-3,IMU/9_Pour_drinks/user4/1-2-3,Radar/9_Pour_drinks/user4/1-2-3,1
9_Pour_drinks/user4/6-1-1,9_Pour_drinks,9,user4,6-1-1,Depth_Color/9_Pour_drinks/user4/6-1-1,IR/9_Pour_drinks/user4/6-1-1,Thermal/9_Pour_drinks/user4/6-1-1,Skeleton/9_Pour_drinks/user4/6-1-1,IMU/9_Pour_drinks/user4/6-1-1,Radar/9_Pour_drinks/user4/6-1-1,1
9_Pour_drinks/user4/6-1-2,9_Pour_drinks,9,user4,6-1-2,Depth_Color/9_Pour_drinks/user4/6-1-2,IR/9_Pour_drinks/user4/6-1-2,Thermal/9_Pour_drinks/user4/6-1-2,Skeleton/9_Pour_drinks/user4/6-1-2,IMU/9_Pour_drinks/user4/6-1-2,Radar/9_Pour_drinks/user4/6-1-2,1
9_Pour_drinks/user4/6-1-3,9_Pour_drinks,9,user4,6-1-3,Depth_Color/9_Pour_drinks/user4/6-1-3,IR/9_Pour_drinks/user4/6-1-3,Thermal/9_Pour_drinks/user4/6-1-3,Skeleton/9_Pour_drinks/user4/6-1-3,IMU/9_Pour_drinks/user4/6-1-3,Radar/9_Pour_drinks/user4/6-1-3,1
9_Pour_drinks/user5/1-2-1,9_Pour_drinks,9,user5,1-2-1,Depth_Color/9_Pour_drinks/user5/1-2-1,IR/9_Pour_drinks/user5/1-2-1,Thermal/9_Pour_drinks/user5/1-2-1,Skeleton/9_Pour_drinks/user5/1-2-1,IMU/9_Pour_drinks/user5/1-2-1,Radar/9_Pour_drinks/user5/1-2-1,2
9_Pour_drinks/user5/1-2-2,9_Pour_drinks,9,user5,1-2-2,Depth_Color/9_Pour_drinks/user5/1-2-2,IR/9_Pour_drinks/user5/1-2-2,Thermal/9_Pour_drinks/user5/1-2-2,Skeleton/9_Pour_drinks/user5/1-2-2,IMU/9_Pour_drinks/user5/1-2-2,Radar/9_Pour_drinks/user5/1-2-2,2
9_Pour_drinks/user5/1-2-3,9_Pour_drinks,9,user5,1-2-3,Depth_Color/9_Pour_drinks/user5/1-2-3,IR/9_Pour_drinks/user5/1-2-3,Thermal/9_Pour_drinks/user5/1-2-3,Skeleton/9_Pour_drinks/user5/1-2-3,IMU/9_Pour_drinks/user5/1-2-3,Radar/9_Pour_drinks/user5/1-2-3,2
9_Pour_drinks/user5/3-2-1,9_Pour_drinks,9,user5,3-2-1,Depth_Color/9_Pour_drinks/user5/3-2-1,IR/9_Pour_drinks/user5/3-2-1,Thermal/9_Pour_drinks/user5/3-2-1,Skeleton/9_Pour_drinks/user5/3-2-1,IMU/9_Pour_drinks/user5/3-2-1,Radar/9_Pour_drinks/user5/3-2-1,2
9_Pour_drinks/user5/3-2-2,9_Pour_drinks,9,user5,3-2-2,Depth_Color/9_Pour_drinks/user5/3-2-2,IR/9_Pour_drinks/user5/3-2-2,Thermal/9_Pour_drinks/user5/3-2-2,Skeleton/9_Pour_drinks/user5/3-2-2,IMU/9_Pour_drinks/user5/3-2-2,Radar/9_Pour_drinks/user5/3-2-2,2
9_Pour_drinks/user5/3-2-3,9_Pour_drinks,9,user5,3-2-3,Depth_Color/9_Pour_drinks/user5/3-2-3,IR/9_Pour_drinks/user5/3-2-3,Thermal/9_Pour_drinks/user5/3-2-3,Skeleton/9_Pour_drinks/user5/3-2-3,IMU/9_Pour_drinks/user5/3-2-3,Radar/9_Pour_drinks/user5/3-2-3,2
9_Pour_drinks/user5/4-2-1,9_Pour_drinks,9,user5,4-2-1,Depth_Color/9_Pour_drinks/user5/4-2-1,IR/9_Pour_drinks/user5/4-2-1,Thermal/9_Pour_drinks/user5/4-2-1,Skeleton/9_Pour_drinks/user5/4-2-1,IMU/9_Pour_drinks/user5/4-2-1,Radar/9_Pour_drinks/user5/4-2-1,2
9_Pour_drinks/user5/4-2-2,9_Pour_drinks,9,user5,4-2-2,Depth_Color/9_Pour_drinks/user5/4-2-2,IR/9_Pour_drinks/user5/4-2-2,Thermal/9_Pour_drinks/user5/4-2-2,Skeleton/9_Pour_drinks/user5/4-2-2,IMU/9_Pour_drinks/user5/4-2-2,Radar/9_Pour_drinks/user5/4-2-2,2
9_Pour_drinks/user5/4-2-3,9_Pour_drinks,9,user5,4-2-3,Depth_Color/9_Pour_drinks/user5/4-2-3,IR/9_Pour_drinks/user5/4-2-3,Thermal/9_Pour_drinks/user5/4-2-3,Skeleton/9_Pour_drinks/user5/4-2-3,IMU/9_Pour_drinks/user5/4-2-3,Radar/9_Pour_drinks/user5/4-2-3,2
9_Pour_drinks/user5/7-2-1,9_Pour_drinks,9,user5,7-2-1,Depth_Color/9_Pour_drinks/user5/7-2-1,IR/9_Pour_drinks/user5/7-2-1,Thermal/9_Pour_drinks/user5/7-2-1,Skeleton/9_Pour_drinks/user5/7-2-1,,Radar/9_Pour_drinks/user5/7-2-1,2
9_Pour_drinks/user5/7-2-2,9_Pour_drinks,9,user5,7-2-2,Depth_Color/9_Pour_drinks/user5/7-2-2,IR/9_Pour_drinks/user5/7-2-2,Thermal/9_Pour_drinks/user5/7-2-2,Skeleton/9_Pour_drinks/user5/7-2-2,,Radar/9_Pour_drinks/user5/7-2-2,2
9_Pour_drinks/user5/7-2-3,9_Pour_drinks,9,user5,7-2-3,Depth_Color/9_Pour_drinks/user5/7-2-3,IR/9_Pour_drinks/user5/7-2-3,Thermal/9_Pour_drinks/user5/7-2-3,Skeleton/9_Pour_drinks/user5/7-2-3,,Radar/9_Pour_drinks/user5/7-2-3,2
9_Pour_drinks/user6/1-2-1,9_Pour_drinks,9,user6,1-2-1,Depth_Color/9_Pour_drinks/user6/1-2-1,IR/9_Pour_drinks/user6/1-2-1,Thermal/9_Pour_drinks/user6/1-2-1,Skeleton/9_Pour_drinks/user6/1-2-1,IMU/9_Pour_drinks/user6/1-2-1,Radar/9_Pour_drinks/user6/1-2-1,1
9_Pour_drinks/user6/1-2-2,9_Pour_drinks,9,user6,1-2-2,Depth_Color/9_Pour_drinks/user6/1-2-2,IR/9_Pour_drinks/user6/1-2-2,Thermal/9_Pour_drinks/user6/1-2-2,Skeleton/9_Pour_drinks/user6/1-2-2,IMU/9_Pour_drinks/user6/1-2-2,Radar/9_Pour_drinks/user6/1-2-2,1
9_Pour_drinks/user6/1-2-3,9_Pour_drinks,9,user6,1-2-3,Depth_Color/9_Pour_drinks/user6/1-2-3,IR/9_Pour_drinks/user6/1-2-3,Thermal/9_Pour_drinks/user6/1-2-3,Skeleton/9_Pour_drinks/user6/1-2-3,IMU/9_Pour_drinks/user6/1-2-3,Radar/9_Pour_drinks/user6/1-2-3,1
9_Pour_drinks/user6/2-1-1,9_Pour_drinks,9,user6,2-1-1,Depth_Color/9_Pour_drinks/user6/2-1-1,IR/9_Pour_drinks/user6/2-1-1,Thermal/9_Pour_drinks/user6/2-1-1,Skeleton/9_Pour_drinks/user6/2-1-1,IMU/9_Pour_drinks/user6/2-1-1,Radar/9_Pour_drinks/user6/2-1-1,1
9_Pour_drinks/user6/2-1-2,9_Pour_drinks,9,user6,2-1-2,Depth_Color/9_Pour_drinks/user6/2-1-2,IR/9_Pour_drinks/user6/2-1-2,Thermal/9_Pour_drinks/user6/2-1-2,Skeleton/9_Pour_drinks/user6/2-1-2,IMU/9_Pour_drinks/user6/2-1-2,Radar/9_Pour_drinks/user6/2-1-2,1
9_Pour_drinks/user6/2-1-3,9_Pour_drinks,9,user6,2-1-3,Depth_Color/9_Pour_drinks/user6/2-1-3,IR/9_Pour_drinks/user6/2-1-3,Thermal/9_Pour_drinks/user6/2-1-3,Skeleton/9_Pour_drinks/user6/2-1-3,IMU/9_Pour_drinks/user6/2-1-3,Radar/9_Pour_drinks/user6/2-1-3,1
9_Pour_drinks/user6/7-2-1,9_Pour_drinks,9,user6,7-2-1,Depth_Color/9_Pour_drinks/user6/7-2-1,IR/9_Pour_drinks/user6/7-2-1,Thermal/9_Pour_drinks/user6/7-2-1,Skeleton/9_Pour_drinks/user6/7-2-1,IMU/9_Pour_drinks/user6/7-2-1,Radar/9_Pour_drinks/user6/7-2-1,1
9_Pour_drinks/user6/7-2-2,9_Pour_drinks,9,user6,7-2-2,Depth_Color/9_Pour_drinks/user6/7-2-2,IR/9_Pour_drinks/user6/7-2-2,Thermal/9_Pour_drinks/user6/7-2-2,Skeleton/9_Pour_drinks/user6/7-2-2,IMU/9_Pour_drinks/user6/7-2-2,Radar/9_Pour_drinks/user6/7-2-2,1
9_Pour_drinks/user6/7-2-3,9_Pour_drinks,9,user6,7-2-3,Depth_Color/9_Pour_drinks/user6/7-2-3,IR/9_Pour_drinks/user6/7-2-3,Thermal/9_Pour_drinks/user6/7-2-3,Skeleton/9_Pour_drinks/user6/7-2-3,IMU/9_Pour_drinks/user6/7-2-3,Radar/9_Pour_drinks/user6/7-2-3,1
9_Pour_drinks/user7/1-2-1,9_Pour_drinks,9,user7,1-2-1,Depth_Color/9_Pour_drinks/user7/1-2-1,IR/9_Pour_drinks/user7/1-2-1,Thermal/9_Pour_drinks/user7/1-2-1,Skeleton/9_Pour_drinks/user7/1-2-1,IMU/9_Pour_drinks/user7/1-2-1,Radar/9_Pour_drinks/user7/1-2-1,0
9_Pour_drinks/user7/1-2-2,9_Pour_drinks,9,user7,1-2-2,Depth_Color/9_Pour_drinks/user7/1-2-2,IR/9_Pour_drinks/user7/1-2-2,Thermal/9_Pour_drinks/user7/1-2-2,Skeleton/9_Pour_drinks/user7/1-2-2,IMU/9_Pour_drinks/user7/1-2-2,Radar/9_Pour_drinks/user7/1-2-2,0
9_Pour_drinks/user7/1-2-3,9_Pour_drinks,9,user7,1-2-3,Depth_Color/9_Pour_drinks/user7/1-2-3,IR/9_Pour_drinks/user7/1-2-3,Thermal/9_Pour_drinks/user7/1-2-3,Skeleton/9_Pour_drinks/user7/1-2-3,IMU/9_Pour_drinks/user7/1-2-3,Radar/9_Pour_drinks/user7/1-2-3,0
9_Pour_drinks/user7/2-1-1,9_Pour_drinks,9,user7,2-1-1,Depth_Color/9_Pour_drinks/user7/2-1-1,IR/9_Pour_drinks/user7/2-1-1,Thermal/9_Pour_drinks/user7/2-1-1,Skeleton/9_Pour_drinks/user7/2-1-1,IMU/9_Pour_drinks/user7/2-1-1,Radar/9_Pour_drinks/user7/2-1-1,0
9_Pour_drinks/user7/2-1-2,9_Pour_drinks,9,user7,2-1-2,Depth_Color/9_Pour_drinks/user7/2-1-2,IR/9_Pour_drinks/user7/2-1-2,Thermal/9_Pour_drinks/user7/2-1-2,Skeleton/9_Pour_drinks/user7/2-1-2,IMU/9_Pour_drinks/user7/2-1-2,Radar/9_Pour_drinks/user7/2-1-2,0
9_Pour_drinks/user7/2-1-3,9_Pour_drinks,9,user7,2-1-3,Depth_Color/9_Pour_drinks/user7/2-1-3,IR/9_Pour_drinks/user7/2-1-3,Thermal/9_Pour_drinks/user7/2-1-3,Skeleton/9_Pour_drinks/user7/2-1-3,IMU/9_Pour_drinks/user7/2-1-3,Radar/9_Pour_drinks/user7/2-1-3,0
9_Pour_drinks/user7/5-2-1,9_Pour_drinks,9,user7,5-2-1,Depth_Color/9_Pour_drinks/user7/5-2-1,IR/9_Pour_drinks/user7/5-2-1,Thermal/9_Pour_drinks/user7/5-2-1,Skeleton/9_Pour_drinks/user7/5-2-1,IMU/9_Pour_drinks/user7/5-2-1,Radar/9_Pour_drinks/user7/5-2-1,0
9_Pour_drinks/user7/5-2-2,9_Pour_drinks,9,user7,5-2-2,Depth_Color/9_Pour_drinks/user7/5-2-2,IR/9_Pour_drinks/user7/5-2-2,Thermal/9_Pour_drinks/user7/5-2-2,Skeleton/9_Pour_drinks/user7/5-2-2,IMU/9_Pour_drinks/user7/5-2-2,Radar/9_Pour_drinks/user7/5-2-2,0
9_Pour_drinks/user7/5-2-3,9_Pour_drinks,9,user7,5-2-3,Depth_Color/9_Pour_drinks/user7/5-2-3,IR/9_Pour_drinks/user7/5-2-3,Thermal/9_Pour_drinks/user7/5-2-3,Skeleton/9_Pour_drinks/user7/5-2-3,IMU/9_Pour_drinks/user7/5-2-3,Radar/9_Pour_drinks/user7/5-2-3,0
9_Pour_drinks/user8/3-2-1,9_Pour_drinks,9,user8,3-2-1,Depth_Color/9_Pour_drinks/user8/3-2-1,IR/9_Pour_drinks/user8/3-2-1,Thermal/9_Pour_drinks/user8/3-2-1,Skeleton/9_Pour_drinks/user8/3-2-1,IMU/9_Pour_drinks/user8/3-2-1,Radar/9_Pour_drinks/user8/3-2-1,2
9_Pour_drinks/user8/3-2-2,9_Pour_drinks,9,user8,3-2-2,Depth_Color/9_Pour_drinks/user8/3-2-2,IR/9_Pour_drinks/user8/3-2-2,Thermal/9_Pour_drinks/user8/3-2-2,Skeleton/9_Pour_drinks/user8/3-2-2,IMU/9_Pour_drinks/user8/3-2-2,Radar/9_Pour_drinks/user8/3-2-2,2
9_Pour_drinks/user8/3-2-3,9_Pour_drinks,9,user8,3-2-3,Depth_Color/9_Pour_drinks/user8/3-2-3,IR/9_Pour_drinks/user8/3-2-3,Thermal/9_Pour_drinks/user8/3-2-3,Skeleton/9_Pour_drinks/user8/3-2-3,IMU/9_Pour_drinks/user8/3-2-3,Radar/9_Pour_drinks/user8/3-2-3,2
9_Pour_drinks/user8/4-2-1,9_Pour_drinks,9,user8,4-2-1,Depth_Color/9_Pour_drinks/user8/4-2-1,IR/9_Pour_drinks/user8/4-2-1,Thermal/9_Pour_drinks/user8/4-2-1,Skeleton/9_Pour_drinks/user8/4-2-1,IMU/9_Pour_drinks/user8/4-2-1,Radar/9_Pour_drinks/user8/4-2-1,2
9_Pour_drinks/user8/4-2-2,9_Pour_drinks,9,user8,4-2-2,Depth_Color/9_Pour_drinks/user8/4-2-2,IR/9_Pour_drinks/user8/4-2-2,Thermal/9_Pour_drinks/user8/4-2-2,Skeleton/9_Pour_drinks/user8/4-2-2,IMU/9_Pour_drinks/user8/4-2-2,Radar/9_Pour_drinks/user8/4-2-2,2
9_Pour_drinks/user8/4-2-3,9_Pour_drinks,9,user8,4-2-3,Depth_Color/9_Pour_drinks/user8/4-2-3,IR/9_Pour_drinks/user8/4-2-3,Thermal/9_Pour_drinks/user8/4-2-3,Skeleton/9_Pour_drinks/user8/4-2-3,IMU/9_Pour_drinks/user8/4-2-3,Radar/9_Pour_drinks/user8/4-2-3,2
9_Pour_drinks/user8/7-2-1,9_Pour_drinks,9,user8,7-2-1,Depth_Color/9_Pour_drinks/user8/7-2-1,IR/9_Pour_drinks/user8/7-2-1,Thermal/9_Pour_drinks/user8/7-2-1,Skeleton/9_Pour_drinks/user8/7-2-1,IMU/9_Pour_drinks/user8/7-2-1,Radar/9_Pour_drinks/user8/7-2-1,2
9_Pour_drinks/user8/7-2-2,9_Pour_drinks,9,user8,7-2-2,Depth_Color/9_Pour_drinks/user8/7-2-2,IR/9_Pour_drinks/user8/7-2-2,Thermal/9_Pour_drinks/user8/7-2-2,Skeleton/9_Pour_drinks/user8/7-2-2,IMU/9_Pour_drinks/user8/7-2-2,Radar/9_Pour_drinks/user8/7-2-2,2
9_Pour_drinks/user8/7-2-3,9_Pour_drinks,9,user8,7-2-3,Depth_Color/9_Pour_drinks/user8/7-2-3,IR/9_Pour_drinks/user8/7-2-3,Thermal/9_Pour_drinks/user8/7-2-3,Skeleton/9_Pour_drinks/user8/7-2-3,IMU/9_Pour_drinks/user8/7-2-3,Radar/9_Pour_drinks/user8/7-2-3,2
9_Pour_drinks/user9/2-1-1,9_Pour_drinks,9,user9,2-1-1,Depth_Color/9_Pour_drinks/user9/2-1-1,IR/9_Pour_drinks/user9/2-1-1,Thermal/9_Pour_drinks/user9/2-1-1,Skeleton/9_Pour_drinks/user9/2-1-1,IMU/9_Pour_drinks/user9/2-1-1,Radar/9_Pour_drinks/user9/2-1-1,1
9_Pour_drinks/user9/2-1-2,9_Pour_drinks,9,user9,2-1-2,Depth_Color/9_Pour_drinks/user9/2-1-2,IR/9_Pour_drinks/user9/2-1-2,Thermal/9_Pour_drinks/user9/2-1-2,Skeleton/9_Pour_drinks/user9/2-1-2,IMU/9_Pour_drinks/user9/2-1-2,Radar/9_Pour_drinks/user9/2-1-2,1
9_Pour_drinks/user9/2-1-3,9_Pour_drinks,9,user9,2-1-3,Depth_Color/9_Pour_drinks/user9/2-1-3,IR/9_Pour_drinks/user9/2-1-3,Thermal/9_Pour_drinks/user9/2-1-3,Skeleton/9_Pour_drinks/user9/2-1-3,IMU/9_Pour_drinks/user9/2-1-3,Radar/9_Pour_drinks/user9/2-1-3,1
9_Pour_drinks/user9/3-2-1,9_Pour_drinks,9,user9,3-2-1,Depth_Color/9_Pour_drinks/user9/3-2-1,IR/9_Pour_drinks/user9/3-2-1,Thermal/9_Pour_drinks/user9/3-2-1,Skeleton/9_Pour_drinks/user9/3-2-1,IMU/9_Pour_drinks/user9/3-2-1,Radar/9_Pour_drinks/user9/3-2-1,1
9_Pour_drinks/user9/3-2-2,9_Pour_drinks,9,user9,3-2-2,Depth_Color/9_Pour_drinks/user9/3-2-2,IR/9_Pour_drinks/user9/3-2-2,Thermal/9_Pour_drinks/user9/3-2-2,Skeleton/9_Pour_drinks/user9/3-2-2,IMU/9_Pour_drinks/user9/3-2-2,Radar/9_Pour_drinks/user9/3-2-2,1
9_Pour_drinks/user9/3-2-3,9_Pour_drinks,9,user9,3-2-3,Depth_Color/9_Pour_drinks/user9/3-2-3,IR/9_Pour_drinks/user9/3-2-3,Thermal/9_Pour_drinks/user9/3-2-3,Skeleton/9_Pour_drinks/user9/3-2-3,IMU/9_Pour_drinks/user9/3-2-3,Radar/9_Pour_drinks/user9/3-2-3,1
9_Pour_drinks/user9/7-2-1,9_Pour_drinks,9,user9,7-2-1,Depth_Color/9_Pour_drinks/user9/7-2-1,IR/9_Pour_drinks/user9/7-2-1,Thermal/9_Pour_drinks/user9/7-2-1,Skeleton/9_Pour_drinks/user9/7-2-1,IMU/9_Pour_drinks/user9/7-2-1,Radar/9_Pour_drinks/user9/7-2-1,1
9_Pour_drinks/user9/7-2-2,9_Pour_drinks,9,user9,7-2-2,Depth_Color/9_Pour_drinks/user9/7-2-2,IR/9_Pour_drinks/user9/7-2-2,Thermal/9_Pour_drinks/user9/7-2-2,Skeleton/9_Pour_drinks/user9/7-2-2,IMU/9_Pour_drinks/user9/7-2-2,Radar/9_Pour_drinks/user9/7-2-2,1
9_Pour_drinks/user9/7-2-3,9_Pour_drinks,9,user9,7-2-3,Depth_Color/9_Pour_drinks/user9/7-2-3,IR/9_Pour_drinks/user9/7-2-3,Thermal/9_Pour_drinks/user9/7-2-3,Skeleton/9_Pour_drinks/user9/7-2-3,IMU/9_Pour_drinks/user9/7-2-3,Radar/9_Pour_drinks/user9/7-2-3,1
10_Stir_drinks/user1/2-1-1,10_Stir_drinks,10,user1,2-1-1,Depth_Color/10_Stir_drinks/user1/2-1-1,IR/10_Stir_drinks/user1/2-1-1,Thermal/10_Stir_drinks/user1/2-1-1,Skeleton/10_Stir_drinks/user1/2-1-1,,,1
10_Stir_drinks/user1/2-1-2,10_Stir_drinks,10,user1,2-1-2,Depth_Color/10_Stir_drinks/user1/2-1-2,IR/10_Stir_drinks/user1/2-1-2,Thermal/10_Stir_drinks/user1/2-1-2,Skeleton/10_Stir_drinks/user1/2-1-2,IMU/10_Stir_drinks/user1/2-1-2,Radar/10_Stir_drinks/user1/2-1-2,1
10_Stir_drinks/user1/2-1-3,10_Stir_drinks,10,user1,2-1-3,Depth_Color/10_Stir_drinks/user1/2-1-3,IR/10_Stir_drinks/user1/2-1-3,Thermal/10_Stir_drinks/user1/2-1-3,Skeleton/10_Stir_drinks/user1/2-1-3,IMU/10_Stir_drinks/user1/2-1-3,Radar/10_Stir_drinks/user1/2-1-3,1
10_Stir_drinks/user1/3-1-1,10_Stir_drinks,10,user1,3-1-1,Depth_Color/10_Stir_drinks/user1/3-1-1,IR/10_Stir_drinks/user1/3-1-1,Thermal/10_Stir_drinks/user1/3-1-1,Skeleton/10_Stir_drinks/user1/3-1-1,IMU/10_Stir_drinks/user1/3-1-1,Radar/10_Stir_drinks/user1/3-1-1,1
10_Stir_drinks/user1/3-1-2,10_Stir_drinks,10,user1,3-1-2,Depth_Color/10_Stir_drinks/user1/3-1-2,IR/10_Stir_drinks/user1/3-1-2,Thermal/10_Stir_drinks/user1/3-1-2,Skeleton/10_Stir_drinks/user1/3-1-2,IMU/10_Stir_drinks/user1/3-1-2,Radar/10_Stir_drinks/user1/3-1-2,1
10_Stir_drinks/user1/3-1-3,10_Stir_drinks,10,user1,3-1-3,Depth_Color/10_Stir_drinks/user1/3-1-3,IR/10_Stir_drinks/user1/3-1-3,Thermal/10_Stir_drinks/user1/3-1-3,Skeleton/10_Stir_drinks/user1/3-1-3,IMU/10_Stir_drinks/user1/3-1-3,Radar/10_Stir_drinks/user1/3-1-3,1
10_Stir_drinks/user1/4-1-1,10_Stir_drinks,10,user1,4-1-1,Depth_Color/10_Stir_drinks/user1/4-1-1,IR/10_Stir_drinks/user1/4-1-1,Thermal/10_Stir_drinks/user1/4-1-1,Skeleton/10_Stir_drinks/user1/4-1-1,IMU/10_Stir_drinks/user1/4-1-1,Radar/10_Stir_drinks/user1/4-1-1,1
10_Stir_drinks/user1/4-1-2,10_Stir_drinks,10,user1,4-1-2,,,Thermal/10_Stir_drinks/user1/4-1-2,,,,1
10_Stir_drinks/user1/4-1-3,10_Stir_drinks,10,user1,4-1-3,,,Thermal/10_Stir_drinks/user1/4-1-3,,,,1
10_Stir_drinks/user16/1-2-1,10_Stir_drinks,10,user16,1-2-1,Depth_Color/10_Stir_drinks/user16/1-2-1,IR/10_Stir_drinks/user16/1-2-1,Thermal/10_Stir_drinks/user16/1-2-1,Skeleton/10_Stir_drinks/user16/1-2-1,IMU/10_Stir_drinks/user16/1-2-1,Radar/10_Stir_drinks/user16/1-2-1,0
10_Stir_drinks/user16/1-2-2,10_Stir_drinks,10,user16,1-2-2,Depth_Color/10_Stir_drinks/user16/1-2-2,IR/10_Stir_drinks/user16/1-2-2,Thermal/10_Stir_drinks/user16/1-2-2,Skeleton/10_Stir_drinks/user16/1-2-2,IMU/10_Stir_drinks/user16/1-2-2,Radar/10_Stir_drinks/user16/1-2-2,0
10_Stir_drinks/user16/1-2-3,10_Stir_drinks,10,user16,1-2-3,Depth_Color/10_Stir_drinks/user16/1-2-3,IR/10_Stir_drinks/user16/1-2-3,Thermal/10_Stir_drinks/user16/1-2-3,Skeleton/10_Stir_drinks/user16/1-2-3,IMU/10_Stir_drinks/user16/1-2-3,Radar/10_Stir_drinks/user16/1-2-3,0
10_Stir_drinks/user16/2-1-1,10_Stir_drinks,10,user16,2-1-1,Depth_Color/10_Stir_drinks/user16/2-1-1,IR/10_Stir_drinks/user16/2-1-1,Thermal/10_Stir_drinks/user16/2-1-1,Skeleton/10_Stir_drinks/user16/2-1-1,IMU/10_Stir_drinks/user16/2-1-1,Radar/10_Stir_drinks/user16/2-1-1,0
10_Stir_drinks/user16/2-1-2,10_Stir_drinks,10,user16,2-1-2,Depth_Color/10_Stir_drinks/user16/2-1-2,IR/10_Stir_drinks/user16/2-1-2,Thermal/10_Stir_drinks/user16/2-1-2,Skeleton/10_Stir_drinks/user16/2-1-2,IMU/10_Stir_drinks/user16/2-1-2,Radar/10_Stir_drinks/user16/2-1-2,0
10_Stir_drinks/user16/2-1-3,10_Stir_drinks,10,user16,2-1-3,Depth_Color/10_Stir_drinks/user16/2-1-3,IR/10_Stir_drinks/user16/2-1-3,Thermal/10_Stir_drinks/user16/2-1-3,Skeleton/10_Stir_drinks/user16/2-1-3,IMU/10_Stir_drinks/user16/2-1-3,Radar/10_Stir_drinks/user16/2-1-3,0
10_Stir_drinks/user16/7-2-1,10_Stir_drinks,10,user16,7-2-1,Depth_Color/10_Stir_drinks/user16/7-2-1,IR/10_Stir_drinks/user16/7-2-1,Thermal/10_Stir_drinks/user16/7-2-1,Skeleton/10_Stir_drinks/user16/7-2-1,IMU/10_Stir_drinks/user16/7-2-1,Radar/10_Stir_drinks/user16/7-2-1,0
10_Stir_drinks/user16/7-2-2,10_Stir_drinks,10,user16,7-2-2,Depth_Color/10_Stir_drinks/user16/7-2-2,IR/10_Stir_drinks/user16/7-2-2,Thermal/10_Stir_drinks/user16/7-2-2,Skeleton/10_Stir_drinks/user16/7-2-2,IMU/10_Stir_drinks/user16/7-2-2,Radar/10_Stir_drinks/user16/7-2-2,0
10_Stir_drinks/user16/7-2-3,10_Stir_drinks,10,user16,7-2-3,Depth_Color/10_Stir_drinks/user16/7-2-3,IR/10_Stir_drinks/user16/7-2-3,Thermal/10_Stir_drinks/user16/7-2-3,Skeleton/10_Stir_drinks/user16/7-2-3,IMU/10_Stir_drinks/user16/7-2-3,Radar/10_Stir_drinks/user16/7-2-3,0
10_Stir_drinks/user17/2-1-1,10_Stir_drinks,10,user17,2-1-1,Depth_Color/10_Stir_drinks/user17/2-1-1,IR/10_Stir_drinks/user17/2-1-1,Thermal/10_Stir_drinks/user17/2-1-1,Skeleton/10_Stir_drinks/user17/2-1-1,IMU/10_Stir_drinks/user17/2-1-1,Radar/10_Stir_drinks/user17/2-1-1,2
10_Stir_drinks/user17/2-1-2,10_Stir_drinks,10,user17,2-1-2,Depth_Color/10_Stir_drinks/user17/2-1-2,IR/10_Stir_drinks/user17/2-1-2,Thermal/10_Stir_drinks/user17/2-1-2,Skeleton/10_Stir_drinks/user17/2-1-2,IMU/10_Stir_drinks/user17/2-1-2,Radar/10_Stir_drinks/user17/2-1-2,2
10_Stir_drinks/user17/2-1-3,10_Stir_drinks,10,user17,2-1-3,Depth_Color/10_Stir_drinks/user17/2-1-3,IR/10_Stir_drinks/user17/2-1-3,Thermal/10_Stir_drinks/user17/2-1-3,Skeleton/10_Stir_drinks/user17/2-1-3,IMU/10_Stir_drinks/user17/2-1-3,Radar/10_Stir_drinks/user17/2-1-3,2
10_Stir_drinks/user17/2-2-1,10_Stir_drinks,10,user17,2-2-1,Depth_Color/10_Stir_drinks/user17/2-2-1,IR/10_Stir_drinks/user17/2-2-1,Thermal/10_Stir_drinks/user17/2-2-1,Skeleton/10_Stir_drinks/user17/2-2-1,IMU/10_Stir_drinks/user17/2-2-1,Radar/10_Stir_drinks/user17/2-2-1,2
10_Stir_drinks/user17/2-2-2,10_Stir_drinks,10,user17,2-2-2,Depth_Color/10_Stir_drinks/user17/2-2-2,IR/10_Stir_drinks/user17/2-2-2,Thermal/10_Stir_drinks/user17/2-2-2,Skeleton/10_Stir_drinks/user17/2-2-2,IMU/10_Stir_drinks/user17/2-2-2,Radar/10_Stir_drinks/user17/2-2-2,2
10_Stir_drinks/user17/2-2-3,10_Stir_drinks,10,user17,2-2-3,Depth_Color/10_Stir_drinks/user17/2-2-3,IR/10_Stir_drinks/user17/2-2-3,Thermal/10_Stir_drinks/user17/2-2-3,Skeleton/10_Stir_drinks/user17/2-2-3,IMU/10_Stir_drinks/user17/2-2-3,Radar/10_Stir_drinks/user17/2-2-3,2
10_Stir_drinks/user17/5-2-1,10_Stir_drinks,10,user17,5-2-1,Depth_Color/10_Stir_drinks/user17/5-2-1,IR/10_Stir_drinks/user17/5-2-1,Thermal/10_Stir_drinks/user17/5-2-1,Skeleton/10_Stir_drinks/user17/5-2-1,IMU/10_Stir_drinks/user17/5-2-1,Radar/10_Stir_drinks/user17/5-2-1,2
10_Stir_drinks/user17/5-2-2,10_Stir_drinks,10,user17,5-2-2,Depth_Color/10_Stir_drinks/user17/5-2-2,IR/10_Stir_drinks/user17/5-2-2,Thermal/10_Stir_drinks/user17/5-2-2,Skeleton/10_Stir_drinks/user17/5-2-2,IMU/10_Stir_drinks/user17/5-2-2,Radar/10_Stir_drinks/user17/5-2-2,2
10_Stir_drinks/user17/5-2-3,10_Stir_drinks,10,user17,5-2-3,Depth_Color/10_Stir_drinks/user17/5-2-3,IR/10_Stir_drinks/user17/5-2-3,Thermal/10_Stir_drinks/user17/5-2-3,Skeleton/10_Stir_drinks/user17/5-2-3,IMU/10_Stir_drinks/user17/5-2-3,Radar/10_Stir_drinks/user17/5-2-3,2
10_Stir_drinks/user18/3-2-1,10_Stir_drinks,10,user18,3-2-1,Depth_Color/10_Stir_drinks/user18/3-2-1,IR/10_Stir_drinks/user18/3-2-1,Thermal/10_Stir_drinks/user18/3-2-1,Skeleton/10_Stir_drinks/user18/3-2-1,IMU/10_Stir_drinks/user18/3-2-1,Radar/10_Stir_drinks/user18/3-2-1,1
10_Stir_drinks/user18/3-2-2,10_Stir_drinks,10,user18,3-2-2,Depth_Color/10_Stir_drinks/user18/3-2-2,IR/10_Stir_drinks/user18/3-2-2,Thermal/10_Stir_drinks/user18/3-2-2,Skeleton/10_Stir_drinks/user18/3-2-2,IMU/10_Stir_drinks/user18/3-2-2,Radar/10_Stir_drinks/user18/3-2-2,1
10_Stir_drinks/user18/3-2-3,10_Stir_drinks,10,user18,3-2-3,Depth_Color/10_Stir_drinks/user18/3-2-3,IR/10_Stir_drinks/user18/3-2-3,Thermal/10_Stir_drinks/user18/3-2-3,Skeleton/10_Stir_drinks/user18/3-2-3,IMU/10_Stir_drinks/user18/3-2-3,Radar/10_Stir_drinks/user18/3-2-3,1
10_Stir_drinks/user18/4-2-1,10_Stir_drinks,10,user18,4-2-1,Depth_Color/10_Stir_drinks/user18/4-2-1,IR/10_Stir_drinks/user18/4-2-1,Thermal/10_Stir_drinks/user18/4-2-1,Skeleton/10_Stir_drinks/user18/4-2-1,IMU/10_Stir_drinks/user18/4-2-1,Radar/10_Stir_drinks/user18/4-2-1,1
10_Stir_drinks/user18/4-2-2,10_Stir_drinks,10,user18,4-2-2,Depth_Color/10_Stir_drinks/user18/4-2-2,IR/10_Stir_drinks/user18/4-2-2,Thermal/10_Stir_drinks/user18/4-2-2,Skeleton/10_Stir_drinks/user18/4-2-2,IMU/10_Stir_drinks/user18/4-2-2,Radar/10_Stir_drinks/user18/4-2-2,1
10_Stir_drinks/user18/4-2-3,10_Stir_drinks,10,user18,4-2-3,Depth_Color/10_Stir_drinks/user18/4-2-3,IR/10_Stir_drinks/user18/4-2-3,Thermal/10_Stir_drinks/user18/4-2-3,Skeleton/10_Stir_drinks/user18/4-2-3,IMU/10_Stir_drinks/user18/4-2-3,Radar/10_Stir_drinks/user18/4-2-3,1
10_Stir_drinks/user18/7-2-1,10_Stir_drinks,10,user18,7-2-1,Depth_Color/10_Stir_drinks/user18/7-2-1,IR/10_Stir_drinks/user18/7-2-1,Thermal/10_Stir_drinks/user18/7-2-1,Skeleton/10_Stir_drinks/user18/7-2-1,IMU/10_Stir_drinks/user18/7-2-1,Radar/10_Stir_drinks/user18/7-2-1,1
10_Stir_drinks/user18/7-2-2,10_Stir_drinks,10,user18,7-2-2,Depth_Color/10_Stir_drinks/user18/7-2-2,IR/10_Stir_drinks/user18/7-2-2,Thermal/10_Stir_drinks/user18/7-2-2,Skeleton/10_Stir_drinks/user18/7-2-2,IMU/10_Stir_drinks/user18/7-2-2,Radar/10_Stir_drinks/user18/7-2-2,1
10_Stir_drinks/user18/7-2-3,10_Stir_drinks,10,user18,7-2-3,Depth_Color/10_Stir_drinks/user18/7-2-3,IR/10_Stir_drinks/user18/7-2-3,Thermal/10_Stir_drinks/user18/7-2-3,Skeleton/10_Stir_drinks/user18/7-2-3,IMU/10_Stir_drinks/user18/7-2-3,Radar/10_Stir_drinks/user18/7-2-3,1
10_Stir_drinks/user19/2-1-1,10_Stir_drinks,10,user19,2-1-1,Depth_Color/10_Stir_drinks/user19/2-1-1,IR/10_Stir_drinks/user19/2-1-1,Thermal/10_Stir_drinks/user19/2-1-1,Skeleton/10_Stir_drinks/user19/2-1-1,IMU/10_Stir_drinks/user19/2-1-1,Radar/10_Stir_drinks/user19/2-1-1,2
10_Stir_drinks/user19/2-1-2,10_Stir_drinks,10,user19,2-1-2,Depth_Color/10_Stir_drinks/user19/2-1-2,IR/10_Stir_drinks/user19/2-1-2,Thermal/10_Stir_drinks/user19/2-1-2,Skeleton/10_Stir_drinks/user19/2-1-2,IMU/10_Stir_drinks/user19/2-1-2,Radar/10_Stir_drinks/user19/2-1-2,2
10_Stir_drinks/user19/2-1-3,10_Stir_drinks,10,user19,2-1-3,Depth_Color/10_Stir_drinks/user19/2-1-3,IR/10_Stir_drinks/user19/2-1-3,Thermal/10_Stir_drinks/user19/2-1-3,Skeleton/10_Stir_drinks/user19/2-1-3,IMU/10_Stir_drinks/user19/2-1-3,Radar/10_Stir_drinks/user19/2-1-3,2
10_Stir_drinks/user19/3-2-1,10_Stir_drinks,10,user19,3-2-1,Depth_Color/10_Stir_drinks/user19/3-2-1,IR/10_Stir_drinks/user19/3-2-1,Thermal/10_Stir_drinks/user19/3-2-1,Skeleton/10_Stir_drinks/user19/3-2-1,IMU/10_Stir_drinks/user19/3-2-1,Radar/10_Stir_drinks/user19/3-2-1,2
10_Stir_drinks/user19/3-2-2,10_Stir_drinks,10,user19,3-2-2,Depth_Color/10_Stir_drinks/user19/3-2-2,IR/10_Stir_drinks/user19/3-2-2,Thermal/10_Stir_drinks/user19/3-2-2,Skeleton/10_Stir_drinks/user19/3-2-2,IMU/10_Stir_drinks/user19/3-2-2,Radar/10_Stir_drinks/user19/3-2-2,2
10_Stir_drinks/user19/3-2-3,10_Stir_drinks,10,user19,3-2-3,Depth_Color/10_Stir_drinks/user19/3-2-3,IR/10_Stir_drinks/user19/3-2-3,Thermal/10_Stir_drinks/user19/3-2-3,Skeleton/10_Stir_drinks/user19/3-2-3,IMU/10_Stir_drinks/user19/3-2-3,Radar/10_Stir_drinks/user19/3-2-3,2
10_Stir_drinks/user19/7-2-1,10_Stir_drinks,10,user19,7-2-1,Depth_Color/10_Stir_drinks/user19/7-2-1,IR/10_Stir_drinks/user19/7-2-1,Thermal/10_Stir_drinks/user19/7-2-1,Skeleton/10_Stir_drinks/user19/7-2-1,IMU/10_Stir_drinks/user19/7-2-1,Radar/10_Stir_drinks/user19/7-2-1,2
10_Stir_drinks/user19/7-2-2,10_Stir_drinks,10,user19,7-2-2,Depth_Color/10_Stir_drinks/user19/7-2-2,IR/10_Stir_drinks/user19/7-2-2,Thermal/10_Stir_drinks/user19/7-2-2,Skeleton/10_Stir_drinks/user19/7-2-2,IMU/10_Stir_drinks/user19/7-2-2,Radar/10_Stir_drinks/user19/7-2-2,2
10_Stir_drinks/user19/7-2-3,10_Stir_drinks,10,user19,7-2-3,Depth_Color/10_Stir_drinks/user19/7-2-3,IR/10_Stir_drinks/user19/7-2-3,Thermal/10_Stir_drinks/user19/7-2-3,Skeleton/10_Stir_drinks/user19/7-2-3,IMU/10_Stir_drinks/user19/7-2-3,Radar/10_Stir_drinks/user19/7-2-3,2
10_Stir_drinks/user2/6-1-1,10_Stir_drinks,10,user2,6-1-1,Depth_Color/10_Stir_drinks/user2/6-1-1,IR/10_Stir_drinks/user2/6-1-1,Thermal/10_Stir_drinks/user2/6-1-1,Skeleton/10_Stir_drinks/user2/6-1-1,IMU/10_Stir_drinks/user2/6-1-1,Radar/10_Stir_drinks/user2/6-1-1,0
10_Stir_drinks/user2/6-1-2,10_Stir_drinks,10,user2,6-1-2,Depth_Color/10_Stir_drinks/user2/6-1-2,IR/10_Stir_drinks/user2/6-1-2,Thermal/10_Stir_drinks/user2/6-1-2,Skeleton/10_Stir_drinks/user2/6-1-2,IMU/10_Stir_drinks/user2/6-1-2,Radar/10_Stir_drinks/user2/6-1-2,0
10_Stir_drinks/user20/3-1-1,10_Stir_drinks,10,user20,3-1-1,Depth_Color/10_Stir_drinks/user20/3-1-1,IR/10_Stir_drinks/user20/3-1-1,Thermal/10_Stir_drinks/user20/3-1-1,Skeleton/10_Stir_drinks/user20/3-1-1,IMU/10_Stir_drinks/user20/3-1-1,Radar/10_Stir_drinks/user20/3-1-1,0
10_Stir_drinks/user20/3-1-2,10_Stir_drinks,10,user20,3-1-2,Depth_Color/10_Stir_drinks/user20/3-1-2,IR/10_Stir_drinks/user20/3-1-2,Thermal/10_Stir_drinks/user20/3-1-2,Skeleton/10_Stir_drinks/user20/3-1-2,IMU/10_Stir_drinks/user20/3-1-2,Radar/10_Stir_drinks/user20/3-1-2,0
10_Stir_drinks/user20/3-1-3,10_Stir_drinks,10,user20,3-1-3,Depth_Color/10_Stir_drinks/user20/3-1-3,IR/10_Stir_drinks/user20/3-1-3,Thermal/10_Stir_drinks/user20/3-1-3,Skeleton/10_Stir_drinks/user20/3-1-3,IMU/10_Stir_drinks/user20/3-1-3,Radar/10_Stir_drinks/user20/3-1-3,0
10_Stir_drinks/user20/5-1-1,10_Stir_drinks,10,user20,5-1-1,Depth_Color/10_Stir_drinks/user20/5-1-1,IR/10_Stir_drinks/user20/5-1-1,Thermal/10_Stir_drinks/user20/5-1-1,Skeleton/10_Stir_drinks/user20/5-1-1,IMU/10_Stir_drinks/user20/5-1-1,Radar/10_Stir_drinks/user20/5-1-1,0
10_Stir_drinks/user20/5-1-2,10_Stir_drinks,10,user20,5-1-2,Depth_Color/10_Stir_drinks/user20/5-1-2,IR/10_Stir_drinks/user20/5-1-2,Thermal/10_Stir_drinks/user20/5-1-2,Skeleton/10_Stir_drinks/user20/5-1-2,IMU/10_Stir_drinks/user20/5-1-2,Radar/10_Stir_drinks/user20/5-1-2,0
10_Stir_drinks/user20/5-1-3,10_Stir_drinks,10,user20,5-1-3,Depth_Color/10_Stir_drinks/user20/5-1-3,IR/10_Stir_drinks/user20/5-1-3,Thermal/10_Stir_drinks/user20/5-1-3,Skeleton/10_Stir_drinks/user20/5-1-3,IMU/10_Stir_drinks/user20/5-1-3,Radar/10_Stir_drinks/user20/5-1-3,0
10_Stir_drinks/user20/6-3-1,10_Stir_drinks,10,user20,6-3-1,Depth_Color/10_Stir_drinks/user20/6-3-1,IR/10_Stir_drinks/user20/6-3-1,Thermal/10_Stir_drinks/user20/6-3-1,Skeleton/10_Stir_drinks/user20/6-3-1,IMU/10_Stir_drinks/user20/6-3-1,Radar/10_Stir_drinks/user20/6-3-1,0
10_Stir_drinks/user20/6-3-2,10_Stir_drinks,10,user20,6-3-2,Depth_Color/10_Stir_drinks/user20/6-3-2,IR/10_Stir_drinks/user20/6-3-2,Thermal/10_Stir_drinks/user20/6-3-2,Skeleton/10_Stir_drinks/user20/6-3-2,IMU/10_Stir_drinks/user20/6-3-2,Radar/10_Stir_drinks/user20/6-3-2,0
10_Stir_drinks/user20/6-3-3,10_Stir_drinks,10,user20,6-3-3,Depth_Color/10_Stir_drinks/user20/6-3-3,IR/10_Stir_drinks/user20/6-3-3,Thermal/10_Stir_drinks/user20/6-3-3,Skeleton/10_Stir_drinks/user20/6-3-3,IMU/10_Stir_drinks/user20/6-3-3,Radar/10_Stir_drinks/user20/6-3-3,0
10_Stir_drinks/user20/7-1-1,10_Stir_drinks,10,user20,7-1-1,Depth_Color/10_Stir_drinks/user20/7-1-1,IR/10_Stir_drinks/user20/7-1-1,Thermal/10_Stir_drinks/user20/7-1-1,Skeleton/10_Stir_drinks/user20/7-1-1,IMU/10_Stir_drinks/user20/7-1-1,Radar/10_Stir_drinks/user20/7-1-1,0
10_Stir_drinks/user20/7-1-2,10_Stir_drinks,10,user20,7-1-2,Depth_Color/10_Stir_drinks/user20/7-1-2,IR/10_Stir_drinks/user20/7-1-2,Thermal/10_Stir_drinks/user20/7-1-2,Skeleton/10_Stir_drinks/user20/7-1-2,IMU/10_Stir_drinks/user20/7-1-2,Radar/10_Stir_drinks/user20/7-1-2,0
10_Stir_drinks/user20/7-1-3,10_Stir_drinks,10,user20,7-1-3,Depth_Color/10_Stir_drinks/user20/7-1-3,IR/10_Stir_drinks/user20/7-1-3,Thermal/10_Stir_drinks/user20/7-1-3,Skeleton/10_Stir_drinks/user20/7-1-3,IMU/10_Stir_drinks/user20/7-1-3,Radar/10_Stir_drinks/user20/7-1-3,0
10_Stir_drinks/user22/4-3-1,10_Stir_drinks,10,user22,4-3-1,Depth_Color/10_Stir_drinks/user22/4-3-1,IR/10_Stir_drinks/user22/4-3-1,Thermal/10_Stir_drinks/user22/4-3-1,Skeleton/10_Stir_drinks/user22/4-3-1,IMU/10_Stir_drinks/user22/4-3-1,Radar/10_Stir_drinks/user22/4-3-1,1
10_Stir_drinks/user22/4-3-2,10_Stir_drinks,10,user22,4-3-2,Depth_Color/10_Stir_drinks/user22/4-3-2,IR/10_Stir_drinks/user22/4-3-2,Thermal/10_Stir_drinks/user22/4-3-2,Skeleton/10_Stir_drinks/user22/4-3-2,,Radar/10_Stir_drinks/user22/4-3-2,1
10_Stir_drinks/user22/4-3-3,10_Stir_drinks,10,user22,4-3-3,Depth_Color/10_Stir_drinks/user22/4-3-3,IR/10_Stir_drinks/user22/4-3-3,Thermal/10_Stir_drinks/user22/4-3-3,Skeleton/10_Stir_drinks/user22/4-3-3,IMU/10_Stir_drinks/user22/4-3-3,Radar/10_Stir_drinks/user22/4-3-3,1
10_Stir_drinks/user23/5-3-1,10_Stir_drinks,10,user23,5-3-1,,,Thermal/10_Stir_drinks/user23/5-3-1,,,,0
10_Stir_drinks/user23/5-3-3,10_Stir_drinks,10,user23,5-3-3,Depth_Color/10_Stir_drinks/user23/5-3-3,IR/10_Stir_drinks/user23/5-3-3,Thermal/10_Stir_drinks/user23/5-3-3,Skeleton/10_Stir_drinks/user23/5-3-3,IMU/10_Stir_drinks/user23/5-3-3,Radar/10_Stir_drinks/user23/5-3-3,0
10_Stir_drinks/user3/4-1-1,10_Stir_drinks,10,user3,4-1-1,Depth_Color/10_Stir_drinks/user3/4-1-1,IR/10_Stir_drinks/user3/4-1-1,Thermal/10_Stir_drinks/user3/4-1-1,Skeleton/10_Stir_drinks/user3/4-1-1,IMU/10_Stir_drinks/user3/4-1-1,Radar/10_Stir_drinks/user3/4-1-1,2
10_Stir_drinks/user3/4-1-2,10_Stir_drinks,10,user3,4-1-2,Depth_Color/10_Stir_drinks/user3/4-1-2,IR/10_Stir_drinks/user3/4-1-2,Thermal/10_Stir_drinks/user3/4-1-2,Skeleton/10_Stir_drinks/user3/4-1-2,IMU/10_Stir_drinks/user3/4-1-2,Radar/10_Stir_drinks/user3/4-1-2,2
10_Stir_drinks/user3/4-1-3,10_Stir_drinks,10,user3,4-1-3,Depth_Color/10_Stir_drinks/user3/4-1-3,IR/10_Stir_drinks/user3/4-1-3,Thermal/10_Stir_drinks/user3/4-1-3,Skeleton/10_Stir_drinks/user3/4-1-3,IMU/10_Stir_drinks/user3/4-1-3,Radar/10_Stir_drinks/user3/4-1-3,2
10_Stir_drinks/user3/5-1-1,10_Stir_drinks,10,user3,5-1-1,Depth_Color/10_Stir_drinks/user3/5-1-1,IR/10_Stir_drinks/user3/5-1-1,Thermal/10_Stir_drinks/user3/5-1-1,Skeleton/10_Stir_drinks/user3/5-1-1,IMU/10_Stir_drinks/user3/5-1-1,Radar/10_Stir_drinks/user3/5-1-1,2
10_Stir_drinks/user3/5-1-2,10_Stir_drinks,10,user3,5-1-2,Depth_Color/10_Stir_drinks/user3/5-1-2,IR/10_Stir_drinks/user3/5-1-2,Thermal/10_Stir_drinks/user3/5-1-2,Skeleton/10_Stir_drinks/user3/5-1-2,IMU/10_Stir_drinks/user3/5-1-2,Radar/10_Stir_drinks/user3/5-1-2,2
10_Stir_drinks/user3/5-1-3,10_Stir_drinks,10,user3,5-1-3,Depth_Color/10_Stir_drinks/user3/5-1-3,IR/10_Stir_drinks/user3/5-1-3,Thermal/10_Stir_drinks/user3/5-1-3,Skeleton/10_Stir_drinks/user3/5-1-3,IMU/10_Stir_drinks/user3/5-1-3,Radar/10_Stir_drinks/user3/5-1-3,2
10_Stir_drinks/user3/7-1-1,10_Stir_drinks,10,user3,7-1-1,Depth_Color/10_Stir_drinks/user3/7-1-1,IR/10_Stir_drinks/user3/7-1-1,Thermal/10_Stir_drinks/user3/7-1-1,Skeleton/10_Stir_drinks/user3/7-1-1,IMU/10_Stir_drinks/user3/7-1-1,Radar/10_Stir_drinks/user3/7-1-1,2
10_Stir_drinks/user3/7-1-2,10_Stir_drinks,10,user3,7-1-2,Depth_Color/10_Stir_drinks/user3/7-1-2,IR/10_Stir_drinks/user3/7-1-2,Thermal/10_Stir_drinks/user3/7-1-2,Skeleton/10_Stir_drinks/user3/7-1-2,IMU/10_Stir_drinks/user3/7-1-2,Radar/10_Stir_drinks/user3/7-1-2,2
10_Stir_drinks/user3/7-1-3,10_Stir_drinks,10,user3,7-1-3,Depth_Color/10_Stir_drinks/user3/7-1-3,IR/10_Stir_drinks/user3/7-1-3,Thermal/10_Stir_drinks/user3/7-1-3,Skeleton/10_Stir_drinks/user3/7-1-3,IMU/10_Stir_drinks/user3/7-1-3,Radar/10_Stir_drinks/user3/7-1-3,2
10_Stir_drinks/user4/1-2-1,10_Stir_drinks,10,user4,1-2-1,Depth_Color/10_Stir_drinks/user4/1-2-1,IR/10_Stir_drinks/user4/1-2-1,Thermal/10_Stir_drinks/user4/1-2-1,Skeleton/10_Stir_drinks/user4/1-2-1,IMU/10_Stir_drinks/user4/1-2-1,Radar/10_Stir_drinks/user4/1-2-1,1
10_Stir_drinks/user4/1-2-2,10_Stir_drinks,10,user4,1-2-2,Depth_Color/10_Stir_drinks/user4/1-2-2,IR/10_Stir_drinks/user4/1-2-2,Thermal/10_Stir_drinks/user4/1-2-2,Skeleton/10_Stir_drinks/user4/1-2-2,IMU/10_Stir_drinks/user4/1-2-2,Radar/10_Stir_drinks/user4/1-2-2,1
10_Stir_drinks/user4/1-2-3,10_Stir_drinks,10,user4,1-2-3,Depth_Color/10_Stir_drinks/user4/1-2-3,IR/10_Stir_drinks/user4/1-2-3,Thermal/10_Stir_drinks/user4/1-2-3,Skeleton/10_Stir_drinks/user4/1-2-3,IMU/10_Stir_drinks/user4/1-2-3,Radar/10_Stir_drinks/user4/1-2-3,1
10_Stir_drinks/user4/5-1-1,10_Stir_drinks,10,user4,5-1-1,Depth_Color/10_Stir_drinks/user4/5-1-1,IR/10_Stir_drinks/user4/5-1-1,Thermal/10_Stir_drinks/user4/5-1-1,Skeleton/10_Stir_drinks/user4/5-1-1,IMU/10_Stir_drinks/user4/5-1-1,Radar/10_Stir_drinks/user4/5-1-1,1
10_Stir_drinks/user4/5-1-2,10_Stir_drinks,10,user4,5-1-2,Depth_Color/10_Stir_drinks/user4/5-1-2,IR/10_Stir_drinks/user4/5-1-2,Thermal/10_Stir_drinks/user4/5-1-2,Skeleton/10_Stir_drinks/user4/5-1-2,IMU/10_Stir_drinks/user4/5-1-2,Radar/10_Stir_drinks/user4/5-1-2,1
10_Stir_drinks/user4/5-1-3,10_Stir_drinks,10,user4,5-1-3,Depth_Color/10_Stir_drinks/user4/5-1-3,IR/10_Stir_drinks/user4/5-1-3,Thermal/10_Stir_drinks/user4/5-1-3,Skeleton/10_Stir_drinks/user4/5-1-3,IMU/10_Stir_drinks/user4/5-1-3,Radar/10_Stir_drinks/user4/5-1-3,1
10_Stir_drinks/user5/1-2-1,10_Stir_drinks,10,user5,1-2-1,Depth_Color/10_Stir_drinks/user5/1-2-1,IR/10_Stir_drinks/user5/1-2-1,Thermal/10_Stir_drinks/user5/1-2-1,Skeleton/10_Stir_drinks/user5/1-2-1,IMU/10_Stir_drinks/user5/1-2-1,Radar/10_Stir_drinks/user5/1-2-1,2
10_Stir_drinks/user5/1-2-2,10_Stir_drinks,10,user5,1-2-2,Depth_Color/10_Stir_drinks/user5/1-2-2,IR/10_Stir_drinks/user5/1-2-2,Thermal/10_Stir_drinks/user5/1-2-2,Skeleton/10_Stir_drinks/user5/1-2-2,IMU/10_Stir_drinks/user5/1-2-2,Radar/10_Stir_drinks/user5/1-2-2,2
10_Stir_drinks/user5/4-2-1,10_Stir_drinks,10,user5,4-2-1,Depth_Color/10_Stir_drinks/user5/4-2-1,IR/10_Stir_drinks/user5/4-2-1,Thermal/10_Stir_drinks/user5/4-2-1,Skeleton/10_Stir_drinks/user5/4-2-1,IMU/10_Stir_drinks/user5/4-2-1,Radar/10_Stir_drinks/user5/4-2-1,2
10_Stir_drinks/user5/4-2-2,10_Stir_drinks,10,user5,4-2-2,Depth_Color/10_Stir_drinks/user5/4-2-2,IR/10_Stir_drinks/user5/4-2-2,Thermal/10_Stir_drinks/user5/4-2-2,Skeleton/10_Stir_drinks/user5/4-2-2,IMU/10_Stir_drinks/user5/4-2-2,Radar/10_Stir_drinks/user5/4-2-2,2
10_Stir_drinks/user5/4-2-3,10_Stir_drinks,10,user5,4-2-3,Depth_Color/10_Stir_drinks/user5/4-2-3,IR/10_Stir_drinks/user5/4-2-3,Thermal/10_Stir_drinks/user5/4-2-3,Skeleton/10_Stir_drinks/user5/4-2-3,IMU/10_Stir_drinks/user5/4-2-3,Radar/10_Stir_drinks/user5/4-2-3,2
10_Stir_drinks/user6/1-2-1,10_Stir_drinks,10,user6,1-2-1,Depth_Color/10_Stir_drinks/user6/1-2-1,IR/10_Stir_drinks/user6/1-2-1,Thermal/10_Stir_drinks/user6/1-2-1,Skeleton/10_Stir_drinks/user6/1-2-1,IMU/10_Stir_drinks/user6/1-2-1,Radar/10_Stir_drinks/user6/1-2-1,1
10_Stir_drinks/user6/1-2-2,10_Stir_drinks,10,user6,1-2-2,Depth_Color/10_Stir_drinks/user6/1-2-2,IR/10_Stir_drinks/user6/1-2-2,Thermal/10_Stir_drinks/user6/1-2-2,Skeleton/10_Stir_drinks/user6/1-2-2,IMU/10_Stir_drinks/user6/1-2-2,Radar/10_Stir_drinks/user6/1-2-2,1
10_Stir_drinks/user6/1-2-3,10_Stir_drinks,10,user6,1-2-3,Depth_Color/10_Stir_drinks/user6/1-2-3,IR/10_Stir_drinks/user6/1-2-3,Thermal/10_Stir_drinks/user6/1-2-3,Skeleton/10_Stir_drinks/user6/1-2-3,IMU/10_Stir_drinks/user6/1-2-3,Radar/10_Stir_drinks/user6/1-2-3,1
10_Stir_drinks/user6/2-1-1,10_Stir_drinks,10,user6,2-1-1,Depth_Color/10_Stir_drinks/user6/2-1-1,IR/10_Stir_drinks/user6/2-1-1,Thermal/10_Stir_drinks/user6/2-1-1,Skeleton/10_Stir_drinks/user6/2-1-1,IMU/10_Stir_drinks/user6/2-1-1,Radar/10_Stir_drinks/user6/2-1-1,1
10_Stir_drinks/user6/2-1-2,10_Stir_drinks,10,user6,2-1-2,Depth_Color/10_Stir_drinks/user6/2-1-2,IR/10_Stir_drinks/user6/2-1-2,Thermal/10_Stir_drinks/user6/2-1-2,Skeleton/10_Stir_drinks/user6/2-1-2,IMU/10_Stir_drinks/user6/2-1-2,Radar/10_Stir_drinks/user6/2-1-2,1
10_Stir_drinks/user6/2-1-3,10_Stir_drinks,10,user6,2-1-3,Depth_Color/10_Stir_drinks/user6/2-1-3,IR/10_Stir_drinks/user6/2-1-3,Thermal/10_Stir_drinks/user6/2-1-3,Skeleton/10_Stir_drinks/user6/2-1-3,IMU/10_Stir_drinks/user6/2-1-3,Radar/10_Stir_drinks/user6/2-1-3,1
10_Stir_drinks/user6/7-2-1,10_Stir_drinks,10,user6,7-2-1,Depth_Color/10_Stir_drinks/user6/7-2-1,IR/10_Stir_drinks/user6/7-2-1,Thermal/10_Stir_drinks/user6/7-2-1,Skeleton/10_Stir_drinks/user6/7-2-1,IMU/10_Stir_drinks/user6/7-2-1,Radar/10_Stir_drinks/user6/7-2-1,1
10_Stir_drinks/user6/7-2-2,10_Stir_drinks,10,user6,7-2-2,Depth_Color/10_Stir_drinks/user6/7-2-2,IR/10_Stir_drinks/user6/7-2-2,Thermal/10_Stir_drinks/user6/7-2-2,Skeleton/10_Stir_drinks/user6/7-2-2,IMU/10_Stir_drinks/user6/7-2-2,Radar/10_Stir_drinks/user6/7-2-2,1
10_Stir_drinks/user6/7-2-3,10_Stir_drinks,10,user6,7-2-3,Depth_Color/10_Stir_drinks/user6/7-2-3,IR/10_Stir_drinks/user6/7-2-3,Thermal/10_Stir_drinks/user6/7-2-3,Skeleton/10_Stir_drinks/user6/7-2-3,IMU/10_Stir_drinks/user6/7-2-3,Radar/10_Stir_drinks/user6/7-2-3,1
10_Stir_drinks/user7/2-1-1,10_Stir_drinks,10,user7,2-1-1,Depth_Color/10_Stir_drinks/user7/2-1-1,IR/10_Stir_drinks/user7/2-1-1,Thermal/10_Stir_drinks/user7/2-1-1,Skeleton/10_Stir_drinks/user7/2-1-1,IMU/10_Stir_drinks/user7/2-1-1,Radar/10_Stir_drinks/user7/2-1-1,0
10_Stir_drinks/user7/2-1-2,10_Stir_drinks,10,user7,2-1-2,Depth_Color/10_Stir_drinks/user7/2-1-2,IR/10_Stir_drinks/user7/2-1-2,Thermal/10_Stir_drinks/user7/2-1-2,Skeleton/10_Stir_drinks/user7/2-1-2,IMU/10_Stir_drinks/user7/2-1-2,Radar/10_Stir_drinks/user7/2-1-2,0
10_Stir_drinks/user7/2-1-3,10_Stir_drinks,10,user7,2-1-3,Depth_Color/10_Stir_drinks/user7/2-1-3,IR/10_Stir_drinks/user7/2-1-3,Thermal/10_Stir_drinks/user7/2-1-3,Skeleton/10_Stir_drinks/user7/2-1-3,IMU/10_Stir_drinks/user7/2-1-3,Radar/10_Stir_drinks/user7/2-1-3,0
10_Stir_drinks/user7/2-2-1,10_Stir_drinks,10,user7,2-2-1,Depth_Color/10_Stir_drinks/user7/2-2-1,IR/10_Stir_drinks/user7/2-2-1,Thermal/10_Stir_drinks/user7/2-2-1,Skeleton/10_Stir_drinks/user7/2-2-1,IMU/10_Stir_drinks/user7/2-2-1,Radar/10_Stir_drinks/user7/2-2-1,0
10_Stir_drinks/user7/2-2-2,10_Stir_drinks,10,user7,2-2-2,Depth_Color/10_Stir_drinks/user7/2-2-2,IR/10_Stir_drinks/user7/2-2-2,Thermal/10_Stir_drinks/user7/2-2-2,Skeleton/10_Stir_drinks/user7/2-2-2,IMU/10_Stir_drinks/user7/2-2-2,Radar/10_Stir_drinks/user7/2-2-2,0
10_Stir_drinks/user7/2-2-3,10_Stir_drinks,10,user7,2-2-3,Depth_Color/10_Stir_drinks/user7/2-2-3,IR/10_Stir_drinks/user7/2-2-3,Thermal/10_Stir_drinks/user7/2-2-3,Skeleton/10_Stir_drinks/user7/2-2-3,IMU/10_Stir_drinks/user7/2-2-3,Radar/10_Stir_drinks/user7/2-2-3,0
10_Stir_drinks/user7/5-2-1,10_Stir_drinks,10,user7,5-2-1,Depth_Color/10_Stir_drinks/user7/5-2-1,IR/10_Stir_drinks/user7/5-2-1,Thermal/10_Stir_drinks/user7/5-2-1,Skeleton/10_Stir_drinks/user7/5-2-1,IMU/10_Stir_drinks/user7/5-2-1,Radar/10_Stir_drinks/user7/5-2-1,0
10_Stir_drinks/user7/5-2-2,10_Stir_drinks,10,user7,5-2-2,Depth_Color/10_Stir_drinks/user7/5-2-2,IR/10_Stir_drinks/user7/5-2-2,Thermal/10_Stir_drinks/user7/5-2-2,Skeleton/10_Stir_drinks/user7/5-2-2,IMU/10_Stir_drinks/user7/5-2-2,Radar/10_Stir_drinks/user7/5-2-2,0
10_Stir_drinks/user7/5-2-3,10_Stir_drinks,10,user7,5-2-3,Depth_Color/10_Stir_drinks/user7/5-2-3,IR/10_Stir_drinks/user7/5-2-3,Thermal/10_Stir_drinks/user7/5-2-3,Skeleton/10_Stir_drinks/user7/5-2-3,IMU/10_Stir_drinks/user7/5-2-3,Radar/10_Stir_drinks/user7/5-2-3,0
10_Stir_drinks/user8/3-2-1,10_Stir_drinks,10,user8,3-2-1,Depth_Color/10_Stir_drinks/user8/3-2-1,IR/10_Stir_drinks/user8/3-2-1,Thermal/10_Stir_drinks/user8/3-2-1,Skeleton/10_Stir_drinks/user8/3-2-1,IMU/10_Stir_drinks/user8/3-2-1,Radar/10_Stir_drinks/user8/3-2-1,2
10_Stir_drinks/user8/3-2-2,10_Stir_drinks,10,user8,3-2-2,Depth_Color/10_Stir_drinks/user8/3-2-2,IR/10_Stir_drinks/user8/3-2-2,Thermal/10_Stir_drinks/user8/3-2-2,Skeleton/10_Stir_drinks/user8/3-2-2,IMU/10_Stir_drinks/user8/3-2-2,Radar/10_Stir_drinks/user8/3-2-2,2
10_Stir_drinks/user8/3-2-3,10_Stir_drinks,10,user8,3-2-3,Depth_Color/10_Stir_drinks/user8/3-2-3,IR/10_Stir_drinks/user8/3-2-3,Thermal/10_Stir_drinks/user8/3-2-3,Skeleton/10_Stir_drinks/user8/3-2-3,IMU/10_Stir_drinks/user8/3-2-3,Radar/10_Stir_drinks/user8/3-2-3,2
10_Stir_drinks/user8/4-2-1,10_Stir_drinks,10,user8,4-2-1,Depth_Color/10_Stir_drinks/user8/4-2-1,IR/10_Stir_drinks/user8/4-2-1,Thermal/10_Stir_drinks/user8/4-2-1,Skeleton/10_Stir_drinks/user8/4-2-1,IMU/10_Stir_drinks/user8/4-2-1,Radar/10_Stir_drinks/user8/4-2-1,2
10_Stir_drinks/user8/4-2-2,10_Stir_drinks,10,user8,4-2-2,Depth_Color/10_Stir_drinks/user8/4-2-2,IR/10_Stir_drinks/user8/4-2-2,Thermal/10_Stir_drinks/user8/4-2-2,Skeleton/10_Stir_drinks/user8/4-2-2,IMU/10_Stir_drinks/user8/4-2-2,Radar/10_Stir_drinks/user8/4-2-2,2
10_Stir_drinks/user8/4-2-3,10_Stir_drinks,10,user8,4-2-3,Depth_Color/10_Stir_drinks/user8/4-2-3,IR/10_Stir_drinks/user8/4-2-3,Thermal/10_Stir_drinks/user8/4-2-3,Skeleton/10_Stir_drinks/user8/4-2-3,IMU/10_Stir_drinks/user8/4-2-3,Radar/10_Stir_drinks/user8/4-2-3,2
10_Stir_drinks/user8/7-2-1,10_Stir_drinks,10,user8,7-2-1,Depth_Color/10_Stir_drinks/user8/7-2-1,IR/10_Stir_drinks/user8/7-2-1,Thermal/10_Stir_drinks/user8/7-2-1,Skeleton/10_Stir_drinks/user8/7-2-1,IMU/10_Stir_drinks/user8/7-2-1,Radar/10_Stir_drinks/user8/7-2-1,2
10_Stir_drinks/user8/7-2-2,10_Stir_drinks,10,user8,7-2-2,Depth_Color/10_Stir_drinks/user8/7-2-2,IR/10_Stir_drinks/user8/7-2-2,Thermal/10_Stir_drinks/user8/7-2-2,Skeleton/10_Stir_drinks/user8/7-2-2,IMU/10_Stir_drinks/user8/7-2-2,Radar/10_Stir_drinks/user8/7-2-2,2
10_Stir_drinks/user8/7-2-3,10_Stir_drinks,10,user8,7-2-3,Depth_Color/10_Stir_drinks/user8/7-2-3,IR/10_Stir_drinks/user8/7-2-3,Thermal/10_Stir_drinks/user8/7-2-3,Skeleton/10_Stir_drinks/user8/7-2-3,IMU/10_Stir_drinks/user8/7-2-3,Radar/10_Stir_drinks/user8/7-2-3,2
10_Stir_drinks/user9/2-1-1,10_Stir_drinks,10,user9,2-1-1,Depth_Color/10_Stir_drinks/user9/2-1-1,IR/10_Stir_drinks/user9/2-1-1,Thermal/10_Stir_drinks/user9/2-1-1,Skeleton/10_Stir_drinks/user9/2-1-1,IMU/10_Stir_drinks/user9/2-1-1,Radar/10_Stir_drinks/user9/2-1-1,1
10_Stir_drinks/user9/2-1-2,10_Stir_drinks,10,user9,2-1-2,Depth_Color/10_Stir_drinks/user9/2-1-2,IR/10_Stir_drinks/user9/2-1-2,Thermal/10_Stir_drinks/user9/2-1-2,Skeleton/10_Stir_drinks/user9/2-1-2,IMU/10_Stir_drinks/user9/2-1-2,Radar/10_Stir_drinks/user9/2-1-2,1
10_Stir_drinks/user9/2-1-3,10_Stir_drinks,10,user9,2-1-3,Depth_Color/10_Stir_drinks/user9/2-1-3,IR/10_Stir_drinks/user9/2-1-3,Thermal/10_Stir_drinks/user9/2-1-3,Skeleton/10_Stir_drinks/user9/2-1-3,IMU/10_Stir_drinks/user9/2-1-3,Radar/10_Stir_drinks/user9/2-1-3,1
10_Stir_drinks/user9/3-2-1,10_Stir_drinks,10,user9,3-2-1,Depth_Color/10_Stir_drinks/user9/3-2-1,IR/10_Stir_drinks/user9/3-2-1,Thermal/10_Stir_drinks/user9/3-2-1,Skeleton/10_Stir_drinks/user9/3-2-1,IMU/10_Stir_drinks/user9/3-2-1,Radar/10_Stir_drinks/user9/3-2-1,1
10_Stir_drinks/user9/3-2-2,10_Stir_drinks,10,user9,3-2-2,Depth_Color/10_Stir_drinks/user9/3-2-2,IR/10_Stir_drinks/user9/3-2-2,Thermal/10_Stir_drinks/user9/3-2-2,Skeleton/10_Stir_drinks/user9/3-2-2,IMU/10_Stir_drinks/user9/3-2-2,Radar/10_Stir_drinks/user9/3-2-2,1
10_Stir_drinks/user9/3-2-3,10_Stir_drinks,10,user9,3-2-3,Depth_Color/10_Stir_drinks/user9/3-2-3,IR/10_Stir_drinks/user9/3-2-3,Thermal/10_Stir_drinks/user9/3-2-3,Skeleton/10_Stir_drinks/user9/3-2-3,IMU/10_Stir_drinks/user9/3-2-3,Radar/10_Stir_drinks/user9/3-2-3,1
10_Stir_drinks/user9/7-2-1,10_Stir_drinks,10,user9,7-2-1,Depth_Color/10_Stir_drinks/user9/7-2-1,IR/10_Stir_drinks/user9/7-2-1,Thermal/10_Stir_drinks/user9/7-2-1,Skeleton/10_Stir_drinks/user9/7-2-1,IMU/10_Stir_drinks/user9/7-2-1,Radar/10_Stir_drinks/user9/7-2-1,1
10_Stir_drinks/user9/7-2-2,10_Stir_drinks,10,user9,7-2-2,Depth_Color/10_Stir_drinks/user9/7-2-2,IR/10_Stir_drinks/user9/7-2-2,Thermal/10_Stir_drinks/user9/7-2-2,Skeleton/10_Stir_drinks/user9/7-2-2,IMU/10_Stir_drinks/user9/7-2-2,Radar/10_Stir_drinks/user9/7-2-2,1
10_Stir_drinks/user9/7-2-3,10_Stir_drinks,10,user9,7-2-3,Depth_Color/10_Stir_drinks/user9/7-2-3,IR/10_Stir_drinks/user9/7-2-3,Thermal/10_Stir_drinks/user9/7-2-3,Skeleton/10_Stir_drinks/user9/7-2-3,IMU/10_Stir_drinks/user9/7-2-3,Radar/10_Stir_drinks/user9/7-2-3,1
11_Peel_fruits/user1/1-2-1,11_Peel_fruits,11,user1,1-2-1,Depth_Color/11_Peel_fruits/user1/1-2-1,IR/11_Peel_fruits/user1/1-2-1,Thermal/11_Peel_fruits/user1/1-2-1,Skeleton/11_Peel_fruits/user1/1-2-1,IMU/11_Peel_fruits/user1/1-2-1,Radar/11_Peel_fruits/user1/1-2-1,1
11_Peel_fruits/user1/1-2-2,11_Peel_fruits,11,user1,1-2-2,Depth_Color/11_Peel_fruits/user1/1-2-2,IR/11_Peel_fruits/user1/1-2-2,Thermal/11_Peel_fruits/user1/1-2-2,Skeleton/11_Peel_fruits/user1/1-2-2,IMU/11_Peel_fruits/user1/1-2-2,Radar/11_Peel_fruits/user1/1-2-2,1
11_Peel_fruits/user1/4-1-1,11_Peel_fruits,11,user1,4-1-1,Depth_Color/11_Peel_fruits/user1/4-1-1,IR/11_Peel_fruits/user1/4-1-1,Thermal/11_Peel_fruits/user1/4-1-1,Skeleton/11_Peel_fruits/user1/4-1-1,IMU/11_Peel_fruits/user1/4-1-1,Radar/11_Peel_fruits/user1/4-1-1,1
11_Peel_fruits/user1/4-1-2,11_Peel_fruits,11,user1,4-1-2,Depth_Color/11_Peel_fruits/user1/4-1-2,IR/11_Peel_fruits/user1/4-1-2,Thermal/11_Peel_fruits/user1/4-1-2,Skeleton/11_Peel_fruits/user1/4-1-2,IMU/11_Peel_fruits/user1/4-1-2,Radar/11_Peel_fruits/user1/4-1-2,1
11_Peel_fruits/user1/4-1-3,11_Peel_fruits,11,user1,4-1-3,Depth_Color/11_Peel_fruits/user1/4-1-3,IR/11_Peel_fruits/user1/4-1-3,Thermal/11_Peel_fruits/user1/4-1-3,Skeleton/11_Peel_fruits/user1/4-1-3,IMU/11_Peel_fruits/user1/4-1-3,Radar/11_Peel_fruits/user1/4-1-3,1
11_Peel_fruits/user1/6-1-1,11_Peel_fruits,11,user1,6-1-1,Depth_Color/11_Peel_fruits/user1/6-1-1,IR/11_Peel_fruits/user1/6-1-1,Thermal/11_Peel_fruits/user1/6-1-1,Skeleton/11_Peel_fruits/user1/6-1-1,IMU/11_Peel_fruits/user1/6-1-1,Radar/11_Peel_fruits/user1/6-1-1,1
11_Peel_fruits/user1/6-1-2,11_Peel_fruits,11,user1,6-1-2,Depth_Color/11_Peel_fruits/user1/6-1-2,IR/11_Peel_fruits/user1/6-1-2,Thermal/11_Peel_fruits/user1/6-1-2,Skeleton/11_Peel_fruits/user1/6-1-2,IMU/11_Peel_fruits/user1/6-1-2,Radar/11_Peel_fruits/user1/6-1-2,1
11_Peel_fruits/user1/6-1-3,11_Peel_fruits,11,user1,6-1-3,Depth_Color/11_Peel_fruits/user1/6-1-3,IR/11_Peel_fruits/user1/6-1-3,Thermal/11_Peel_fruits/user1/6-1-3,Skeleton/11_Peel_fruits/user1/6-1-3,IMU/11_Peel_fruits/user1/6-1-3,Radar/11_Peel_fruits/user1/6-1-3,1
11_Peel_fruits/user16/1-2-1,11_Peel_fruits,11,user16,1-2-1,Depth_Color/11_Peel_fruits/user16/1-2-1,IR/11_Peel_fruits/user16/1-2-1,Thermal/11_Peel_fruits/user16/1-2-1,Skeleton/11_Peel_fruits/user16/1-2-1,IMU/11_Peel_fruits/user16/1-2-1,Radar/11_Peel_fruits/user16/1-2-1,0
11_Peel_fruits/user16/1-2-2,11_Peel_fruits,11,user16,1-2-2,Depth_Color/11_Peel_fruits/user16/1-2-2,IR/11_Peel_fruits/user16/1-2-2,Thermal/11_Peel_fruits/user16/1-2-2,Skeleton/11_Peel_fruits/user16/1-2-2,IMU/11_Peel_fruits/user16/1-2-2,Radar/11_Peel_fruits/user16/1-2-2,0
11_Peel_fruits/user16/1-2-3,11_Peel_fruits,11,user16,1-2-3,Depth_Color/11_Peel_fruits/user16/1-2-3,IR/11_Peel_fruits/user16/1-2-3,Thermal/11_Peel_fruits/user16/1-2-3,Skeleton/11_Peel_fruits/user16/1-2-3,IMU/11_Peel_fruits/user16/1-2-3,Radar/11_Peel_fruits/user16/1-2-3,0
11_Peel_fruits/user16/3-2-1,11_Peel_fruits,11,user16,3-2-1,Depth_Color/11_Peel_fruits/user16/3-2-1,IR/11_Peel_fruits/user16/3-2-1,Thermal/11_Peel_fruits/user16/3-2-1,Skeleton/11_Peel_fruits/user16/3-2-1,IMU/11_Peel_fruits/user16/3-2-1,Radar/11_Peel_fruits/user16/3-2-1,0
11_Peel_fruits/user16/3-2-2,11_Peel_fruits,11,user16,3-2-2,Depth_Color/11_Peel_fruits/user16/3-2-2,IR/11_Peel_fruits/user16/3-2-2,Thermal/11_Peel_fruits/user16/3-2-2,Skeleton/11_Peel_fruits/user16/3-2-2,IMU/11_Peel_fruits/user16/3-2-2,Radar/11_Peel_fruits/user16/3-2-2,0
11_Peel_fruits/user16/3-2-3,11_Peel_fruits,11,user16,3-2-3,Depth_Color/11_Peel_fruits/user16/3-2-3,IR/11_Peel_fruits/user16/3-2-3,,Skeleton/11_Peel_fruits/user16/3-2-3,IMU/11_Peel_fruits/user16/3-2-3,Radar/11_Peel_fruits/user16/3-2-3,0
11_Peel_fruits/user16/5-2-1,11_Peel_fruits,11,user16,5-2-1,Depth_Color/11_Peel_fruits/user16/5-2-1,IR/11_Peel_fruits/user16/5-2-1,Thermal/11_Peel_fruits/user16/5-2-1,Skeleton/11_Peel_fruits/user16/5-2-1,IMU/11_Peel_fruits/user16/5-2-1,Radar/11_Peel_fruits/user16/5-2-1,0
11_Peel_fruits/user16/5-2-2,11_Peel_fruits,11,user16,5-2-2,Depth_Color/11_Peel_fruits/user16/5-2-2,IR/11_Peel_fruits/user16/5-2-2,Thermal/11_Peel_fruits/user16/5-2-2,Skeleton/11_Peel_fruits/user16/5-2-2,IMU/11_Peel_fruits/user16/5-2-2,Radar/11_Peel_fruits/user16/5-2-2,0
11_Peel_fruits/user16/5-2-3,11_Peel_fruits,11,user16,5-2-3,Depth_Color/11_Peel_fruits/user16/5-2-3,IR/11_Peel_fruits/user16/5-2-3,Thermal/11_Peel_fruits/user16/5-2-3,Skeleton/11_Peel_fruits/user16/5-2-3,IMU/11_Peel_fruits/user16/5-2-3,Radar/11_Peel_fruits/user16/5-2-3,0
11_Peel_fruits/user17/7-2-1,11_Peel_fruits,11,user17,7-2-1,Depth_Color/11_Peel_fruits/user17/7-2-1,IR/11_Peel_fruits/user17/7-2-1,Thermal/11_Peel_fruits/user17/7-2-1,Skeleton/11_Peel_fruits/user17/7-2-1,IMU/11_Peel_fruits/user17/7-2-1,Radar/11_Peel_fruits/user17/7-2-1,2
11_Peel_fruits/user17/7-2-2,11_Peel_fruits,11,user17,7-2-2,Depth_Color/11_Peel_fruits/user17/7-2-2,IR/11_Peel_fruits/user17/7-2-2,Thermal/11_Peel_fruits/user17/7-2-2,Skeleton/11_Peel_fruits/user17/7-2-2,IMU/11_Peel_fruits/user17/7-2-2,Radar/11_Peel_fruits/user17/7-2-2,2
11_Peel_fruits/user17/7-2-3,11_Peel_fruits,11,user17,7-2-3,Depth_Color/11_Peel_fruits/user17/7-2-3,IR/11_Peel_fruits/user17/7-2-3,Thermal/11_Peel_fruits/user17/7-2-3,Skeleton/11_Peel_fruits/user17/7-2-3,IMU/11_Peel_fruits/user17/7-2-3,Radar/11_Peel_fruits/user17/7-2-3,2
11_Peel_fruits/user18/4-2-1,11_Peel_fruits,11,user18,4-2-1,Depth_Color/11_Peel_fruits/user18/4-2-1,IR/11_Peel_fruits/user18/4-2-1,Thermal/11_Peel_fruits/user18/4-2-1,Skeleton/11_Peel_fruits/user18/4-2-1,IMU/11_Peel_fruits/user18/4-2-1,Radar/11_Peel_fruits/user18/4-2-1,1
11_Peel_fruits/user18/4-2-2,11_Peel_fruits,11,user18,4-2-2,Depth_Color/11_Peel_fruits/user18/4-2-2,IR/11_Peel_fruits/user18/4-2-2,Thermal/11_Peel_fruits/user18/4-2-2,Skeleton/11_Peel_fruits/user18/4-2-2,IMU/11_Peel_fruits/user18/4-2-2,Radar/11_Peel_fruits/user18/4-2-2,1
11_Peel_fruits/user18/4-2-3,11_Peel_fruits,11,user18,4-2-3,Depth_Color/11_Peel_fruits/user18/4-2-3,IR/11_Peel_fruits/user18/4-2-3,Thermal/11_Peel_fruits/user18/4-2-3,Skeleton/11_Peel_fruits/user18/4-2-3,IMU/11_Peel_fruits/user18/4-2-3,Radar/11_Peel_fruits/user18/4-2-3,1
11_Peel_fruits/user18/6-2-1,11_Peel_fruits,11,user18,6-2-1,Depth_Color/11_Peel_fruits/user18/6-2-1,IR/11_Peel_fruits/user18/6-2-1,Thermal/11_Peel_fruits/user18/6-2-1,Skeleton/11_Peel_fruits/user18/6-2-1,IMU/11_Peel_fruits/user18/6-2-1,Radar/11_Peel_fruits/user18/6-2-1,1
11_Peel_fruits/user18/6-2-2,11_Peel_fruits,11,user18,6-2-2,Depth_Color/11_Peel_fruits/user18/6-2-2,IR/11_Peel_fruits/user18/6-2-2,Thermal/11_Peel_fruits/user18/6-2-2,Skeleton/11_Peel_fruits/user18/6-2-2,IMU/11_Peel_fruits/user18/6-2-2,Radar/11_Peel_fruits/user18/6-2-2,1
11_Peel_fruits/user18/6-2-3,11_Peel_fruits,11,user18,6-2-3,Depth_Color/11_Peel_fruits/user18/6-2-3,IR/11_Peel_fruits/user18/6-2-3,Thermal/11_Peel_fruits/user18/6-2-3,Skeleton/11_Peel_fruits/user18/6-2-3,IMU/11_Peel_fruits/user18/6-2-3,Radar/11_Peel_fruits/user18/6-2-3,1
11_Peel_fruits/user18/7-2-1,11_Peel_fruits,11,user18,7-2-1,Depth_Color/11_Peel_fruits/user18/7-2-1,IR/11_Peel_fruits/user18/7-2-1,Thermal/11_Peel_fruits/user18/7-2-1,Skeleton/11_Peel_fruits/user18/7-2-1,IMU/11_Peel_fruits/user18/7-2-1,Radar/11_Peel_fruits/user18/7-2-1,1
11_Peel_fruits/user18/7-2-2,11_Peel_fruits,11,user18,7-2-2,Depth_Color/11_Peel_fruits/user18/7-2-2,IR/11_Peel_fruits/user18/7-2-2,Thermal/11_Peel_fruits/user18/7-2-2,Skeleton/11_Peel_fruits/user18/7-2-2,IMU/11_Peel_fruits/user18/7-2-2,Radar/11_Peel_fruits/user18/7-2-2,1
11_Peel_fruits/user18/7-2-3,11_Peel_fruits,11,user18,7-2-3,Depth_Color/11_Peel_fruits/user18/7-2-3,IR/11_Peel_fruits/user18/7-2-3,Thermal/11_Peel_fruits/user18/7-2-3,Skeleton/11_Peel_fruits/user18/7-2-3,IMU/11_Peel_fruits/user18/7-2-3,Radar/11_Peel_fruits/user18/7-2-3,1
11_Peel_fruits/user19/2-3-1,11_Peel_fruits,11,user19,2-3-1,Depth_Color/11_Peel_fruits/user19/2-3-1,IR/11_Peel_fruits/user19/2-3-1,Thermal/11_Peel_fruits/user19/2-3-1,Skeleton/11_Peel_fruits/user19/2-3-1,IMU/11_Peel_fruits/user19/2-3-1,Radar/11_Peel_fruits/user19/2-3-1,2
11_Peel_fruits/user19/2-3-2,11_Peel_fruits,11,user19,2-3-2,Depth_Color/11_Peel_fruits/user19/2-3-2,IR/11_Peel_fruits/user19/2-3-2,Thermal/11_Peel_fruits/user19/2-3-2,Skeleton/11_Peel_fruits/user19/2-3-2,IMU/11_Peel_fruits/user19/2-3-2,Radar/11_Peel_fruits/user19/2-3-2,2
11_Peel_fruits/user19/2-3-3,11_Peel_fruits,11,user19,2-3-3,Depth_Color/11_Peel_fruits/user19/2-3-3,IR/11_Peel_fruits/user19/2-3-3,Thermal/11_Peel_fruits/user19/2-3-3,Skeleton/11_Peel_fruits/user19/2-3-3,IMU/11_Peel_fruits/user19/2-3-3,Radar/11_Peel_fruits/user19/2-3-3,2
11_Peel_fruits/user2/5-2-1,11_Peel_fruits,11,user2,5-2-1,Depth_Color/11_Peel_fruits/user2/5-2-1,IR/11_Peel_fruits/user2/5-2-1,Thermal/11_Peel_fruits/user2/5-2-1,Skeleton/11_Peel_fruits/user2/5-2-1,IMU/11_Peel_fruits/user2/5-2-1,Radar/11_Peel_fruits/user2/5-2-1,0
11_Peel_fruits/user2/5-2-2,11_Peel_fruits,11,user2,5-2-2,Depth_Color/11_Peel_fruits/user2/5-2-2,IR/11_Peel_fruits/user2/5-2-2,Thermal/11_Peel_fruits/user2/5-2-2,Skeleton/11_Peel_fruits/user2/5-2-2,IMU/11_Peel_fruits/user2/5-2-2,Radar/11_Peel_fruits/user2/5-2-2,0
11_Peel_fruits/user2/5-2-3,11_Peel_fruits,11,user2,5-2-3,Depth_Color/11_Peel_fruits/user2/5-2-3,IR/11_Peel_fruits/user2/5-2-3,Thermal/11_Peel_fruits/user2/5-2-3,Skeleton/11_Peel_fruits/user2/5-2-3,IMU/11_Peel_fruits/user2/5-2-3,Radar/11_Peel_fruits/user2/5-2-3,0
11_Peel_fruits/user2/7-2-1,11_Peel_fruits,11,user2,7-2-1,Depth_Color/11_Peel_fruits/user2/7-2-1,IR/11_Peel_fruits/user2/7-2-1,Thermal/11_Peel_fruits/user2/7-2-1,Skeleton/11_Peel_fruits/user2/7-2-1,IMU/11_Peel_fruits/user2/7-2-1,Radar/11_Peel_fruits/user2/7-2-1,0
11_Peel_fruits/user2/7-2-2,11_Peel_fruits,11,user2,7-2-2,Depth_Color/11_Peel_fruits/user2/7-2-2,IR/11_Peel_fruits/user2/7-2-2,Thermal/11_Peel_fruits/user2/7-2-2,Skeleton/11_Peel_fruits/user2/7-2-2,IMU/11_Peel_fruits/user2/7-2-2,Radar/11_Peel_fruits/user2/7-2-2,0
11_Peel_fruits/user2/7-2-3,11_Peel_fruits,11,user2,7-2-3,Depth_Color/11_Peel_fruits/user2/7-2-3,IR/11_Peel_fruits/user2/7-2-3,Thermal/11_Peel_fruits/user2/7-2-3,Skeleton/11_Peel_fruits/user2/7-2-3,IMU/11_Peel_fruits/user2/7-2-3,Radar/11_Peel_fruits/user2/7-2-3,0
11_Peel_fruits/user21/5-2-1,11_Peel_fruits,11,user21,5-2-1,Depth_Color/11_Peel_fruits/user21/5-2-1,IR/11_Peel_fruits/user21/5-2-1,Thermal/11_Peel_fruits/user21/5-2-1,Skeleton/11_Peel_fruits/user21/5-2-1,IMU/11_Peel_fruits/user21/5-2-1,Radar/11_Peel_fruits/user21/5-2-1,0
11_Peel_fruits/user21/5-2-2,11_Peel_fruits,11,user21,5-2-2,Depth_Color/11_Peel_fruits/user21/5-2-2,IR/11_Peel_fruits/user21/5-2-2,Thermal/11_Peel_fruits/user21/5-2-2,Skeleton/11_Peel_fruits/user21/5-2-2,IMU/11_Peel_fruits/user21/5-2-2,Radar/11_Peel_fruits/user21/5-2-2,0
11_Peel_fruits/user21/5-2-3,11_Peel_fruits,11,user21,5-2-3,Depth_Color/11_Peel_fruits/user21/5-2-3,IR/11_Peel_fruits/user21/5-2-3,Thermal/11_Peel_fruits/user21/5-2-3,Skeleton/11_Peel_fruits/user21/5-2-3,IMU/11_Peel_fruits/user21/5-2-3,Radar/11_Peel_fruits/user21/5-2-3,0
11_Peel_fruits/user22/3-3-1,11_Peel_fruits,11,user22,3-3-1,Depth_Color/11_Peel_fruits/user22/3-3-1,IR/11_Peel_fruits/user22/3-3-1,Thermal/11_Peel_fruits/user22/3-3-1,Skeleton/11_Peel_fruits/user22/3-3-1,IMU/11_Peel_fruits/user22/3-3-1,Radar/11_Peel_fruits/user22/3-3-1,1
11_Peel_fruits/user22/3-3-2,11_Peel_fruits,11,user22,3-3-2,Depth_Color/11_Peel_fruits/user22/3-3-2,IR/11_Peel_fruits/user22/3-3-2,Thermal/11_Peel_fruits/user22/3-3-2,Skeleton/11_Peel_fruits/user22/3-3-2,IMU/11_Peel_fruits/user22/3-3-2,Radar/11_Peel_fruits/user22/3-3-2,1
11_Peel_fruits/user22/3-3-3,11_Peel_fruits,11,user22,3-3-3,Depth_Color/11_Peel_fruits/user22/3-3-3,IR/11_Peel_fruits/user22/3-3-3,Thermal/11_Peel_fruits/user22/3-3-3,Skeleton/11_Peel_fruits/user22/3-3-3,IMU/11_Peel_fruits/user22/3-3-3,Radar/11_Peel_fruits/user22/3-3-3,1
11_Peel_fruits/user22/4-3-1,11_Peel_fruits,11,user22,4-3-1,Depth_Color/11_Peel_fruits/user22/4-3-1,IR/11_Peel_fruits/user22/4-3-1,Thermal/11_Peel_fruits/user22/4-3-1,Skeleton/11_Peel_fruits/user22/4-3-1,IMU/11_Peel_fruits/user22/4-3-1,Radar/11_Peel_fruits/user22/4-3-1,1
11_Peel_fruits/user22/4-3-2,11_Peel_fruits,11,user22,4-3-2,Depth_Color/11_Peel_fruits/user22/4-3-2,IR/11_Peel_fruits/user22/4-3-2,Thermal/11_Peel_fruits/user22/4-3-2,Skeleton/11_Peel_fruits/user22/4-3-2,,Radar/11_Peel_fruits/user22/4-3-2,1
11_Peel_fruits/user22/4-3-3,11_Peel_fruits,11,user22,4-3-3,Depth_Color/11_Peel_fruits/user22/4-3-3,IR/11_Peel_fruits/user22/4-3-3,Thermal/11_Peel_fruits/user22/4-3-3,Skeleton/11_Peel_fruits/user22/4-3-3,IMU/11_Peel_fruits/user22/4-3-3,Radar/11_Peel_fruits/user22/4-3-3,1
11_Peel_fruits/user22/5-2-1,11_Peel_fruits,11,user22,5-2-1,Depth_Color/11_Peel_fruits/user22/5-2-1,IR/11_Peel_fruits/user22/5-2-1,Thermal/11_Peel_fruits/user22/5-2-1,Skeleton/11_Peel_fruits/user22/5-2-1,IMU/11_Peel_fruits/user22/5-2-1,Radar/11_Peel_fruits/user22/5-2-1,1
11_Peel_fruits/user22/5-2-2,11_Peel_fruits,11,user22,5-2-2,Depth_Color/11_Peel_fruits/user22/5-2-2,IR/11_Peel_fruits/user22/5-2-2,Thermal/11_Peel_fruits/user22/5-2-2,Skeleton/11_Peel_fruits/user22/5-2-2,IMU/11_Peel_fruits/user22/5-2-2,Radar/11_Peel_fruits/user22/5-2-2,1
11_Peel_fruits/user22/5-2-3,11_Peel_fruits,11,user22,5-2-3,Depth_Color/11_Peel_fruits/user22/5-2-3,IR/11_Peel_fruits/user22/5-2-3,Thermal/11_Peel_fruits/user22/5-2-3,Skeleton/11_Peel_fruits/user22/5-2-3,IMU/11_Peel_fruits/user22/5-2-3,Radar/11_Peel_fruits/user22/5-2-3,1
11_Peel_fruits/user24/4-2-1,11_Peel_fruits,11,user24,4-2-1,Depth_Color/11_Peel_fruits/user24/4-2-1,IR/11_Peel_fruits/user24/4-2-1,Thermal/11_Peel_fruits/user24/4-2-1,Skeleton/11_Peel_fruits/user24/4-2-1,IMU/11_Peel_fruits/user24/4-2-1,Radar/11_Peel_fruits/user24/4-2-1,2
11_Peel_fruits/user24/4-2-2,11_Peel_fruits,11,user24,4-2-2,Depth_Color/11_Peel_fruits/user24/4-2-2,IR/11_Peel_fruits/user24/4-2-2,Thermal/11_Peel_fruits/user24/4-2-2,Skeleton/11_Peel_fruits/user24/4-2-2,IMU/11_Peel_fruits/user24/4-2-2,Radar/11_Peel_fruits/user24/4-2-2,2
11_Peel_fruits/user24/4-2-3,11_Peel_fruits,11,user24,4-2-3,Depth_Color/11_Peel_fruits/user24/4-2-3,IR/11_Peel_fruits/user24/4-2-3,Thermal/11_Peel_fruits/user24/4-2-3,Skeleton/11_Peel_fruits/user24/4-2-3,IMU/11_Peel_fruits/user24/4-2-3,Radar/11_Peel_fruits/user24/4-2-3,2
11_Peel_fruits/user3/3-1-1,11_Peel_fruits,11,user3,3-1-1,Depth_Color/11_Peel_fruits/user3/3-1-1,IR/11_Peel_fruits/user3/3-1-1,Thermal/11_Peel_fruits/user3/3-1-1,Skeleton/11_Peel_fruits/user3/3-1-1,IMU/11_Peel_fruits/user3/3-1-1,Radar/11_Peel_fruits/user3/3-1-1,2
11_Peel_fruits/user3/3-1-2,11_Peel_fruits,11,user3,3-1-2,Depth_Color/11_Peel_fruits/user3/3-1-2,IR/11_Peel_fruits/user3/3-1-2,Thermal/11_Peel_fruits/user3/3-1-2,Skeleton/11_Peel_fruits/user3/3-1-2,IMU/11_Peel_fruits/user3/3-1-2,Radar/11_Peel_fruits/user3/3-1-2,2
11_Peel_fruits/user3/3-1-3,11_Peel_fruits,11,user3,3-1-3,Depth_Color/11_Peel_fruits/user3/3-1-3,IR/11_Peel_fruits/user3/3-1-3,Thermal/11_Peel_fruits/user3/3-1-3,Skeleton/11_Peel_fruits/user3/3-1-3,IMU/11_Peel_fruits/user3/3-1-3,Radar/11_Peel_fruits/user3/3-1-3,2
11_Peel_fruits/user3/4-1-1,11_Peel_fruits,11,user3,4-1-1,Depth_Color/11_Peel_fruits/user3/4-1-1,IR/11_Peel_fruits/user3/4-1-1,Thermal/11_Peel_fruits/user3/4-1-1,Skeleton/11_Peel_fruits/user3/4-1-1,IMU/11_Peel_fruits/user3/4-1-1,Radar/11_Peel_fruits/user3/4-1-1,2
11_Peel_fruits/user3/4-1-2,11_Peel_fruits,11,user3,4-1-2,Depth_Color/11_Peel_fruits/user3/4-1-2,IR/11_Peel_fruits/user3/4-1-2,Thermal/11_Peel_fruits/user3/4-1-2,Skeleton/11_Peel_fruits/user3/4-1-2,IMU/11_Peel_fruits/user3/4-1-2,Radar/11_Peel_fruits/user3/4-1-2,2
11_Peel_fruits/user4/1-2-1,11_Peel_fruits,11,user4,1-2-1,Depth_Color/11_Peel_fruits/user4/1-2-1,IR/11_Peel_fruits/user4/1-2-1,Thermal/11_Peel_fruits/user4/1-2-1,Skeleton/11_Peel_fruits/user4/1-2-1,IMU/11_Peel_fruits/user4/1-2-1,Radar/11_Peel_fruits/user4/1-2-1,1
11_Peel_fruits/user4/1-2-2,11_Peel_fruits,11,user4,1-2-2,Depth_Color/11_Peel_fruits/user4/1-2-2,IR/11_Peel_fruits/user4/1-2-2,Thermal/11_Peel_fruits/user4/1-2-2,Skeleton/11_Peel_fruits/user4/1-2-2,IMU/11_Peel_fruits/user4/1-2-2,Radar/11_Peel_fruits/user4/1-2-2,1
11_Peel_fruits/user4/1-2-3,11_Peel_fruits,11,user4,1-2-3,Depth_Color/11_Peel_fruits/user4/1-2-3,IR/11_Peel_fruits/user4/1-2-3,Thermal/11_Peel_fruits/user4/1-2-3,Skeleton/11_Peel_fruits/user4/1-2-3,IMU/11_Peel_fruits/user4/1-2-3,Radar/11_Peel_fruits/user4/1-2-3,1
11_Peel_fruits/user4/2-1-1,11_Peel_fruits,11,user4,2-1-1,Depth_Color/11_Peel_fruits/user4/2-1-1,IR/11_Peel_fruits/user4/2-1-1,Thermal/11_Peel_fruits/user4/2-1-1,Skeleton/11_Peel_fruits/user4/2-1-1,IMU/11_Peel_fruits/user4/2-1-1,Radar/11_Peel_fruits/user4/2-1-1,1
11_Peel_fruits/user4/2-1-2,11_Peel_fruits,11,user4,2-1-2,Depth_Color/11_Peel_fruits/user4/2-1-2,IR/11_Peel_fruits/user4/2-1-2,Thermal/11_Peel_fruits/user4/2-1-2,Skeleton/11_Peel_fruits/user4/2-1-2,IMU/11_Peel_fruits/user4/2-1-2,Radar/11_Peel_fruits/user4/2-1-2,1
11_Peel_fruits/user4/2-1-3,11_Peel_fruits,11,user4,2-1-3,Depth_Color/11_Peel_fruits/user4/2-1-3,IR/11_Peel_fruits/user4/2-1-3,Thermal/11_Peel_fruits/user4/2-1-3,Skeleton/11_Peel_fruits/user4/2-1-3,IMU/11_Peel_fruits/user4/2-1-3,Radar/11_Peel_fruits/user4/2-1-3,1
11_Peel_fruits/user4/6-1-1,11_Peel_fruits,11,user4,6-1-1,Depth_Color/11_Peel_fruits/user4/6-1-1,IR/11_Peel_fruits/user4/6-1-1,Thermal/11_Peel_fruits/user4/6-1-1,Skeleton/11_Peel_fruits/user4/6-1-1,IMU/11_Peel_fruits/user4/6-1-1,Radar/11_Peel_fruits/user4/6-1-1,1
11_Peel_fruits/user4/6-1-2,11_Peel_fruits,11,user4,6-1-2,Depth_Color/11_Peel_fruits/user4/6-1-2,IR/11_Peel_fruits/user4/6-1-2,Thermal/11_Peel_fruits/user4/6-1-2,Skeleton/11_Peel_fruits/user4/6-1-2,IMU/11_Peel_fruits/user4/6-1-2,Radar/11_Peel_fruits/user4/6-1-2,1
11_Peel_fruits/user4/6-1-3,11_Peel_fruits,11,user4,6-1-3,Depth_Color/11_Peel_fruits/user4/6-1-3,IR/11_Peel_fruits/user4/6-1-3,Thermal/11_Peel_fruits/user4/6-1-3,Skeleton/11_Peel_fruits/user4/6-1-3,IMU/11_Peel_fruits/user4/6-1-3,Radar/11_Peel_fruits/user4/6-1-3,1
11_Peel_fruits/user4/7-1-1,11_Peel_fruits,11,user4,7-1-1,Depth_Color/11_Peel_fruits/user4/7-1-1,IR/11_Peel_fruits/user4/7-1-1,Thermal/11_Peel_fruits/user4/7-1-1,Skeleton/11_Peel_fruits/user4/7-1-1,IMU/11_Peel_fruits/user4/7-1-1,Radar/11_Peel_fruits/user4/7-1-1,1
11_Peel_fruits/user4/7-1-2,11_Peel_fruits,11,user4,7-1-2,Depth_Color/11_Peel_fruits/user4/7-1-2,IR/11_Peel_fruits/user4/7-1-2,Thermal/11_Peel_fruits/user4/7-1-2,Skeleton/11_Peel_fruits/user4/7-1-2,IMU/11_Peel_fruits/user4/7-1-2,Radar/11_Peel_fruits/user4/7-1-2,1
11_Peel_fruits/user4/7-1-3,11_Peel_fruits,11,user4,7-1-3,Depth_Color/11_Peel_fruits/user4/7-1-3,IR/11_Peel_fruits/user4/7-1-3,Thermal/11_Peel_fruits/user4/7-1-3,Skeleton/11_Peel_fruits/user4/7-1-3,IMU/11_Peel_fruits/user4/7-1-3,Radar/11_Peel_fruits/user4/7-1-3,1
11_Peel_fruits/user5/1-2-1,11_Peel_fruits,11,user5,1-2-1,Depth_Color/11_Peel_fruits/user5/1-2-1,IR/11_Peel_fruits/user5/1-2-1,Thermal/11_Peel_fruits/user5/1-2-1,Skeleton/11_Peel_fruits/user5/1-2-1,IMU/11_Peel_fruits/user5/1-2-1,Radar/11_Peel_fruits/user5/1-2-1,2
11_Peel_fruits/user5/1-2-2,11_Peel_fruits,11,user5,1-2-2,Depth_Color/11_Peel_fruits/user5/1-2-2,IR/11_Peel_fruits/user5/1-2-2,Thermal/11_Peel_fruits/user5/1-2-2,Skeleton/11_Peel_fruits/user5/1-2-2,IMU/11_Peel_fruits/user5/1-2-2,Radar/11_Peel_fruits/user5/1-2-2,2
11_Peel_fruits/user5/1-2-3,11_Peel_fruits,11,user5,1-2-3,Depth_Color/11_Peel_fruits/user5/1-2-3,IR/11_Peel_fruits/user5/1-2-3,Thermal/11_Peel_fruits/user5/1-2-3,Skeleton/11_Peel_fruits/user5/1-2-3,IMU/11_Peel_fruits/user5/1-2-3,Radar/11_Peel_fruits/user5/1-2-3,2
11_Peel_fruits/user5/2-1-1,11_Peel_fruits,11,user5,2-1-1,Depth_Color/11_Peel_fruits/user5/2-1-1,IR/11_Peel_fruits/user5/2-1-1,Thermal/11_Peel_fruits/user5/2-1-1,Skeleton/11_Peel_fruits/user5/2-1-1,IMU/11_Peel_fruits/user5/2-1-1,Radar/11_Peel_fruits/user5/2-1-1,2
11_Peel_fruits/user5/2-1-2,11_Peel_fruits,11,user5,2-1-2,Depth_Color/11_Peel_fruits/user5/2-1-2,IR/11_Peel_fruits/user5/2-1-2,,Skeleton/11_Peel_fruits/user5/2-1-2,IMU/11_Peel_fruits/user5/2-1-2,Radar/11_Peel_fruits/user5/2-1-2,2
11_Peel_fruits/user5/2-1-3,11_Peel_fruits,11,user5,2-1-3,Depth_Color/11_Peel_fruits/user5/2-1-3,IR/11_Peel_fruits/user5/2-1-3,Thermal/11_Peel_fruits/user5/2-1-3,Skeleton/11_Peel_fruits/user5/2-1-3,IMU/11_Peel_fruits/user5/2-1-3,Radar/11_Peel_fruits/user5/2-1-3,2
11_Peel_fruits/user5/3-2-1,11_Peel_fruits,11,user5,3-2-1,Depth_Color/11_Peel_fruits/user5/3-2-1,IR/11_Peel_fruits/user5/3-2-1,Thermal/11_Peel_fruits/user5/3-2-1,Skeleton/11_Peel_fruits/user5/3-2-1,IMU/11_Peel_fruits/user5/3-2-1,Radar/11_Peel_fruits/user5/3-2-1,2
11_Peel_fruits/user5/3-2-2,11_Peel_fruits,11,user5,3-2-2,Depth_Color/11_Peel_fruits/user5/3-2-2,IR/11_Peel_fruits/user5/3-2-2,Thermal/11_Peel_fruits/user5/3-2-2,Skeleton/11_Peel_fruits/user5/3-2-2,IMU/11_Peel_fruits/user5/3-2-2,Radar/11_Peel_fruits/user5/3-2-2,2
11_Peel_fruits/user5/3-2-3,11_Peel_fruits,11,user5,3-2-3,Depth_Color/11_Peel_fruits/user5/3-2-3,IR/11_Peel_fruits/user5/3-2-3,Thermal/11_Peel_fruits/user5/3-2-3,Skeleton/11_Peel_fruits/user5/3-2-3,IMU/11_Peel_fruits/user5/3-2-3,Radar/11_Peel_fruits/user5/3-2-3,2
11_Peel_fruits/user5/6-2-1,11_Peel_fruits,11,user5,6-2-1,Depth_Color/11_Peel_fruits/user5/6-2-1,IR/11_Peel_fruits/user5/6-2-1,Thermal/11_Peel_fruits/user5/6-2-1,Skeleton/11_Peel_fruits/user5/6-2-1,IMU/11_Peel_fruits/user5/6-2-1,Radar/11_Peel_fruits/user5/6-2-1,2
11_Peel_fruits/user5/6-2-2,11_Peel_fruits,11,user5,6-2-2,Depth_Color/11_Peel_fruits/user5/6-2-2,IR/11_Peel_fruits/user5/6-2-2,Thermal/11_Peel_fruits/user5/6-2-2,Skeleton/11_Peel_fruits/user5/6-2-2,IMU/11_Peel_fruits/user5/6-2-2,Radar/11_Peel_fruits/user5/6-2-2,2
11_Peel_fruits/user5/6-2-3,11_Peel_fruits,11,user5,6-2-3,Depth_Color/11_Peel_fruits/user5/6-2-3,IR/11_Peel_fruits/user5/6-2-3,Thermal/11_Peel_fruits/user5/6-2-3,Skeleton/11_Peel_fruits/user5/6-2-3,IMU/11_Peel_fruits/user5/6-2-3,Radar/11_Peel_fruits/user5/6-2-3,2
11_Peel_fruits/user6/1-2-1,11_Peel_fruits,11,user6,1-2-1,Depth_Color/11_Peel_fruits/user6/1-2-1,IR/11_Peel_fruits/user6/1-2-1,Thermal/11_Peel_fruits/user6/1-2-1,Skeleton/11_Peel_fruits/user6/1-2-1,IMU/11_Peel_fruits/user6/1-2-1,Radar/11_Peel_fruits/user6/1-2-1,1
11_Peel_fruits/user6/1-2-2,11_Peel_fruits,11,user6,1-2-2,Depth_Color/11_Peel_fruits/user6/1-2-2,IR/11_Peel_fruits/user6/1-2-2,Thermal/11_Peel_fruits/user6/1-2-2,Skeleton/11_Peel_fruits/user6/1-2-2,IMU/11_Peel_fruits/user6/1-2-2,Radar/11_Peel_fruits/user6/1-2-2,1
11_Peel_fruits/user6/1-2-3,11_Peel_fruits,11,user6,1-2-3,Depth_Color/11_Peel_fruits/user6/1-2-3,IR/11_Peel_fruits/user6/1-2-3,Thermal/11_Peel_fruits/user6/1-2-3,Skeleton/11_Peel_fruits/user6/1-2-3,IMU/11_Peel_fruits/user6/1-2-3,Radar/11_Peel_fruits/user6/1-2-3,1
11_Peel_fruits/user6/3-2-1,11_Peel_fruits,11,user6,3-2-1,Depth_Color/11_Peel_fruits/user6/3-2-1,IR/11_Peel_fruits/user6/3-2-1,Thermal/11_Peel_fruits/user6/3-2-1,Skeleton/11_Peel_fruits/user6/3-2-1,IMU/11_Peel_fruits/user6/3-2-1,Radar/11_Peel_fruits/user6/3-2-1,1
11_Peel_fruits/user6/3-2-2,11_Peel_fruits,11,user6,3-2-2,Depth_Color/11_Peel_fruits/user6/3-2-2,IR/11_Peel_fruits/user6/3-2-2,Thermal/11_Peel_fruits/user6/3-2-2,Skeleton/11_Peel_fruits/user6/3-2-2,IMU/11_Peel_fruits/user6/3-2-2,Radar/11_Peel_fruits/user6/3-2-2,1
11_Peel_fruits/user6/3-2-3,11_Peel_fruits,11,user6,3-2-3,Depth_Color/11_Peel_fruits/user6/3-2-3,IR/11_Peel_fruits/user6/3-2-3,Thermal/11_Peel_fruits/user6/3-2-3,Skeleton/11_Peel_fruits/user6/3-2-3,IMU/11_Peel_fruits/user6/3-2-3,Radar/11_Peel_fruits/user6/3-2-3,1
11_Peel_fruits/user6/5-2-1,11_Peel_fruits,11,user6,5-2-1,Depth_Color/11_Peel_fruits/user6/5-2-1,IR/11_Peel_fruits/user6/5-2-1,Thermal/11_Peel_fruits/user6/5-2-1,Skeleton/11_Peel_fruits/user6/5-2-1,IMU/11_Peel_fruits/user6/5-2-1,Radar/11_Peel_fruits/user6/5-2-1,1
11_Peel_fruits/user6/5-2-2,11_Peel_fruits,11,user6,5-2-2,Depth_Color/11_Peel_fruits/user6/5-2-2,IR/11_Peel_fruits/user6/5-2-2,Thermal/11_Peel_fruits/user6/5-2-2,Skeleton/11_Peel_fruits/user6/5-2-2,IMU/11_Peel_fruits/user6/5-2-2,Radar/11_Peel_fruits/user6/5-2-2,1
11_Peel_fruits/user6/5-2-3,11_Peel_fruits,11,user6,5-2-3,Depth_Color/11_Peel_fruits/user6/5-2-3,IR/11_Peel_fruits/user6/5-2-3,Thermal/11_Peel_fruits/user6/5-2-3,Skeleton/11_Peel_fruits/user6/5-2-3,IMU/11_Peel_fruits/user6/5-2-3,Radar/11_Peel_fruits/user6/5-2-3,1
11_Peel_fruits/user7/7-2-1,11_Peel_fruits,11,user7,7-2-1,Depth_Color/11_Peel_fruits/user7/7-2-1,IR/11_Peel_fruits/user7/7-2-1,Thermal/11_Peel_fruits/user7/7-2-1,Skeleton/11_Peel_fruits/user7/7-2-1,IMU/11_Peel_fruits/user7/7-2-1,Radar/11_Peel_fruits/user7/7-2-1,0
11_Peel_fruits/user7/7-2-2,11_Peel_fruits,11,user7,7-2-2,Depth_Color/11_Peel_fruits/user7/7-2-2,IR/11_Peel_fruits/user7/7-2-2,Thermal/11_Peel_fruits/user7/7-2-2,Skeleton/11_Peel_fruits/user7/7-2-2,IMU/11_Peel_fruits/user7/7-2-2,Radar/11_Peel_fruits/user7/7-2-2,0
11_Peel_fruits/user7/7-2-3,11_Peel_fruits,11,user7,7-2-3,Depth_Color/11_Peel_fruits/user7/7-2-3,IR/11_Peel_fruits/user7/7-2-3,Thermal/11_Peel_fruits/user7/7-2-3,Skeleton/11_Peel_fruits/user7/7-2-3,IMU/11_Peel_fruits/user7/7-2-3,Radar/11_Peel_fruits/user7/7-2-3,0
11_Peel_fruits/user8/4-2-1,11_Peel_fruits,11,user8,4-2-1,Depth_Color/11_Peel_fruits/user8/4-2-1,IR/11_Peel_fruits/user8/4-2-1,Thermal/11_Peel_fruits/user8/4-2-1,Skeleton/11_Peel_fruits/user8/4-2-1,IMU/11_Peel_fruits/user8/4-2-1,Radar/11_Peel_fruits/user8/4-2-1,2
11_Peel_fruits/user8/4-2-2,11_Peel_fruits,11,user8,4-2-2,Depth_Color/11_Peel_fruits/user8/4-2-2,IR/11_Peel_fruits/user8/4-2-2,Thermal/11_Peel_fruits/user8/4-2-2,Skeleton/11_Peel_fruits/user8/4-2-2,IMU/11_Peel_fruits/user8/4-2-2,Radar/11_Peel_fruits/user8/4-2-2,2
11_Peel_fruits/user8/4-2-3,11_Peel_fruits,11,user8,4-2-3,Depth_Color/11_Peel_fruits/user8/4-2-3,IR/11_Peel_fruits/user8/4-2-3,Thermal/11_Peel_fruits/user8/4-2-3,Skeleton/11_Peel_fruits/user8/4-2-3,IMU/11_Peel_fruits/user8/4-2-3,Radar/11_Peel_fruits/user8/4-2-3,2
11_Peel_fruits/user8/6-2-1,11_Peel_fruits,11,user8,6-2-1,Depth_Color/11_Peel_fruits/user8/6-2-1,IR/11_Peel_fruits/user8/6-2-1,Thermal/11_Peel_fruits/user8/6-2-1,Skeleton/11_Peel_fruits/user8/6-2-1,IMU/11_Peel_fruits/user8/6-2-1,Radar/11_Peel_fruits/user8/6-2-1,2
11_Peel_fruits/user8/6-2-2,11_Peel_fruits,11,user8,6-2-2,Depth_Color/11_Peel_fruits/user8/6-2-2,IR/11_Peel_fruits/user8/6-2-2,Thermal/11_Peel_fruits/user8/6-2-2,Skeleton/11_Peel_fruits/user8/6-2-2,IMU/11_Peel_fruits/user8/6-2-2,Radar/11_Peel_fruits/user8/6-2-2,2
11_Peel_fruits/user8/6-2-3,11_Peel_fruits,11,user8,6-2-3,Depth_Color/11_Peel_fruits/user8/6-2-3,IR/11_Peel_fruits/user8/6-2-3,Thermal/11_Peel_fruits/user8/6-2-3,Skeleton/11_Peel_fruits/user8/6-2-3,IMU/11_Peel_fruits/user8/6-2-3,Radar/11_Peel_fruits/user8/6-2-3,2
11_Peel_fruits/user8/7-2-1,11_Peel_fruits,11,user8,7-2-1,Depth_Color/11_Peel_fruits/user8/7-2-1,IR/11_Peel_fruits/user8/7-2-1,Thermal/11_Peel_fruits/user8/7-2-1,Skeleton/11_Peel_fruits/user8/7-2-1,IMU/11_Peel_fruits/user8/7-2-1,Radar/11_Peel_fruits/user8/7-2-1,2
11_Peel_fruits/user8/7-2-2,11_Peel_fruits,11,user8,7-2-2,Depth_Color/11_Peel_fruits/user8/7-2-2,IR/11_Peel_fruits/user8/7-2-2,Thermal/11_Peel_fruits/user8/7-2-2,Skeleton/11_Peel_fruits/user8/7-2-2,IMU/11_Peel_fruits/user8/7-2-2,Radar/11_Peel_fruits/user8/7-2-2,2
11_Peel_fruits/user8/7-2-3,11_Peel_fruits,11,user8,7-2-3,Depth_Color/11_Peel_fruits/user8/7-2-3,IR/11_Peel_fruits/user8/7-2-3,Thermal/11_Peel_fruits/user8/7-2-3,Skeleton/11_Peel_fruits/user8/7-2-3,IMU/11_Peel_fruits/user8/7-2-3,Radar/11_Peel_fruits/user8/7-2-3,2
11_Peel_fruits/user9/2-3-1,11_Peel_fruits,11,user9,2-3-1,Depth_Color/11_Peel_fruits/user9/2-3-1,IR/11_Peel_fruits/user9/2-3-1,Thermal/11_Peel_fruits/user9/2-3-1,Skeleton/11_Peel_fruits/user9/2-3-1,IMU/11_Peel_fruits/user9/2-3-1,Radar/11_Peel_fruits/user9/2-3-1,1
11_Peel_fruits/user9/2-3-2,11_Peel_fruits,11,user9,2-3-2,Depth_Color/11_Peel_fruits/user9/2-3-2,IR/11_Peel_fruits/user9/2-3-2,Thermal/11_Peel_fruits/user9/2-3-2,Skeleton/11_Peel_fruits/user9/2-3-2,IMU/11_Peel_fruits/user9/2-3-2,Radar/11_Peel_fruits/user9/2-3-2,1
11_Peel_fruits/user9/2-3-3,11_Peel_fruits,11,user9,2-3-3,Depth_Color/11_Peel_fruits/user9/2-3-3,IR/11_Peel_fruits/user9/2-3-3,Thermal/11_Peel_fruits/user9/2-3-3,Skeleton/11_Peel_fruits/user9/2-3-3,IMU/11_Peel_fruits/user9/2-3-3,Radar/11_Peel_fruits/user9/2-3-3,1
12_Sweep_the_floor/user1/6-2-1,12_Sweep_the_floor,12,user1,6-2-1,Depth_Color/12_Sweep_the_floor/user1/6-2-1,IR/12_Sweep_the_floor/user1/6-2-1,Thermal/12_Sweep_the_floor/user1/6-2-1,Skeleton/12_Sweep_the_floor/user1/6-2-1,IMU/12_Sweep_the_floor/user1/6-2-1,Radar/12_Sweep_the_floor/user1/6-2-1,1
12_Sweep_the_floor/user1/6-2-2,12_Sweep_the_floor,12,user1,6-2-2,Depth_Color/12_Sweep_the_floor/user1/6-2-2,IR/12_Sweep_the_floor/user1/6-2-2,Thermal/12_Sweep_the_floor/user1/6-2-2,Skeleton/12_Sweep_the_floor/user1/6-2-2,IMU/12_Sweep_the_floor/user1/6-2-2,Radar/12_Sweep_the_floor/user1/6-2-2,1
12_Sweep_the_floor/user1/6-2-3,12_Sweep_the_floor,12,user1,6-2-3,Depth_Color/12_Sweep_the_floor/user1/6-2-3,IR/12_Sweep_the_floor/user1/6-2-3,Thermal/12_Sweep_the_floor/user1/6-2-3,Skeleton/12_Sweep_the_floor/user1/6-2-3,IMU/12_Sweep_the_floor/user1/6-2-3,Radar/12_Sweep_the_floor/user1/6-2-3,1
12_Sweep_the_floor/user16/3-1-1,12_Sweep_the_floor,12,user16,3-1-1,Depth_Color/12_Sweep_the_floor/user16/3-1-1,IR/12_Sweep_the_floor/user16/3-1-1,Thermal/12_Sweep_the_floor/user16/3-1-1,Skeleton/12_Sweep_the_floor/user16/3-1-1,IMU/12_Sweep_the_floor/user16/3-1-1,Radar/12_Sweep_the_floor/user16/3-1-1,0
12_Sweep_the_floor/user16/3-1-2,12_Sweep_the_floor,12,user16,3-1-2,Depth_Color/12_Sweep_the_floor/user16/3-1-2,IR/12_Sweep_the_floor/user16/3-1-2,Thermal/12_Sweep_the_floor/user16/3-1-2,Skeleton/12_Sweep_the_floor/user16/3-1-2,IMU/12_Sweep_the_floor/user16/3-1-2,Radar/12_Sweep_the_floor/user16/3-1-2,0
12_Sweep_the_floor/user16/3-1-3,12_Sweep_the_floor,12,user16,3-1-3,Depth_Color/12_Sweep_the_floor/user16/3-1-3,IR/12_Sweep_the_floor/user16/3-1-3,Thermal/12_Sweep_the_floor/user16/3-1-3,Skeleton/12_Sweep_the_floor/user16/3-1-3,IMU/12_Sweep_the_floor/user16/3-1-3,Radar/12_Sweep_the_floor/user16/3-1-3,0
12_Sweep_the_floor/user16/6-2-1,12_Sweep_the_floor,12,user16,6-2-1,Depth_Color/12_Sweep_the_floor/user16/6-2-1,IR/12_Sweep_the_floor/user16/6-2-1,Thermal/12_Sweep_the_floor/user16/6-2-1,Skeleton/12_Sweep_the_floor/user16/6-2-1,IMU/12_Sweep_the_floor/user16/6-2-1,Radar/12_Sweep_the_floor/user16/6-2-1,0
12_Sweep_the_floor/user16/6-2-2,12_Sweep_the_floor,12,user16,6-2-2,Depth_Color/12_Sweep_the_floor/user16/6-2-2,IR/12_Sweep_the_floor/user16/6-2-2,Thermal/12_Sweep_the_floor/user16/6-2-2,Skeleton/12_Sweep_the_floor/user16/6-2-2,IMU/12_Sweep_the_floor/user16/6-2-2,Radar/12_Sweep_the_floor/user16/6-2-2,0
12_Sweep_the_floor/user16/6-2-3,12_Sweep_the_floor,12,user16,6-2-3,Depth_Color/12_Sweep_the_floor/user16/6-2-3,IR/12_Sweep_the_floor/user16/6-2-3,Thermal/12_Sweep_the_floor/user16/6-2-3,Skeleton/12_Sweep_the_floor/user16/6-2-3,IMU/12_Sweep_the_floor/user16/6-2-3,Radar/12_Sweep_the_floor/user16/6-2-3,0
12_Sweep_the_floor/user17/3-1-1,12_Sweep_the_floor,12,user17,3-1-1,Depth_Color/12_Sweep_the_floor/user17/3-1-1,IR/12_Sweep_the_floor/user17/3-1-1,Thermal/12_Sweep_the_floor/user17/3-1-1,Skeleton/12_Sweep_the_floor/user17/3-1-1,IMU/12_Sweep_the_floor/user17/3-1-1,Radar/12_Sweep_the_floor/user17/3-1-1,2
12_Sweep_the_floor/user17/3-1-2,12_Sweep_the_floor,12,user17,3-1-2,Depth_Color/12_Sweep_the_floor/user17/3-1-2,IR/12_Sweep_the_floor/user17/3-1-2,Thermal/12_Sweep_the_floor/user17/3-1-2,Skeleton/12_Sweep_the_floor/user17/3-1-2,IMU/12_Sweep_the_floor/user17/3-1-2,Radar/12_Sweep_the_floor/user17/3-1-2,2
12_Sweep_the_floor/user17/3-1-3,12_Sweep_the_floor,12,user17,3-1-3,Depth_Color/12_Sweep_the_floor/user17/3-1-3,IR/12_Sweep_the_floor/user17/3-1-3,Thermal/12_Sweep_the_floor/user17/3-1-3,Skeleton/12_Sweep_the_floor/user17/3-1-3,IMU/12_Sweep_the_floor/user17/3-1-3,Radar/12_Sweep_the_floor/user17/3-1-3,2
12_Sweep_the_floor/user18/3-1-1,12_Sweep_the_floor,12,user18,3-1-1,Depth_Color/12_Sweep_the_floor/user18/3-1-1,IR/12_Sweep_the_floor/user18/3-1-1,Thermal/12_Sweep_the_floor/user18/3-1-1,Skeleton/12_Sweep_the_floor/user18/3-1-1,IMU/12_Sweep_the_floor/user18/3-1-1,Radar/12_Sweep_the_floor/user18/3-1-1,1
12_Sweep_the_floor/user18/3-1-2,12_Sweep_the_floor,12,user18,3-1-2,Depth_Color/12_Sweep_the_floor/user18/3-1-2,IR/12_Sweep_the_floor/user18/3-1-2,Thermal/12_Sweep_the_floor/user18/3-1-2,Skeleton/12_Sweep_the_floor/user18/3-1-2,IMU/12_Sweep_the_floor/user18/3-1-2,Radar/12_Sweep_the_floor/user18/3-1-2,1
12_Sweep_the_floor/user18/3-1-3,12_Sweep_the_floor,12,user18,3-1-3,Depth_Color/12_Sweep_the_floor/user18/3-1-3,IR/12_Sweep_the_floor/user18/3-1-3,Thermal/12_Sweep_the_floor/user18/3-1-3,Skeleton/12_Sweep_the_floor/user18/3-1-3,IMU/12_Sweep_the_floor/user18/3-1-3,Radar/12_Sweep_the_floor/user18/3-1-3,1
12_Sweep_the_floor/user19/3-3-1,12_Sweep_the_floor,12,user19,3-3-1,Depth_Color/12_Sweep_the_floor/user19/3-3-1,IR/12_Sweep_the_floor/user19/3-3-1,Thermal/12_Sweep_the_floor/user19/3-3-1,Skeleton/12_Sweep_the_floor/user19/3-3-1,IMU/12_Sweep_the_floor/user19/3-3-1,Radar/12_Sweep_the_floor/user19/3-3-1,2
12_Sweep_the_floor/user19/3-3-2,12_Sweep_the_floor,12,user19,3-3-2,Depth_Color/12_Sweep_the_floor/user19/3-3-2,IR/12_Sweep_the_floor/user19/3-3-2,Thermal/12_Sweep_the_floor/user19/3-3-2,Skeleton/12_Sweep_the_floor/user19/3-3-2,IMU/12_Sweep_the_floor/user19/3-3-2,Radar/12_Sweep_the_floor/user19/3-3-2,2
12_Sweep_the_floor/user19/3-3-3,12_Sweep_the_floor,12,user19,3-3-3,Depth_Color/12_Sweep_the_floor/user19/3-3-3,IR/12_Sweep_the_floor/user19/3-3-3,Thermal/12_Sweep_the_floor/user19/3-3-3,Skeleton/12_Sweep_the_floor/user19/3-3-3,IMU/12_Sweep_the_floor/user19/3-3-3,Radar/12_Sweep_the_floor/user19/3-3-3,2
12_Sweep_the_floor/user19/7-2-1,12_Sweep_the_floor,12,user19,7-2-1,Depth_Color/12_Sweep_the_floor/user19/7-2-1,IR/12_Sweep_the_floor/user19/7-2-1,Thermal/12_Sweep_the_floor/user19/7-2-1,Skeleton/12_Sweep_the_floor/user19/7-2-1,IMU/12_Sweep_the_floor/user19/7-2-1,Radar/12_Sweep_the_floor/user19/7-2-1,2
12_Sweep_the_floor/user19/7-2-2,12_Sweep_the_floor,12,user19,7-2-2,Depth_Color/12_Sweep_the_floor/user19/7-2-2,IR/12_Sweep_the_floor/user19/7-2-2,Thermal/12_Sweep_the_floor/user19/7-2-2,Skeleton/12_Sweep_the_floor/user19/7-2-2,IMU/12_Sweep_the_floor/user19/7-2-2,Radar/12_Sweep_the_floor/user19/7-2-2,2
12_Sweep_the_floor/user19/7-2-3,12_Sweep_the_floor,12,user19,7-2-3,Depth_Color/12_Sweep_the_floor/user19/7-2-3,IR/12_Sweep_the_floor/user19/7-2-3,Thermal/12_Sweep_the_floor/user19/7-2-3,Skeleton/12_Sweep_the_floor/user19/7-2-3,IMU/12_Sweep_the_floor/user19/7-2-3,Radar/12_Sweep_the_floor/user19/7-2-3,2
12_Sweep_the_floor/user2/3-1-1,12_Sweep_the_floor,12,user2,3-1-1,Depth_Color/12_Sweep_the_floor/user2/3-1-1,IR/12_Sweep_the_floor/user2/3-1-1,,Skeleton/12_Sweep_the_floor/user2/3-1-1,IMU/12_Sweep_the_floor/user2/3-1-1,Radar/12_Sweep_the_floor/user2/3-1-1,0
12_Sweep_the_floor/user2/3-1-2,12_Sweep_the_floor,12,user2,3-1-2,Depth_Color/12_Sweep_the_floor/user2/3-1-2,IR/12_Sweep_the_floor/user2/3-1-2,,Skeleton/12_Sweep_the_floor/user2/3-1-2,IMU/12_Sweep_the_floor/user2/3-1-2,Radar/12_Sweep_the_floor/user2/3-1-2,0
12_Sweep_the_floor/user2/3-1-3,12_Sweep_the_floor,12,user2,3-1-3,Depth_Color/12_Sweep_the_floor/user2/3-1-3,IR/12_Sweep_the_floor/user2/3-1-3,,Skeleton/12_Sweep_the_floor/user2/3-1-3,IMU/12_Sweep_the_floor/user2/3-1-3,Radar/12_Sweep_the_floor/user2/3-1-3,0
12_Sweep_the_floor/user20/2-1-1,12_Sweep_the_floor,12,user20,2-1-1,Depth_Color/12_Sweep_the_floor/user20/2-1-1,IR/12_Sweep_the_floor/user20/2-1-1,Thermal/12_Sweep_the_floor/user20/2-1-1,Skeleton/12_Sweep_the_floor/user20/2-1-1,IMU/12_Sweep_the_floor/user20/2-1-1,Radar/12_Sweep_the_floor/user20/2-1-1,0
12_Sweep_the_floor/user20/2-1-2,12_Sweep_the_floor,12,user20,2-1-2,Depth_Color/12_Sweep_the_floor/user20/2-1-2,IR/12_Sweep_the_floor/user20/2-1-2,Thermal/12_Sweep_the_floor/user20/2-1-2,Skeleton/12_Sweep_the_floor/user20/2-1-2,IMU/12_Sweep_the_floor/user20/2-1-2,Radar/12_Sweep_the_floor/user20/2-1-2,0
12_Sweep_the_floor/user20/2-1-3,12_Sweep_the_floor,12,user20,2-1-3,Depth_Color/12_Sweep_the_floor/user20/2-1-3,IR/12_Sweep_the_floor/user20/2-1-3,Thermal/12_Sweep_the_floor/user20/2-1-3,Skeleton/12_Sweep_the_floor/user20/2-1-3,IMU/12_Sweep_the_floor/user20/2-1-3,Radar/12_Sweep_the_floor/user20/2-1-3,0
12_Sweep_the_floor/user20/3-2-1,12_Sweep_the_floor,12,user20,3-2-1,Depth_Color/12_Sweep_the_floor/user20/3-2-1,IR/12_Sweep_the_floor/user20/3-2-1,Thermal/12_Sweep_the_floor/user20/3-2-1,Skeleton/12_Sweep_the_floor/user20/3-2-1,IMU/12_Sweep_the_floor/user20/3-2-1,Radar/12_Sweep_the_floor/user20/3-2-1,0
12_Sweep_the_floor/user20/3-2-2,12_Sweep_the_floor,12,user20,3-2-2,Depth_Color/12_Sweep_the_floor/user20/3-2-2,IR/12_Sweep_the_floor/user20/3-2-2,Thermal/12_Sweep_the_floor/user20/3-2-2,Skeleton/12_Sweep_the_floor/user20/3-2-2,IMU/12_Sweep_the_floor/user20/3-2-2,Radar/12_Sweep_the_floor/user20/3-2-2,0
12_Sweep_the_floor/user20/3-2-3,12_Sweep_the_floor,12,user20,3-2-3,Depth_Color/12_Sweep_the_floor/user20/3-2-3,IR/12_Sweep_the_floor/user20/3-2-3,Thermal/12_Sweep_the_floor/user20/3-2-3,Skeleton/12_Sweep_the_floor/user20/3-2-3,IMU/12_Sweep_the_floor/user20/3-2-3,Radar/12_Sweep_the_floor/user20/3-2-3,0
12_Sweep_the_floor/user21/2-1-1,12_Sweep_the_floor,12,user21,2-1-1,Depth_Color/12_Sweep_the_floor/user21/2-1-1,IR/12_Sweep_the_floor/user21/2-1-1,Thermal/12_Sweep_the_floor/user21/2-1-1,Skeleton/12_Sweep_the_floor/user21/2-1-1,IMU/12_Sweep_the_floor/user21/2-1-1,Radar/12_Sweep_the_floor/user21/2-1-1,0
12_Sweep_the_floor/user21/2-1-2,12_Sweep_the_floor,12,user21,2-1-2,Depth_Color/12_Sweep_the_floor/user21/2-1-2,IR/12_Sweep_the_floor/user21/2-1-2,Thermal/12_Sweep_the_floor/user21/2-1-2,Skeleton/12_Sweep_the_floor/user21/2-1-2,IMU/12_Sweep_the_floor/user21/2-1-2,Radar/12_Sweep_the_floor/user21/2-1-2,0
12_Sweep_the_floor/user21/2-1-3,12_Sweep_the_floor,12,user21,2-1-3,Depth_Color/12_Sweep_the_floor/user21/2-1-3,IR/12_Sweep_the_floor/user21/2-1-3,Thermal/12_Sweep_the_floor/user21/2-1-3,Skeleton/12_Sweep_the_floor/user21/2-1-3,IMU/12_Sweep_the_floor/user21/2-1-3,Radar/12_Sweep_the_floor/user21/2-1-3,0
12_Sweep_the_floor/user23/3-2-1,12_Sweep_the_floor,12,user23,3-2-1,Depth_Color/12_Sweep_the_floor/user23/3-2-1,IR/12_Sweep_the_floor/user23/3-2-1,Thermal/12_Sweep_the_floor/user23/3-2-1,Skeleton/12_Sweep_the_floor/user23/3-2-1,IMU/12_Sweep_the_floor/user23/3-2-1,Radar/12_Sweep_the_floor/user23/3-2-1,0
12_Sweep_the_floor/user23/3-2-2,12_Sweep_the_floor,12,user23,3-2-2,Depth_Color/12_Sweep_the_floor/user23/3-2-2,IR/12_Sweep_the_floor/user23/3-2-2,Thermal/12_Sweep_the_floor/user23/3-2-2,Skeleton/12_Sweep_the_floor/user23/3-2-2,IMU/12_Sweep_the_floor/user23/3-2-2,Radar/12_Sweep_the_floor/user23/3-2-2,0
12_Sweep_the_floor/user23/3-2-3,12_Sweep_the_floor,12,user23,3-2-3,Depth_Color/12_Sweep_the_floor/user23/3-2-3,IR/12_Sweep_the_floor/user23/3-2-3,Thermal/12_Sweep_the_floor/user23/3-2-3,Skeleton/12_Sweep_the_floor/user23/3-2-3,IMU/12_Sweep_the_floor/user23/3-2-3,Radar/12_Sweep_the_floor/user23/3-2-3,0
12_Sweep_the_floor/user3/6-2-1,12_Sweep_the_floor,12,user3,6-2-1,Depth_Color/12_Sweep_the_floor/user3/6-2-1,IR/12_Sweep_the_floor/user3/6-2-1,,Skeleton/12_Sweep_the_floor/user3/6-2-1,IMU/12_Sweep_the_floor/user3/6-2-1,Radar/12_Sweep_the_floor/user3/6-2-1,2
12_Sweep_the_floor/user3/6-2-2,12_Sweep_the_floor,12,user3,6-2-2,Depth_Color/12_Sweep_the_floor/user3/6-2-2,IR/12_Sweep_the_floor/user3/6-2-2,,Skeleton/12_Sweep_the_floor/user3/6-2-2,IMU/12_Sweep_the_floor/user3/6-2-2,Radar/12_Sweep_the_floor/user3/6-2-2,2
12_Sweep_the_floor/user3/6-2-3,12_Sweep_the_floor,12,user3,6-2-3,Depth_Color/12_Sweep_the_floor/user3/6-2-3,IR/12_Sweep_the_floor/user3/6-2-3,,Skeleton/12_Sweep_the_floor/user3/6-2-3,IMU/12_Sweep_the_floor/user3/6-2-3,Radar/12_Sweep_the_floor/user3/6-2-3,2
12_Sweep_the_floor/user4/2-2-1,12_Sweep_the_floor,12,user4,2-2-1,Depth_Color/12_Sweep_the_floor/user4/2-2-1,IR/12_Sweep_the_floor/user4/2-2-1,Thermal/12_Sweep_the_floor/user4/2-2-1,Skeleton/12_Sweep_the_floor/user4/2-2-1,IMU/12_Sweep_the_floor/user4/2-2-1,Radar/12_Sweep_the_floor/user4/2-2-1,1
12_Sweep_the_floor/user4/2-2-2,12_Sweep_the_floor,12,user4,2-2-2,Depth_Color/12_Sweep_the_floor/user4/2-2-2,IR/12_Sweep_the_floor/user4/2-2-2,Thermal/12_Sweep_the_floor/user4/2-2-2,Skeleton/12_Sweep_the_floor/user4/2-2-2,IMU/12_Sweep_the_floor/user4/2-2-2,Radar/12_Sweep_the_floor/user4/2-2-2,1
12_Sweep_the_floor/user4/2-2-3,12_Sweep_the_floor,12,user4,2-2-3,Depth_Color/12_Sweep_the_floor/user4/2-2-3,IR/12_Sweep_the_floor/user4/2-2-3,Thermal/12_Sweep_the_floor/user4/2-2-3,Skeleton/12_Sweep_the_floor/user4/2-2-3,IMU/12_Sweep_the_floor/user4/2-2-3,Radar/12_Sweep_the_floor/user4/2-2-3,1
12_Sweep_the_floor/user5/3-1-1,12_Sweep_the_floor,12,user5,3-1-1,Depth_Color/12_Sweep_the_floor/user5/3-1-1,IR/12_Sweep_the_floor/user5/3-1-1,Thermal/12_Sweep_the_floor/user5/3-1-1,Skeleton/12_Sweep_the_floor/user5/3-1-1,IMU/12_Sweep_the_floor/user5/3-1-1,Radar/12_Sweep_the_floor/user5/3-1-1,2
12_Sweep_the_floor/user5/3-1-2,12_Sweep_the_floor,12,user5,3-1-2,Depth_Color/12_Sweep_the_floor/user5/3-1-2,IR/12_Sweep_the_floor/user5/3-1-2,Thermal/12_Sweep_the_floor/user5/3-1-2,Skeleton/12_Sweep_the_floor/user5/3-1-2,IMU/12_Sweep_the_floor/user5/3-1-2,Radar/12_Sweep_the_floor/user5/3-1-2,2
12_Sweep_the_floor/user5/3-1-3,12_Sweep_the_floor,12,user5,3-1-3,Depth_Color/12_Sweep_the_floor/user5/3-1-3,IR/12_Sweep_the_floor/user5/3-1-3,Thermal/12_Sweep_the_floor/user5/3-1-3,Skeleton/12_Sweep_the_floor/user5/3-1-3,IMU/12_Sweep_the_floor/user5/3-1-3,Radar/12_Sweep_the_floor/user5/3-1-3,2
12_Sweep_the_floor/user6/3-1-1,12_Sweep_the_floor,12,user6,3-1-1,Depth_Color/12_Sweep_the_floor/user6/3-1-1,IR/12_Sweep_the_floor/user6/3-1-1,Thermal/12_Sweep_the_floor/user6/3-1-1,Skeleton/12_Sweep_the_floor/user6/3-1-1,IMU/12_Sweep_the_floor/user6/3-1-1,Radar/12_Sweep_the_floor/user6/3-1-1,1
12_Sweep_the_floor/user6/3-1-2,12_Sweep_the_floor,12,user6,3-1-2,Depth_Color/12_Sweep_the_floor/user6/3-1-2,IR/12_Sweep_the_floor/user6/3-1-2,Thermal/12_Sweep_the_floor/user6/3-1-2,Skeleton/12_Sweep_the_floor/user6/3-1-2,IMU/12_Sweep_the_floor/user6/3-1-2,Radar/12_Sweep_the_floor/user6/3-1-2,1
12_Sweep_the_floor/user6/3-1-3,12_Sweep_the_floor,12,user6,3-1-3,Depth_Color/12_Sweep_the_floor/user6/3-1-3,IR/12_Sweep_the_floor/user6/3-1-3,Thermal/12_Sweep_the_floor/user6/3-1-3,Skeleton/12_Sweep_the_floor/user6/3-1-3,IMU/12_Sweep_the_floor/user6/3-1-3,Radar/12_Sweep_the_floor/user6/3-1-3,1
12_Sweep_the_floor/user6/6-2-1,12_Sweep_the_floor,12,user6,6-2-1,Depth_Color/12_Sweep_the_floor/user6/6-2-1,IR/12_Sweep_the_floor/user6/6-2-1,Thermal/12_Sweep_the_floor/user6/6-2-1,Skeleton/12_Sweep_the_floor/user6/6-2-1,IMU/12_Sweep_the_floor/user6/6-2-1,Radar/12_Sweep_the_floor/user6/6-2-1,1
12_Sweep_the_floor/user6/6-2-2,12_Sweep_the_floor,12,user6,6-2-2,Depth_Color/12_Sweep_the_floor/user6/6-2-2,IR/12_Sweep_the_floor/user6/6-2-2,Thermal/12_Sweep_the_floor/user6/6-2-2,Skeleton/12_Sweep_the_floor/user6/6-2-2,IMU/12_Sweep_the_floor/user6/6-2-2,Radar/12_Sweep_the_floor/user6/6-2-2,1
12_Sweep_the_floor/user6/6-2-3,12_Sweep_the_floor,12,user6,6-2-3,Depth_Color/12_Sweep_the_floor/user6/6-2-3,IR/12_Sweep_the_floor/user6/6-2-3,Thermal/12_Sweep_the_floor/user6/6-2-3,Skeleton/12_Sweep_the_floor/user6/6-2-3,IMU/12_Sweep_the_floor/user6/6-2-3,Radar/12_Sweep_the_floor/user6/6-2-3,1
12_Sweep_the_floor/user7/3-1-1,12_Sweep_the_floor,12,user7,3-1-1,Depth_Color/12_Sweep_the_floor/user7/3-1-1,IR/12_Sweep_the_floor/user7/3-1-1,Thermal/12_Sweep_the_floor/user7/3-1-1,Skeleton/12_Sweep_the_floor/user7/3-1-1,IMU/12_Sweep_the_floor/user7/3-1-1,Radar/12_Sweep_the_floor/user7/3-1-1,0
12_Sweep_the_floor/user7/3-1-2,12_Sweep_the_floor,12,user7,3-1-2,Depth_Color/12_Sweep_the_floor/user7/3-1-2,IR/12_Sweep_the_floor/user7/3-1-2,Thermal/12_Sweep_the_floor/user7/3-1-2,Skeleton/12_Sweep_the_floor/user7/3-1-2,IMU/12_Sweep_the_floor/user7/3-1-2,Radar/12_Sweep_the_floor/user7/3-1-2,0
12_Sweep_the_floor/user7/3-1-3,12_Sweep_the_floor,12,user7,3-1-3,Depth_Color/12_Sweep_the_floor/user7/3-1-3,IR/12_Sweep_the_floor/user7/3-1-3,Thermal/12_Sweep_the_floor/user7/3-1-3,Skeleton/12_Sweep_the_floor/user7/3-1-3,IMU/12_Sweep_the_floor/user7/3-1-3,Radar/12_Sweep_the_floor/user7/3-1-3,0
12_Sweep_the_floor/user8/3-1-1,12_Sweep_the_floor,12,user8,3-1-1,Depth_Color/12_Sweep_the_floor/user8/3-1-1,IR/12_Sweep_the_floor/user8/3-1-1,Thermal/12_Sweep_the_floor/user8/3-1-1,Skeleton/12_Sweep_the_floor/user8/3-1-1,IMU/12_Sweep_the_floor/user8/3-1-1,Radar/12_Sweep_the_floor/user8/3-1-1,2
12_Sweep_the_floor/user8/3-1-2,12_Sweep_the_floor,12,user8,3-1-2,Depth_Color/12_Sweep_the_floor/user8/3-1-2,IR/12_Sweep_the_floor/user8/3-1-2,Thermal/12_Sweep_the_floor/user8/3-1-2,Skeleton/12_Sweep_the_floor/user8/3-1-2,IMU/12_Sweep_the_floor/user8/3-1-2,Radar/12_Sweep_the_floor/user8/3-1-2,2
12_Sweep_the_floor/user8/3-1-3,12_Sweep_the_floor,12,user8,3-1-3,Depth_Color/12_Sweep_the_floor/user8/3-1-3,IR/12_Sweep_the_floor/user8/3-1-3,Thermal/12_Sweep_the_floor/user8/3-1-3,Skeleton/12_Sweep_the_floor/user8/3-1-3,IMU/12_Sweep_the_floor/user8/3-1-3,Radar/12_Sweep_the_floor/user8/3-1-3,2
12_Sweep_the_floor/user9/3-3-1,12_Sweep_the_floor,12,user9,3-3-1,Depth_Color/12_Sweep_the_floor/user9/3-3-1,IR/12_Sweep_the_floor/user9/3-3-1,Thermal/12_Sweep_the_floor/user9/3-3-1,Skeleton/12_Sweep_the_floor/user9/3-3-1,IMU/12_Sweep_the_floor/user9/3-3-1,Radar/12_Sweep_the_floor/user9/3-3-1,1
12_Sweep_the_floor/user9/3-3-2,12_Sweep_the_floor,12,user9,3-3-2,Depth_Color/12_Sweep_the_floor/user9/3-3-2,IR/12_Sweep_the_floor/user9/3-3-2,Thermal/12_Sweep_the_floor/user9/3-3-2,Skeleton/12_Sweep_the_floor/user9/3-3-2,IMU/12_Sweep_the_floor/user9/3-3-2,Radar/12_Sweep_the_floor/user9/3-3-2,1
12_Sweep_the_floor/user9/3-3-3,12_Sweep_the_floor,12,user9,3-3-3,Depth_Color/12_Sweep_the_floor/user9/3-3-3,IR/12_Sweep_the_floor/user9/3-3-3,Thermal/12_Sweep_the_floor/user9/3-3-3,Skeleton/12_Sweep_the_floor/user9/3-3-3,IMU/12_Sweep_the_floor/user9/3-3-3,Radar/12_Sweep_the_floor/user9/3-3-3,1
12_Sweep_the_floor/user9/7-2-1,12_Sweep_the_floor,12,user9,7-2-1,Depth_Color/12_Sweep_the_floor/user9/7-2-1,IR/12_Sweep_the_floor/user9/7-2-1,Thermal/12_Sweep_the_floor/user9/7-2-1,Skeleton/12_Sweep_the_floor/user9/7-2-1,IMU/12_Sweep_the_floor/user9/7-2-1,Radar/12_Sweep_the_floor/user9/7-2-1,1
12_Sweep_the_floor/user9/7-2-2,12_Sweep_the_floor,12,user9,7-2-2,Depth_Color/12_Sweep_the_floor/user9/7-2-2,IR/12_Sweep_the_floor/user9/7-2-2,Thermal/12_Sweep_the_floor/user9/7-2-2,Skeleton/12_Sweep_the_floor/user9/7-2-2,IMU/12_Sweep_the_floor/user9/7-2-2,Radar/12_Sweep_the_floor/user9/7-2-2,1
12_Sweep_the_floor/user9/7-2-3,12_Sweep_the_floor,12,user9,7-2-3,Depth_Color/12_Sweep_the_floor/user9/7-2-3,IR/12_Sweep_the_floor/user9/7-2-3,Thermal/12_Sweep_the_floor/user9/7-2-3,Skeleton/12_Sweep_the_floor/user9/7-2-3,IMU/12_Sweep_the_floor/user9/7-2-3,Radar/12_Sweep_the_floor/user9/7-2-3,1
13_Mop_the_floor/user1/3-2-1,13_Mop_the_floor,13,user1,3-2-1,Depth_Color/13_Mop_the_floor/user1/3-2-1,IR/13_Mop_the_floor/user1/3-2-1,Thermal/13_Mop_the_floor/user1/3-2-1,Skeleton/13_Mop_the_floor/user1/3-2-1,IMU/13_Mop_the_floor/user1/3-2-1,Radar/13_Mop_the_floor/user1/3-2-1,1
13_Mop_the_floor/user1/3-2-2,13_Mop_the_floor,13,user1,3-2-2,Depth_Color/13_Mop_the_floor/user1/3-2-2,IR/13_Mop_the_floor/user1/3-2-2,Thermal/13_Mop_the_floor/user1/3-2-2,Skeleton/13_Mop_the_floor/user1/3-2-2,IMU/13_Mop_the_floor/user1/3-2-2,Radar/13_Mop_the_floor/user1/3-2-2,1
13_Mop_the_floor/user1/3-2-3,13_Mop_the_floor,13,user1,3-2-3,Depth_Color/13_Mop_the_floor/user1/3-2-3,IR/13_Mop_the_floor/user1/3-2-3,Thermal/13_Mop_the_floor/user1/3-2-3,Skeleton/13_Mop_the_floor/user1/3-2-3,IMU/13_Mop_the_floor/user1/3-2-3,Radar/13_Mop_the_floor/user1/3-2-3,1
13_Mop_the_floor/user16/3-1-1,13_Mop_the_floor,13,user16,3-1-1,Depth_Color/13_Mop_the_floor/user16/3-1-1,IR/13_Mop_the_floor/user16/3-1-1,Thermal/13_Mop_the_floor/user16/3-1-1,Skeleton/13_Mop_the_floor/user16/3-1-1,IMU/13_Mop_the_floor/user16/3-1-1,Radar/13_Mop_the_floor/user16/3-1-1,0
13_Mop_the_floor/user16/3-1-2,13_Mop_the_floor,13,user16,3-1-2,Depth_Color/13_Mop_the_floor/user16/3-1-2,IR/13_Mop_the_floor/user16/3-1-2,Thermal/13_Mop_the_floor/user16/3-1-2,Skeleton/13_Mop_the_floor/user16/3-1-2,IMU/13_Mop_the_floor/user16/3-1-2,Radar/13_Mop_the_floor/user16/3-1-2,0
13_Mop_the_floor/user16/3-1-3,13_Mop_the_floor,13,user16,3-1-3,Depth_Color/13_Mop_the_floor/user16/3-1-3,IR/13_Mop_the_floor/user16/3-1-3,Thermal/13_Mop_the_floor/user16/3-1-3,Skeleton/13_Mop_the_floor/user16/3-1-3,IMU/13_Mop_the_floor/user16/3-1-3,Radar/13_Mop_the_floor/user16/3-1-3,0
13_Mop_the_floor/user17/3-1-1,13_Mop_the_floor,13,user17,3-1-1,Depth_Color/13_Mop_the_floor/user17/3-1-1,IR/13_Mop_the_floor/user17/3-1-1,Thermal/13_Mop_the_floor/user17/3-1-1,Skeleton/13_Mop_the_floor/user17/3-1-1,IMU/13_Mop_the_floor/user17/3-1-1,Radar/13_Mop_the_floor/user17/3-1-1,2
13_Mop_the_floor/user17/3-1-2,13_Mop_the_floor,13,user17,3-1-2,Depth_Color/13_Mop_the_floor/user17/3-1-2,IR/13_Mop_the_floor/user17/3-1-2,Thermal/13_Mop_the_floor/user17/3-1-2,Skeleton/13_Mop_the_floor/user17/3-1-2,IMU/13_Mop_the_floor/user17/3-1-2,Radar/13_Mop_the_floor/user17/3-1-2,2
13_Mop_the_floor/user17/3-1-3,13_Mop_the_floor,13,user17,3-1-3,Depth_Color/13_Mop_the_floor/user17/3-1-3,IR/13_Mop_the_floor/user17/3-1-3,Thermal/13_Mop_the_floor/user17/3-1-3,Skeleton/13_Mop_the_floor/user17/3-1-3,IMU/13_Mop_the_floor/user17/3-1-3,Radar/13_Mop_the_floor/user17/3-1-3,2
13_Mop_the_floor/user18/3-1-1,13_Mop_the_floor,13,user18,3-1-1,Depth_Color/13_Mop_the_floor/user18/3-1-1,IR/13_Mop_the_floor/user18/3-1-1,Thermal/13_Mop_the_floor/user18/3-1-1,Skeleton/13_Mop_the_floor/user18/3-1-1,IMU/13_Mop_the_floor/user18/3-1-1,Radar/13_Mop_the_floor/user18/3-1-1,1
13_Mop_the_floor/user18/3-1-2,13_Mop_the_floor,13,user18,3-1-2,Depth_Color/13_Mop_the_floor/user18/3-1-2,IR/13_Mop_the_floor/user18/3-1-2,Thermal/13_Mop_the_floor/user18/3-1-2,Skeleton/13_Mop_the_floor/user18/3-1-2,IMU/13_Mop_the_floor/user18/3-1-2,Radar/13_Mop_the_floor/user18/3-1-2,1
13_Mop_the_floor/user18/3-1-3,13_Mop_the_floor,13,user18,3-1-3,Depth_Color/13_Mop_the_floor/user18/3-1-3,IR/13_Mop_the_floor/user18/3-1-3,Thermal/13_Mop_the_floor/user18/3-1-3,Skeleton/13_Mop_the_floor/user18/3-1-3,IMU/13_Mop_the_floor/user18/3-1-3,Radar/13_Mop_the_floor/user18/3-1-3,1
13_Mop_the_floor/user19/3-3-1,13_Mop_the_floor,13,user19,3-3-1,Depth_Color/13_Mop_the_floor/user19/3-3-1,IR/13_Mop_the_floor/user19/3-3-1,Thermal/13_Mop_the_floor/user19/3-3-1,Skeleton/13_Mop_the_floor/user19/3-3-1,IMU/13_Mop_the_floor/user19/3-3-1,Radar/13_Mop_the_floor/user19/3-3-1,2
13_Mop_the_floor/user19/3-3-2,13_Mop_the_floor,13,user19,3-3-2,Depth_Color/13_Mop_the_floor/user19/3-3-2,IR/13_Mop_the_floor/user19/3-3-2,Thermal/13_Mop_the_floor/user19/3-3-2,Skeleton/13_Mop_the_floor/user19/3-3-2,IMU/13_Mop_the_floor/user19/3-3-2,Radar/13_Mop_the_floor/user19/3-3-2,2
13_Mop_the_floor/user19/3-3-3,13_Mop_the_floor,13,user19,3-3-3,Depth_Color/13_Mop_the_floor/user19/3-3-3,IR/13_Mop_the_floor/user19/3-3-3,Thermal/13_Mop_the_floor/user19/3-3-3,Skeleton/13_Mop_the_floor/user19/3-3-3,IMU/13_Mop_the_floor/user19/3-3-3,Radar/13_Mop_the_floor/user19/3-3-3,2
13_Mop_the_floor/user19/7-2-1,13_Mop_the_floor,13,user19,7-2-1,Depth_Color/13_Mop_the_floor/user19/7-2-1,IR/13_Mop_the_floor/user19/7-2-1,Thermal/13_Mop_the_floor/user19/7-2-1,Skeleton/13_Mop_the_floor/user19/7-2-1,IMU/13_Mop_the_floor/user19/7-2-1,Radar/13_Mop_the_floor/user19/7-2-1,2
13_Mop_the_floor/user19/7-2-2,13_Mop_the_floor,13,user19,7-2-2,Depth_Color/13_Mop_the_floor/user19/7-2-2,IR/13_Mop_the_floor/user19/7-2-2,Thermal/13_Mop_the_floor/user19/7-2-2,Skeleton/13_Mop_the_floor/user19/7-2-2,IMU/13_Mop_the_floor/user19/7-2-2,Radar/13_Mop_the_floor/user19/7-2-2,2
13_Mop_the_floor/user19/7-2-3,13_Mop_the_floor,13,user19,7-2-3,Depth_Color/13_Mop_the_floor/user19/7-2-3,IR/13_Mop_the_floor/user19/7-2-3,Thermal/13_Mop_the_floor/user19/7-2-3,Skeleton/13_Mop_the_floor/user19/7-2-3,IMU/13_Mop_the_floor/user19/7-2-3,Radar/13_Mop_the_floor/user19/7-2-3,2
13_Mop_the_floor/user2/3-1-1,13_Mop_the_floor,13,user2,3-1-1,Depth_Color/13_Mop_the_floor/user2/3-1-1,IR/13_Mop_the_floor/user2/3-1-1,,Skeleton/13_Mop_the_floor/user2/3-1-1,IMU/13_Mop_the_floor/user2/3-1-1,Radar/13_Mop_the_floor/user2/3-1-1,0
13_Mop_the_floor/user2/3-1-2,13_Mop_the_floor,13,user2,3-1-2,Depth_Color/13_Mop_the_floor/user2/3-1-2,IR/13_Mop_the_floor/user2/3-1-2,,Skeleton/13_Mop_the_floor/user2/3-1-2,IMU/13_Mop_the_floor/user2/3-1-2,Radar/13_Mop_the_floor/user2/3-1-2,0
13_Mop_the_floor/user2/3-1-3,13_Mop_the_floor,13,user2,3-1-3,Depth_Color/13_Mop_the_floor/user2/3-1-3,IR/13_Mop_the_floor/user2/3-1-3,,Skeleton/13_Mop_the_floor/user2/3-1-3,IMU/13_Mop_the_floor/user2/3-1-3,Radar/13_Mop_the_floor/user2/3-1-3,0
13_Mop_the_floor/user20/2-1-1,13_Mop_the_floor,13,user20,2-1-1,Depth_Color/13_Mop_the_floor/user20/2-1-1,IR/13_Mop_the_floor/user20/2-1-1,Thermal/13_Mop_the_floor/user20/2-1-1,Skeleton/13_Mop_the_floor/user20/2-1-1,IMU/13_Mop_the_floor/user20/2-1-1,Radar/13_Mop_the_floor/user20/2-1-1,0
13_Mop_the_floor/user20/2-1-2,13_Mop_the_floor,13,user20,2-1-2,Depth_Color/13_Mop_the_floor/user20/2-1-2,IR/13_Mop_the_floor/user20/2-1-2,Thermal/13_Mop_the_floor/user20/2-1-2,Skeleton/13_Mop_the_floor/user20/2-1-2,IMU/13_Mop_the_floor/user20/2-1-2,Radar/13_Mop_the_floor/user20/2-1-2,0
13_Mop_the_floor/user20/2-1-3,13_Mop_the_floor,13,user20,2-1-3,Depth_Color/13_Mop_the_floor/user20/2-1-3,IR/13_Mop_the_floor/user20/2-1-3,Thermal/13_Mop_the_floor/user20/2-1-3,Skeleton/13_Mop_the_floor/user20/2-1-3,IMU/13_Mop_the_floor/user20/2-1-3,Radar/13_Mop_the_floor/user20/2-1-3,0
13_Mop_the_floor/user20/3-2-1,13_Mop_the_floor,13,user20,3-2-1,Depth_Color/13_Mop_the_floor/user20/3-2-1,IR/13_Mop_the_floor/user20/3-2-1,Thermal/13_Mop_the_floor/user20/3-2-1,Skeleton/13_Mop_the_floor/user20/3-2-1,IMU/13_Mop_the_floor/user20/3-2-1,Radar/13_Mop_the_floor/user20/3-2-1,0
13_Mop_the_floor/user20/3-2-2,13_Mop_the_floor,13,user20,3-2-2,Depth_Color/13_Mop_the_floor/user20/3-2-2,IR/13_Mop_the_floor/user20/3-2-2,Thermal/13_Mop_the_floor/user20/3-2-2,Skeleton/13_Mop_the_floor/user20/3-2-2,IMU/13_Mop_the_floor/user20/3-2-2,Radar/13_Mop_the_floor/user20/3-2-2,0
13_Mop_the_floor/user20/3-2-3,13_Mop_the_floor,13,user20,3-2-3,Depth_Color/13_Mop_the_floor/user20/3-2-3,IR/13_Mop_the_floor/user20/3-2-3,Thermal/13_Mop_the_floor/user20/3-2-3,Skeleton/13_Mop_the_floor/user20/3-2-3,IMU/13_Mop_the_floor/user20/3-2-3,Radar/13_Mop_the_floor/user20/3-2-3,0
13_Mop_the_floor/user20/6-3-1,13_Mop_the_floor,13,user20,6-3-1,Depth_Color/13_Mop_the_floor/user20/6-3-1,IR/13_Mop_the_floor/user20/6-3-1,Thermal/13_Mop_the_floor/user20/6-3-1,Skeleton/13_Mop_the_floor/user20/6-3-1,IMU/13_Mop_the_floor/user20/6-3-1,Radar/13_Mop_the_floor/user20/6-3-1,0
13_Mop_the_floor/user20/6-3-2,13_Mop_the_floor,13,user20,6-3-2,Depth_Color/13_Mop_the_floor/user20/6-3-2,IR/13_Mop_the_floor/user20/6-3-2,Thermal/13_Mop_the_floor/user20/6-3-2,Skeleton/13_Mop_the_floor/user20/6-3-2,IMU/13_Mop_the_floor/user20/6-3-2,Radar/13_Mop_the_floor/user20/6-3-2,0
13_Mop_the_floor/user20/6-3-3,13_Mop_the_floor,13,user20,6-3-3,Depth_Color/13_Mop_the_floor/user20/6-3-3,IR/13_Mop_the_floor/user20/6-3-3,Thermal/13_Mop_the_floor/user20/6-3-3,Skeleton/13_Mop_the_floor/user20/6-3-3,IMU/13_Mop_the_floor/user20/6-3-3,Radar/13_Mop_the_floor/user20/6-3-3,0
13_Mop_the_floor/user21/2-1-1,13_Mop_the_floor,13,user21,2-1-1,Depth_Color/13_Mop_the_floor/user21/2-1-1,IR/13_Mop_the_floor/user21/2-1-1,Thermal/13_Mop_the_floor/user21/2-1-1,Skeleton/13_Mop_the_floor/user21/2-1-1,IMU/13_Mop_the_floor/user21/2-1-1,Radar/13_Mop_the_floor/user21/2-1-1,0
13_Mop_the_floor/user21/2-1-2,13_Mop_the_floor,13,user21,2-1-2,Depth_Color/13_Mop_the_floor/user21/2-1-2,IR/13_Mop_the_floor/user21/2-1-2,Thermal/13_Mop_the_floor/user21/2-1-2,Skeleton/13_Mop_the_floor/user21/2-1-2,IMU/13_Mop_the_floor/user21/2-1-2,Radar/13_Mop_the_floor/user21/2-1-2,0
13_Mop_the_floor/user21/2-1-3,13_Mop_the_floor,13,user21,2-1-3,Depth_Color/13_Mop_the_floor/user21/2-1-3,IR/13_Mop_the_floor/user21/2-1-3,Thermal/13_Mop_the_floor/user21/2-1-3,Skeleton/13_Mop_the_floor/user21/2-1-3,IMU/13_Mop_the_floor/user21/2-1-3,Radar/13_Mop_the_floor/user21/2-1-3,0
13_Mop_the_floor/user4/2-2-1,13_Mop_the_floor,13,user4,2-2-1,Depth_Color/13_Mop_the_floor/user4/2-2-1,IR/13_Mop_the_floor/user4/2-2-1,Thermal/13_Mop_the_floor/user4/2-2-1,Skeleton/13_Mop_the_floor/user4/2-2-1,IMU/13_Mop_the_floor/user4/2-2-1,Radar/13_Mop_the_floor/user4/2-2-1,1
13_Mop_the_floor/user4/2-2-2,13_Mop_the_floor,13,user4,2-2-2,Depth_Color/13_Mop_the_floor/user4/2-2-2,IR/13_Mop_the_floor/user4/2-2-2,Thermal/13_Mop_the_floor/user4/2-2-2,Skeleton/13_Mop_the_floor/user4/2-2-2,IMU/13_Mop_the_floor/user4/2-2-2,Radar/13_Mop_the_floor/user4/2-2-2,1
13_Mop_the_floor/user4/2-2-3,13_Mop_the_floor,13,user4,2-2-3,Depth_Color/13_Mop_the_floor/user4/2-2-3,IR/13_Mop_the_floor/user4/2-2-3,Thermal/13_Mop_the_floor/user4/2-2-3,Skeleton/13_Mop_the_floor/user4/2-2-3,IMU/13_Mop_the_floor/user4/2-2-3,Radar/13_Mop_the_floor/user4/2-2-3,1
13_Mop_the_floor/user5/5-1-1,13_Mop_the_floor,13,user5,5-1-1,Depth_Color/13_Mop_the_floor/user5/5-1-1,IR/13_Mop_the_floor/user5/5-1-1,Thermal/13_Mop_the_floor/user5/5-1-1,Skeleton/13_Mop_the_floor/user5/5-1-1,IMU/13_Mop_the_floor/user5/5-1-1,Radar/13_Mop_the_floor/user5/5-1-1,2
13_Mop_the_floor/user5/5-1-2,13_Mop_the_floor,13,user5,5-1-2,Depth_Color/13_Mop_the_floor/user5/5-1-2,IR/13_Mop_the_floor/user5/5-1-2,Thermal/13_Mop_the_floor/user5/5-1-2,Skeleton/13_Mop_the_floor/user5/5-1-2,IMU/13_Mop_the_floor/user5/5-1-2,Radar/13_Mop_the_floor/user5/5-1-2,2
13_Mop_the_floor/user5/5-1-3,13_Mop_the_floor,13,user5,5-1-3,Depth_Color/13_Mop_the_floor/user5/5-1-3,IR/13_Mop_the_floor/user5/5-1-3,Thermal/13_Mop_the_floor/user5/5-1-3,Skeleton/13_Mop_the_floor/user5/5-1-3,IMU/13_Mop_the_floor/user5/5-1-3,Radar/13_Mop_the_floor/user5/5-1-3,2
13_Mop_the_floor/user5/7-2-1,13_Mop_the_floor,13,user5,7-2-1,Depth_Color/13_Mop_the_floor/user5/7-2-1,IR/13_Mop_the_floor/user5/7-2-1,Thermal/13_Mop_the_floor/user5/7-2-1,Skeleton/13_Mop_the_floor/user5/7-2-1,,Radar/13_Mop_the_floor/user5/7-2-1,2
13_Mop_the_floor/user5/7-2-2,13_Mop_the_floor,13,user5,7-2-2,Depth_Color/13_Mop_the_floor/user5/7-2-2,IR/13_Mop_the_floor/user5/7-2-2,Thermal/13_Mop_the_floor/user5/7-2-2,Skeleton/13_Mop_the_floor/user5/7-2-2,,Radar/13_Mop_the_floor/user5/7-2-2,2
13_Mop_the_floor/user5/7-2-3,13_Mop_the_floor,13,user5,7-2-3,Depth_Color/13_Mop_the_floor/user5/7-2-3,IR/13_Mop_the_floor/user5/7-2-3,Thermal/13_Mop_the_floor/user5/7-2-3,Skeleton/13_Mop_the_floor/user5/7-2-3,,Radar/13_Mop_the_floor/user5/7-2-3,2
13_Mop_the_floor/user6/3-1-1,13_Mop_the_floor,13,user6,3-1-1,Depth_Color/13_Mop_the_floor/user6/3-1-1,IR/13_Mop_the_floor/user6/3-1-1,Thermal/13_Mop_the_floor/user6/3-1-1,Skeleton/13_Mop_the_floor/user6/3-1-1,IMU/13_Mop_the_floor/user6/3-1-1,Radar/13_Mop_the_floor/user6/3-1-1,1
13_Mop_the_floor/user6/3-1-2,13_Mop_the_floor,13,user6,3-1-2,Depth_Color/13_Mop_the_floor/user6/3-1-2,IR/13_Mop_the_floor/user6/3-1-2,Thermal/13_Mop_the_floor/user6/3-1-2,Skeleton/13_Mop_the_floor/user6/3-1-2,IMU/13_Mop_the_floor/user6/3-1-2,Radar/13_Mop_the_floor/user6/3-1-2,1
13_Mop_the_floor/user6/3-1-3,13_Mop_the_floor,13,user6,3-1-3,Depth_Color/13_Mop_the_floor/user6/3-1-3,IR/13_Mop_the_floor/user6/3-1-3,Thermal/13_Mop_the_floor/user6/3-1-3,Skeleton/13_Mop_the_floor/user6/3-1-3,IMU/13_Mop_the_floor/user6/3-1-3,Radar/13_Mop_the_floor/user6/3-1-3,1
13_Mop_the_floor/user7/3-1-1,13_Mop_the_floor,13,user7,3-1-1,Depth_Color/13_Mop_the_floor/user7/3-1-1,IR/13_Mop_the_floor/user7/3-1-1,Thermal/13_Mop_the_floor/user7/3-1-1,Skeleton/13_Mop_the_floor/user7/3-1-1,IMU/13_Mop_the_floor/user7/3-1-1,Radar/13_Mop_the_floor/user7/3-1-1,0
13_Mop_the_floor/user7/3-1-2,13_Mop_the_floor,13,user7,3-1-2,Depth_Color/13_Mop_the_floor/user7/3-1-2,IR/13_Mop_the_floor/user7/3-1-2,Thermal/13_Mop_the_floor/user7/3-1-2,Skeleton/13_Mop_the_floor/user7/3-1-2,IMU/13_Mop_the_floor/user7/3-1-2,Radar/13_Mop_the_floor/user7/3-1-2,0
13_Mop_the_floor/user7/3-1-3,13_Mop_the_floor,13,user7,3-1-3,Depth_Color/13_Mop_the_floor/user7/3-1-3,IR/13_Mop_the_floor/user7/3-1-3,Thermal/13_Mop_the_floor/user7/3-1-3,Skeleton/13_Mop_the_floor/user7/3-1-3,IMU/13_Mop_the_floor/user7/3-1-3,Radar/13_Mop_the_floor/user7/3-1-3,0
13_Mop_the_floor/user8/3-1-1,13_Mop_the_floor,13,user8,3-1-1,Depth_Color/13_Mop_the_floor/user8/3-1-1,IR/13_Mop_the_floor/user8/3-1-1,Thermal/13_Mop_the_floor/user8/3-1-1,Skeleton/13_Mop_the_floor/user8/3-1-1,IMU/13_Mop_the_floor/user8/3-1-1,Radar/13_Mop_the_floor/user8/3-1-1,2
13_Mop_the_floor/user8/3-1-3,13_Mop_the_floor,13,user8,3-1-3,Depth_Color/13_Mop_the_floor/user8/3-1-3,IR/13_Mop_the_floor/user8/3-1-3,Thermal/13_Mop_the_floor/user8/3-1-3,Skeleton/13_Mop_the_floor/user8/3-1-3,IMU/13_Mop_the_floor/user8/3-1-3,Radar/13_Mop_the_floor/user8/3-1-3,2
13_Mop_the_floor/user9/3-3-1,13_Mop_the_floor,13,user9,3-3-1,Depth_Color/13_Mop_the_floor/user9/3-3-1,IR/13_Mop_the_floor/user9/3-3-1,Thermal/13_Mop_the_floor/user9/3-3-1,Skeleton/13_Mop_the_floor/user9/3-3-1,IMU/13_Mop_the_floor/user9/3-3-1,Radar/13_Mop_the_floor/user9/3-3-1,1
13_Mop_the_floor/user9/3-3-2,13_Mop_the_floor,13,user9,3-3-2,Depth_Color/13_Mop_the_floor/user9/3-3-2,IR/13_Mop_the_floor/user9/3-3-2,Thermal/13_Mop_the_floor/user9/3-3-2,Skeleton/13_Mop_the_floor/user9/3-3-2,IMU/13_Mop_the_floor/user9/3-3-2,Radar/13_Mop_the_floor/user9/3-3-2,1
13_Mop_the_floor/user9/3-3-3,13_Mop_the_floor,13,user9,3-3-3,Depth_Color/13_Mop_the_floor/user9/3-3-3,IR/13_Mop_the_floor/user9/3-3-3,Thermal/13_Mop_the_floor/user9/3-3-3,Skeleton/13_Mop_the_floor/user9/3-3-3,IMU/13_Mop_the_floor/user9/3-3-3,Radar/13_Mop_the_floor/user9/3-3-3,1
13_Mop_the_floor/user9/7-2-1,13_Mop_the_floor,13,user9,7-2-1,Depth_Color/13_Mop_the_floor/user9/7-2-1,IR/13_Mop_the_floor/user9/7-2-1,Thermal/13_Mop_the_floor/user9/7-2-1,Skeleton/13_Mop_the_floor/user9/7-2-1,IMU/13_Mop_the_floor/user9/7-2-1,Radar/13_Mop_the_floor/user9/7-2-1,1
13_Mop_the_floor/user9/7-2-2,13_Mop_the_floor,13,user9,7-2-2,Depth_Color/13_Mop_the_floor/user9/7-2-2,IR/13_Mop_the_floor/user9/7-2-2,Thermal/13_Mop_the_floor/user9/7-2-2,Skeleton/13_Mop_the_floor/user9/7-2-2,IMU/13_Mop_the_floor/user9/7-2-2,Radar/13_Mop_the_floor/user9/7-2-2,1
13_Mop_the_floor/user9/7-2-3,13_Mop_the_floor,13,user9,7-2-3,Depth_Color/13_Mop_the_floor/user9/7-2-3,IR/13_Mop_the_floor/user9/7-2-3,Thermal/13_Mop_the_floor/user9/7-2-3,Skeleton/13_Mop_the_floor/user9/7-2-3,IMU/13_Mop_the_floor/user9/7-2-3,Radar/13_Mop_the_floor/user9/7-2-3,1
14_Wipe_bowls/user1/1-2-1,14_Wipe_bowls,14,user1,1-2-1,Depth_Color/14_Wipe_bowls/user1/1-2-1,IR/14_Wipe_bowls/user1/1-2-1,Thermal/14_Wipe_bowls/user1/1-2-1,Skeleton/14_Wipe_bowls/user1/1-2-1,IMU/14_Wipe_bowls/user1/1-2-1,Radar/14_Wipe_bowls/user1/1-2-1,1
14_Wipe_bowls/user1/1-2-2,14_Wipe_bowls,14,user1,1-2-2,Depth_Color/14_Wipe_bowls/user1/1-2-2,IR/14_Wipe_bowls/user1/1-2-2,,Skeleton/14_Wipe_bowls/user1/1-2-2,IMU/14_Wipe_bowls/user1/1-2-2,Radar/14_Wipe_bowls/user1/1-2-2,1
14_Wipe_bowls/user1/4-1-1,14_Wipe_bowls,14,user1,4-1-1,Depth_Color/14_Wipe_bowls/user1/4-1-1,IR/14_Wipe_bowls/user1/4-1-1,Thermal/14_Wipe_bowls/user1/4-1-1,Skeleton/14_Wipe_bowls/user1/4-1-1,IMU/14_Wipe_bowls/user1/4-1-1,Radar/14_Wipe_bowls/user1/4-1-1,1
14_Wipe_bowls/user1/4-1-2,14_Wipe_bowls,14,user1,4-1-2,Depth_Color/14_Wipe_bowls/user1/4-1-2,IR/14_Wipe_bowls/user1/4-1-2,Thermal/14_Wipe_bowls/user1/4-1-2,Skeleton/14_Wipe_bowls/user1/4-1-2,IMU/14_Wipe_bowls/user1/4-1-2,Radar/14_Wipe_bowls/user1/4-1-2,1
14_Wipe_bowls/user1/4-1-3,14_Wipe_bowls,14,user1,4-1-3,Depth_Color/14_Wipe_bowls/user1/4-1-3,IR/14_Wipe_bowls/user1/4-1-3,Thermal/14_Wipe_bowls/user1/4-1-3,Skeleton/14_Wipe_bowls/user1/4-1-3,IMU/14_Wipe_bowls/user1/4-1-3,Radar/14_Wipe_bowls/user1/4-1-3,1
14_Wipe_bowls/user16/3-2-1,14_Wipe_bowls,14,user16,3-2-1,Depth_Color/14_Wipe_bowls/user16/3-2-1,IR/14_Wipe_bowls/user16/3-2-1,Thermal/14_Wipe_bowls/user16/3-2-1,Skeleton/14_Wipe_bowls/user16/3-2-1,IMU/14_Wipe_bowls/user16/3-2-1,Radar/14_Wipe_bowls/user16/3-2-1,0
14_Wipe_bowls/user16/3-2-2,14_Wipe_bowls,14,user16,3-2-2,Depth_Color/14_Wipe_bowls/user16/3-2-2,IR/14_Wipe_bowls/user16/3-2-2,Thermal/14_Wipe_bowls/user16/3-2-2,Skeleton/14_Wipe_bowls/user16/3-2-2,IMU/14_Wipe_bowls/user16/3-2-2,Radar/14_Wipe_bowls/user16/3-2-2,0
14_Wipe_bowls/user16/3-2-3,14_Wipe_bowls,14,user16,3-2-3,Depth_Color/14_Wipe_bowls/user16/3-2-3,IR/14_Wipe_bowls/user16/3-2-3,Thermal/14_Wipe_bowls/user16/3-2-3,Skeleton/14_Wipe_bowls/user16/3-2-3,IMU/14_Wipe_bowls/user16/3-2-3,Radar/14_Wipe_bowls/user16/3-2-3,0
14_Wipe_bowls/user17/3-2-1,14_Wipe_bowls,14,user17,3-2-1,Depth_Color/14_Wipe_bowls/user17/3-2-1,IR/14_Wipe_bowls/user17/3-2-1,Thermal/14_Wipe_bowls/user17/3-2-1,Skeleton/14_Wipe_bowls/user17/3-2-1,IMU/14_Wipe_bowls/user17/3-2-1,Radar/14_Wipe_bowls/user17/3-2-1,2
14_Wipe_bowls/user17/3-2-2,14_Wipe_bowls,14,user17,3-2-2,Depth_Color/14_Wipe_bowls/user17/3-2-2,IR/14_Wipe_bowls/user17/3-2-2,Thermal/14_Wipe_bowls/user17/3-2-2,Skeleton/14_Wipe_bowls/user17/3-2-2,IMU/14_Wipe_bowls/user17/3-2-2,Radar/14_Wipe_bowls/user17/3-2-2,2
14_Wipe_bowls/user17/3-2-3,14_Wipe_bowls,14,user17,3-2-3,Depth_Color/14_Wipe_bowls/user17/3-2-3,IR/14_Wipe_bowls/user17/3-2-3,Thermal/14_Wipe_bowls/user17/3-2-3,Skeleton/14_Wipe_bowls/user17/3-2-3,IMU/14_Wipe_bowls/user17/3-2-3,Radar/14_Wipe_bowls/user17/3-2-3,2
14_Wipe_bowls/user18/3-2-1,14_Wipe_bowls,14,user18,3-2-1,Depth_Color/14_Wipe_bowls/user18/3-2-1,IR/14_Wipe_bowls/user18/3-2-1,Thermal/14_Wipe_bowls/user18/3-2-1,Skeleton/14_Wipe_bowls/user18/3-2-1,IMU/14_Wipe_bowls/user18/3-2-1,Radar/14_Wipe_bowls/user18/3-2-1,1
14_Wipe_bowls/user18/3-2-2,14_Wipe_bowls,14,user18,3-2-2,Depth_Color/14_Wipe_bowls/user18/3-2-2,IR/14_Wipe_bowls/user18/3-2-2,Thermal/14_Wipe_bowls/user18/3-2-2,Skeleton/14_Wipe_bowls/user18/3-2-2,IMU/14_Wipe_bowls/user18/3-2-2,Radar/14_Wipe_bowls/user18/3-2-2,1
14_Wipe_bowls/user18/3-2-3,14_Wipe_bowls,14,user18,3-2-3,Depth_Color/14_Wipe_bowls/user18/3-2-3,IR/14_Wipe_bowls/user18/3-2-3,Thermal/14_Wipe_bowls/user18/3-2-3,Skeleton/14_Wipe_bowls/user18/3-2-3,IMU/14_Wipe_bowls/user18/3-2-3,Radar/14_Wipe_bowls/user18/3-2-3,1
14_Wipe_bowls/user20/3-1-1,14_Wipe_bowls,14,user20,3-1-1,Depth_Color/14_Wipe_bowls/user20/3-1-1,IR/14_Wipe_bowls/user20/3-1-1,Thermal/14_Wipe_bowls/user20/3-1-1,Skeleton/14_Wipe_bowls/user20/3-1-1,IMU/14_Wipe_bowls/user20/3-1-1,Radar/14_Wipe_bowls/user20/3-1-1,0
14_Wipe_bowls/user20/3-1-2,14_Wipe_bowls,14,user20,3-1-2,Depth_Color/14_Wipe_bowls/user20/3-1-2,IR/14_Wipe_bowls/user20/3-1-2,Thermal/14_Wipe_bowls/user20/3-1-2,Skeleton/14_Wipe_bowls/user20/3-1-2,IMU/14_Wipe_bowls/user20/3-1-2,Radar/14_Wipe_bowls/user20/3-1-2,0
14_Wipe_bowls/user20/3-1-3,14_Wipe_bowls,14,user20,3-1-3,Depth_Color/14_Wipe_bowls/user20/3-1-3,IR/14_Wipe_bowls/user20/3-1-3,Thermal/14_Wipe_bowls/user20/3-1-3,Skeleton/14_Wipe_bowls/user20/3-1-3,IMU/14_Wipe_bowls/user20/3-1-3,Radar/14_Wipe_bowls/user20/3-1-3,0
14_Wipe_bowls/user22/2-1-1,14_Wipe_bowls,14,user22,2-1-1,Depth_Color/14_Wipe_bowls/user22/2-1-1,IR/14_Wipe_bowls/user22/2-1-1,Thermal/14_Wipe_bowls/user22/2-1-1,Skeleton/14_Wipe_bowls/user22/2-1-1,IMU/14_Wipe_bowls/user22/2-1-1,Radar/14_Wipe_bowls/user22/2-1-1,1
14_Wipe_bowls/user22/2-1-2,14_Wipe_bowls,14,user22,2-1-2,Depth_Color/14_Wipe_bowls/user22/2-1-2,IR/14_Wipe_bowls/user22/2-1-2,Thermal/14_Wipe_bowls/user22/2-1-2,Skeleton/14_Wipe_bowls/user22/2-1-2,IMU/14_Wipe_bowls/user22/2-1-2,Radar/14_Wipe_bowls/user22/2-1-2,1
14_Wipe_bowls/user22/2-1-3,14_Wipe_bowls,14,user22,2-1-3,Depth_Color/14_Wipe_bowls/user22/2-1-3,IR/14_Wipe_bowls/user22/2-1-3,Thermal/14_Wipe_bowls/user22/2-1-3,Skeleton/14_Wipe_bowls/user22/2-1-3,IMU/14_Wipe_bowls/user22/2-1-3,Radar/14_Wipe_bowls/user22/2-1-3,1
14_Wipe_bowls/user3/3-1-1,14_Wipe_bowls,14,user3,3-1-1,Depth_Color/14_Wipe_bowls/user3/3-1-1,IR/14_Wipe_bowls/user3/3-1-1,Thermal/14_Wipe_bowls/user3/3-1-1,Skeleton/14_Wipe_bowls/user3/3-1-1,IMU/14_Wipe_bowls/user3/3-1-1,Radar/14_Wipe_bowls/user3/3-1-1,2
14_Wipe_bowls/user3/3-1-2,14_Wipe_bowls,14,user3,3-1-2,Depth_Color/14_Wipe_bowls/user3/3-1-2,IR/14_Wipe_bowls/user3/3-1-2,,Skeleton/14_Wipe_bowls/user3/3-1-2,IMU/14_Wipe_bowls/user3/3-1-2,Radar/14_Wipe_bowls/user3/3-1-2,2
14_Wipe_bowls/user3/3-1-3,14_Wipe_bowls,14,user3,3-1-3,Depth_Color/14_Wipe_bowls/user3/3-1-3,IR/14_Wipe_bowls/user3/3-1-3,Thermal/14_Wipe_bowls/user3/3-1-3,Skeleton/14_Wipe_bowls/user3/3-1-3,IMU/14_Wipe_bowls/user3/3-1-3,Radar/14_Wipe_bowls/user3/3-1-3,2
14_Wipe_bowls/user4/4-2-1,14_Wipe_bowls,14,user4,4-2-1,Depth_Color/14_Wipe_bowls/user4/4-2-1,IR/14_Wipe_bowls/user4/4-2-1,Thermal/14_Wipe_bowls/user4/4-2-1,Skeleton/14_Wipe_bowls/user4/4-2-1,IMU/14_Wipe_bowls/user4/4-2-1,Radar/14_Wipe_bowls/user4/4-2-1,1
14_Wipe_bowls/user4/4-2-2,14_Wipe_bowls,14,user4,4-2-2,Depth_Color/14_Wipe_bowls/user4/4-2-2,IR/14_Wipe_bowls/user4/4-2-2,Thermal/14_Wipe_bowls/user4/4-2-2,Skeleton/14_Wipe_bowls/user4/4-2-2,IMU/14_Wipe_bowls/user4/4-2-2,Radar/14_Wipe_bowls/user4/4-2-2,1
14_Wipe_bowls/user4/4-2-3,14_Wipe_bowls,14,user4,4-2-3,Depth_Color/14_Wipe_bowls/user4/4-2-3,IR/14_Wipe_bowls/user4/4-2-3,Thermal/14_Wipe_bowls/user4/4-2-3,Skeleton/14_Wipe_bowls/user4/4-2-3,IMU/14_Wipe_bowls/user4/4-2-3,Radar/14_Wipe_bowls/user4/4-2-3,1
14_Wipe_bowls/user6/3-2-1,14_Wipe_bowls,14,user6,3-2-1,Depth_Color/14_Wipe_bowls/user6/3-2-1,IR/14_Wipe_bowls/user6/3-2-1,Thermal/14_Wipe_bowls/user6/3-2-1,Skeleton/14_Wipe_bowls/user6/3-2-1,IMU/14_Wipe_bowls/user6/3-2-1,Radar/14_Wipe_bowls/user6/3-2-1,1
14_Wipe_bowls/user6/3-2-2,14_Wipe_bowls,14,user6,3-2-2,Depth_Color/14_Wipe_bowls/user6/3-2-2,IR/14_Wipe_bowls/user6/3-2-2,Thermal/14_Wipe_bowls/user6/3-2-2,Skeleton/14_Wipe_bowls/user6/3-2-2,IMU/14_Wipe_bowls/user6/3-2-2,Radar/14_Wipe_bowls/user6/3-2-2,1
14_Wipe_bowls/user6/3-2-3,14_Wipe_bowls,14,user6,3-2-3,Depth_Color/14_Wipe_bowls/user6/3-2-3,IR/14_Wipe_bowls/user6/3-2-3,Thermal/14_Wipe_bowls/user6/3-2-3,Skeleton/14_Wipe_bowls/user6/3-2-3,IMU/14_Wipe_bowls/user6/3-2-3,Radar/14_Wipe_bowls/user6/3-2-3,1
14_Wipe_bowls/user7/3-2-1,14_Wipe_bowls,14,user7,3-2-1,Depth_Color/14_Wipe_bowls/user7/3-2-1,IR/14_Wipe_bowls/user7/3-2-1,Thermal/14_Wipe_bowls/user7/3-2-1,Skeleton/14_Wipe_bowls/user7/3-2-1,IMU/14_Wipe_bowls/user7/3-2-1,Radar/14_Wipe_bowls/user7/3-2-1,0
14_Wipe_bowls/user7/3-2-2,14_Wipe_bowls,14,user7,3-2-2,Depth_Color/14_Wipe_bowls/user7/3-2-2,IR/14_Wipe_bowls/user7/3-2-2,Thermal/14_Wipe_bowls/user7/3-2-2,Skeleton/14_Wipe_bowls/user7/3-2-2,IMU/14_Wipe_bowls/user7/3-2-2,Radar/14_Wipe_bowls/user7/3-2-2,0
14_Wipe_bowls/user7/3-2-3,14_Wipe_bowls,14,user7,3-2-3,Depth_Color/14_Wipe_bowls/user7/3-2-3,IR/14_Wipe_bowls/user7/3-2-3,Thermal/14_Wipe_bowls/user7/3-2-3,Skeleton/14_Wipe_bowls/user7/3-2-3,IMU/14_Wipe_bowls/user7/3-2-3,Radar/14_Wipe_bowls/user7/3-2-3,0
14_Wipe_bowls/user8/3-2-1,14_Wipe_bowls,14,user8,3-2-1,Depth_Color/14_Wipe_bowls/user8/3-2-1,IR/14_Wipe_bowls/user8/3-2-1,Thermal/14_Wipe_bowls/user8/3-2-1,Skeleton/14_Wipe_bowls/user8/3-2-1,IMU/14_Wipe_bowls/user8/3-2-1,Radar/14_Wipe_bowls/user8/3-2-1,2
14_Wipe_bowls/user8/3-2-2,14_Wipe_bowls,14,user8,3-2-2,Depth_Color/14_Wipe_bowls/user8/3-2-2,IR/14_Wipe_bowls/user8/3-2-2,Thermal/14_Wipe_bowls/user8/3-2-2,Skeleton/14_Wipe_bowls/user8/3-2-2,IMU/14_Wipe_bowls/user8/3-2-2,Radar/14_Wipe_bowls/user8/3-2-2,2
14_Wipe_bowls/user8/3-2-3,14_Wipe_bowls,14,user8,3-2-3,Depth_Color/14_Wipe_bowls/user8/3-2-3,IR/14_Wipe_bowls/user8/3-2-3,Thermal/14_Wipe_bowls/user8/3-2-3,Skeleton/14_Wipe_bowls/user8/3-2-3,IMU/14_Wipe_bowls/user8/3-2-3,Radar/14_Wipe_bowls/user8/3-2-3,2
15_Wipe_windows_and_tables/user16/3-3-1,15_Wipe_windows_and_tables,15,user16,3-3-1,Depth_Color/15_Wipe_windows_and_tables/user16/3-3-1,IR/15_Wipe_windows_and_tables/user16/3-3-1,Thermal/15_Wipe_windows_and_tables/user16/3-3-1,Skeleton/15_Wipe_windows_and_tables/user16/3-3-1,IMU/15_Wipe_windows_and_tables/user16/3-3-1,Radar/15_Wipe_windows_and_tables/user16/3-3-1,0
15_Wipe_windows_and_tables/user16/3-3-2,15_Wipe_windows_and_tables,15,user16,3-3-2,Depth_Color/15_Wipe_windows_and_tables/user16/3-3-2,IR/15_Wipe_windows_and_tables/user16/3-3-2,Thermal/15_Wipe_windows_and_tables/user16/3-3-2,Skeleton/15_Wipe_windows_and_tables/user16/3-3-2,IMU/15_Wipe_windows_and_tables/user16/3-3-2,Radar/15_Wipe_windows_and_tables/user16/3-3-2,0
15_Wipe_windows_and_tables/user16/3-3-3,15_Wipe_windows_and_tables,15,user16,3-3-3,Depth_Color/15_Wipe_windows_and_tables/user16/3-3-3,IR/15_Wipe_windows_and_tables/user16/3-3-3,Thermal/15_Wipe_windows_and_tables/user16/3-3-3,Skeleton/15_Wipe_windows_and_tables/user16/3-3-3,IMU/15_Wipe_windows_and_tables/user16/3-3-3,Radar/15_Wipe_windows_and_tables/user16/3-3-3,0
15_Wipe_windows_and_tables/user16/6-2-1,15_Wipe_windows_and_tables,15,user16,6-2-1,Depth_Color/15_Wipe_windows_and_tables/user16/6-2-1,IR/15_Wipe_windows_and_tables/user16/6-2-1,Thermal/15_Wipe_windows_and_tables/user16/6-2-1,Skeleton/15_Wipe_windows_and_tables/user16/6-2-1,IMU/15_Wipe_windows_and_tables/user16/6-2-1,Radar/15_Wipe_windows_and_tables/user16/6-2-1,0
15_Wipe_windows_and_tables/user16/6-2-2,15_Wipe_windows_and_tables,15,user16,6-2-2,Depth_Color/15_Wipe_windows_and_tables/user16/6-2-2,IR/15_Wipe_windows_and_tables/user16/6-2-2,Thermal/15_Wipe_windows_and_tables/user16/6-2-2,Skeleton/15_Wipe_windows_and_tables/user16/6-2-2,IMU/15_Wipe_windows_and_tables/user16/6-2-2,Radar/15_Wipe_windows_and_tables/user16/6-2-2,0
15_Wipe_windows_and_tables/user16/6-2-3,15_Wipe_windows_and_tables,15,user16,6-2-3,Depth_Color/15_Wipe_windows_and_tables/user16/6-2-3,IR/15_Wipe_windows_and_tables/user16/6-2-3,Thermal/15_Wipe_windows_and_tables/user16/6-2-3,Skeleton/15_Wipe_windows_and_tables/user16/6-2-3,IMU/15_Wipe_windows_and_tables/user16/6-2-3,Radar/15_Wipe_windows_and_tables/user16/6-2-3,0
15_Wipe_windows_and_tables/user17/2-2-1,15_Wipe_windows_and_tables,15,user17,2-2-1,Depth_Color/15_Wipe_windows_and_tables/user17/2-2-1,IR/15_Wipe_windows_and_tables/user17/2-2-1,Thermal/15_Wipe_windows_and_tables/user17/2-2-1,Skeleton/15_Wipe_windows_and_tables/user17/2-2-1,IMU/15_Wipe_windows_and_tables/user17/2-2-1,Radar/15_Wipe_windows_and_tables/user17/2-2-1,2
15_Wipe_windows_and_tables/user17/2-2-2,15_Wipe_windows_and_tables,15,user17,2-2-2,Depth_Color/15_Wipe_windows_and_tables/user17/2-2-2,IR/15_Wipe_windows_and_tables/user17/2-2-2,Thermal/15_Wipe_windows_and_tables/user17/2-2-2,Skeleton/15_Wipe_windows_and_tables/user17/2-2-2,IMU/15_Wipe_windows_and_tables/user17/2-2-2,Radar/15_Wipe_windows_and_tables/user17/2-2-2,2
15_Wipe_windows_and_tables/user17/2-2-3,15_Wipe_windows_and_tables,15,user17,2-2-3,Depth_Color/15_Wipe_windows_and_tables/user17/2-2-3,IR/15_Wipe_windows_and_tables/user17/2-2-3,Thermal/15_Wipe_windows_and_tables/user17/2-2-3,Skeleton/15_Wipe_windows_and_tables/user17/2-2-3,IMU/15_Wipe_windows_and_tables/user17/2-2-3,Radar/15_Wipe_windows_and_tables/user17/2-2-3,2
15_Wipe_windows_and_tables/user17/3-3-1,15_Wipe_windows_and_tables,15,user17,3-3-1,Depth_Color/15_Wipe_windows_and_tables/user17/3-3-1,IR/15_Wipe_windows_and_tables/user17/3-3-1,Thermal/15_Wipe_windows_and_tables/user17/3-3-1,Skeleton/15_Wipe_windows_and_tables/user17/3-3-1,,Radar/15_Wipe_windows_and_tables/user17/3-3-1,2
15_Wipe_windows_and_tables/user17/3-3-2,15_Wipe_windows_and_tables,15,user17,3-3-2,Depth_Color/15_Wipe_windows_and_tables/user17/3-3-2,IR/15_Wipe_windows_and_tables/user17/3-3-2,Thermal/15_Wipe_windows_and_tables/user17/3-3-2,Skeleton/15_Wipe_windows_and_tables/user17/3-3-2,,Radar/15_Wipe_windows_and_tables/user17/3-3-2,2
15_Wipe_windows_and_tables/user17/3-3-3,15_Wipe_windows_and_tables,15,user17,3-3-3,Depth_Color/15_Wipe_windows_and_tables/user17/3-3-3,IR/15_Wipe_windows_and_tables/user17/3-3-3,Thermal/15_Wipe_windows_and_tables/user17/3-3-3,Skeleton/15_Wipe_windows_and_tables/user17/3-3-3,,Radar/15_Wipe_windows_and_tables/user17/3-3-3,2
15_Wipe_windows_and_tables/user18/2-2-1,15_Wipe_windows_and_tables,15,user18,2-2-1,Depth_Color/15_Wipe_windows_and_tables/user18/2-2-1,IR/15_Wipe_windows_and_tables/user18/2-2-1,Thermal/15_Wipe_windows_and_tables/user18/2-2-1,Skeleton/15_Wipe_windows_and_tables/user18/2-2-1,IMU/15_Wipe_windows_and_tables/user18/2-2-1,Radar/15_Wipe_windows_and_tables/user18/2-2-1,1
15_Wipe_windows_and_tables/user18/2-2-2,15_Wipe_windows_and_tables,15,user18,2-2-2,Depth_Color/15_Wipe_windows_and_tables/user18/2-2-2,IR/15_Wipe_windows_and_tables/user18/2-2-2,Thermal/15_Wipe_windows_and_tables/user18/2-2-2,Skeleton/15_Wipe_windows_and_tables/user18/2-2-2,IMU/15_Wipe_windows_and_tables/user18/2-2-2,Radar/15_Wipe_windows_and_tables/user18/2-2-2,1
15_Wipe_windows_and_tables/user18/2-2-3,15_Wipe_windows_and_tables,15,user18,2-2-3,Depth_Color/15_Wipe_windows_and_tables/user18/2-2-3,IR/15_Wipe_windows_and_tables/user18/2-2-3,Thermal/15_Wipe_windows_and_tables/user18/2-2-3,Skeleton/15_Wipe_windows_and_tables/user18/2-2-3,IMU/15_Wipe_windows_and_tables/user18/2-2-3,Radar/15_Wipe_windows_and_tables/user18/2-2-3,1
15_Wipe_windows_and_tables/user18/3-3-1,15_Wipe_windows_and_tables,15,user18,3-3-1,Depth_Color/15_Wipe_windows_and_tables/user18/3-3-1,IR/15_Wipe_windows_and_tables/user18/3-3-1,Thermal/15_Wipe_windows_and_tables/user18/3-3-1,Skeleton/15_Wipe_windows_and_tables/user18/3-3-1,IMU/15_Wipe_windows_and_tables/user18/3-3-1,Radar/15_Wipe_windows_and_tables/user18/3-3-1,1
15_Wipe_windows_and_tables/user18/3-3-2,15_Wipe_windows_and_tables,15,user18,3-3-2,Depth_Color/15_Wipe_windows_and_tables/user18/3-3-2,IR/15_Wipe_windows_and_tables/user18/3-3-2,Thermal/15_Wipe_windows_and_tables/user18/3-3-2,Skeleton/15_Wipe_windows_and_tables/user18/3-3-2,IMU/15_Wipe_windows_and_tables/user18/3-3-2,Radar/15_Wipe_windows_and_tables/user18/3-3-2,1
15_Wipe_windows_and_tables/user18/3-3-3,15_Wipe_windows_and_tables,15,user18,3-3-3,Depth_Color/15_Wipe_windows_and_tables/user18/3-3-3,IR/15_Wipe_windows_and_tables/user18/3-3-3,Thermal/15_Wipe_windows_and_tables/user18/3-3-3,Skeleton/15_Wipe_windows_and_tables/user18/3-3-3,IMU/15_Wipe_windows_and_tables/user18/3-3-3,Radar/15_Wipe_windows_and_tables/user18/3-3-3,1
15_Wipe_windows_and_tables/user19/7-2-1,15_Wipe_windows_and_tables,15,user19,7-2-1,Depth_Color/15_Wipe_windows_and_tables/user19/7-2-1,IR/15_Wipe_windows_and_tables/user19/7-2-1,Thermal/15_Wipe_windows_and_tables/user19/7-2-1,Skeleton/15_Wipe_windows_and_tables/user19/7-2-1,IMU/15_Wipe_windows_and_tables/user19/7-2-1,Radar/15_Wipe_windows_and_tables/user19/7-2-1,2
15_Wipe_windows_and_tables/user19/7-2-2,15_Wipe_windows_and_tables,15,user19,7-2-2,Depth_Color/15_Wipe_windows_and_tables/user19/7-2-2,IR/15_Wipe_windows_and_tables/user19/7-2-2,Thermal/15_Wipe_windows_and_tables/user19/7-2-2,Skeleton/15_Wipe_windows_and_tables/user19/7-2-2,IMU/15_Wipe_windows_and_tables/user19/7-2-2,Radar/15_Wipe_windows_and_tables/user19/7-2-2,2
15_Wipe_windows_and_tables/user19/7-2-3,15_Wipe_windows_and_tables,15,user19,7-2-3,Depth_Color/15_Wipe_windows_and_tables/user19/7-2-3,IR/15_Wipe_windows_and_tables/user19/7-2-3,Thermal/15_Wipe_windows_and_tables/user19/7-2-3,Skeleton/15_Wipe_windows_and_tables/user19/7-2-3,IMU/15_Wipe_windows_and_tables/user19/7-2-3,Radar/15_Wipe_windows_and_tables/user19/7-2-3,2
15_Wipe_windows_and_tables/user20/3-2-1,15_Wipe_windows_and_tables,15,user20,3-2-1,Depth_Color/15_Wipe_windows_and_tables/user20/3-2-1,IR/15_Wipe_windows_and_tables/user20/3-2-1,Thermal/15_Wipe_windows_and_tables/user20/3-2-1,Skeleton/15_Wipe_windows_and_tables/user20/3-2-1,IMU/15_Wipe_windows_and_tables/user20/3-2-1,Radar/15_Wipe_windows_and_tables/user20/3-2-1,0
15_Wipe_windows_and_tables/user20/3-2-2,15_Wipe_windows_and_tables,15,user20,3-2-2,Depth_Color/15_Wipe_windows_and_tables/user20/3-2-2,IR/15_Wipe_windows_and_tables/user20/3-2-2,Thermal/15_Wipe_windows_and_tables/user20/3-2-2,Skeleton/15_Wipe_windows_and_tables/user20/3-2-2,IMU/15_Wipe_windows_and_tables/user20/3-2-2,Radar/15_Wipe_windows_and_tables/user20/3-2-2,0
15_Wipe_windows_and_tables/user20/3-2-3,15_Wipe_windows_and_tables,15,user20,3-2-3,Depth_Color/15_Wipe_windows_and_tables/user20/3-2-3,IR/15_Wipe_windows_and_tables/user20/3-2-3,Thermal/15_Wipe_windows_and_tables/user20/3-2-3,Skeleton/15_Wipe_windows_and_tables/user20/3-2-3,IMU/15_Wipe_windows_and_tables/user20/3-2-3,Radar/15_Wipe_windows_and_tables/user20/3-2-3,0
15_Wipe_windows_and_tables/user22/2-1-1,15_Wipe_windows_and_tables,15,user22,2-1-1,Depth_Color/15_Wipe_windows_and_tables/user22/2-1-1,IR/15_Wipe_windows_and_tables/user22/2-1-1,Thermal/15_Wipe_windows_and_tables/user22/2-1-1,Skeleton/15_Wipe_windows_and_tables/user22/2-1-1,IMU/15_Wipe_windows_and_tables/user22/2-1-1,Radar/15_Wipe_windows_and_tables/user22/2-1-1,1
15_Wipe_windows_and_tables/user22/2-1-2,15_Wipe_windows_and_tables,15,user22,2-1-2,Depth_Color/15_Wipe_windows_and_tables/user22/2-1-2,IR/15_Wipe_windows_and_tables/user22/2-1-2,Thermal/15_Wipe_windows_and_tables/user22/2-1-2,Skeleton/15_Wipe_windows_and_tables/user22/2-1-2,IMU/15_Wipe_windows_and_tables/user22/2-1-2,Radar/15_Wipe_windows_and_tables/user22/2-1-2,1
15_Wipe_windows_and_tables/user22/2-1-3,15_Wipe_windows_and_tables,15,user22,2-1-3,Depth_Color/15_Wipe_windows_and_tables/user22/2-1-3,IR/15_Wipe_windows_and_tables/user22/2-1-3,Thermal/15_Wipe_windows_and_tables/user22/2-1-3,Skeleton/15_Wipe_windows_and_tables/user22/2-1-3,IMU/15_Wipe_windows_and_tables/user22/2-1-3,Radar/15_Wipe_windows_and_tables/user22/2-1-3,1
15_Wipe_windows_and_tables/user23/3-1-1,15_Wipe_windows_and_tables,15,user23,3-1-1,Depth_Color/15_Wipe_windows_and_tables/user23/3-1-1,IR/15_Wipe_windows_and_tables/user23/3-1-1,Thermal/15_Wipe_windows_and_tables/user23/3-1-1,Skeleton/15_Wipe_windows_and_tables/user23/3-1-1,IMU/15_Wipe_windows_and_tables/user23/3-1-1,Radar/15_Wipe_windows_and_tables/user23/3-1-1,0
15_Wipe_windows_and_tables/user23/3-1-2,15_Wipe_windows_and_tables,15,user23,3-1-2,Depth_Color/15_Wipe_windows_and_tables/user23/3-1-2,IR/15_Wipe_windows_and_tables/user23/3-1-2,Thermal/15_Wipe_windows_and_tables/user23/3-1-2,Skeleton/15_Wipe_windows_and_tables/user23/3-1-2,IMU/15_Wipe_windows_and_tables/user23/3-1-2,Radar/15_Wipe_windows_and_tables/user23/3-1-2,0
15_Wipe_windows_and_tables/user23/3-1-3,15_Wipe_windows_and_tables,15,user23,3-1-3,Depth_Color/15_Wipe_windows_and_tables/user23/3-1-3,IR/15_Wipe_windows_and_tables/user23/3-1-3,Thermal/15_Wipe_windows_and_tables/user23/3-1-3,Skeleton/15_Wipe_windows_and_tables/user23/3-1-3,IMU/15_Wipe_windows_and_tables/user23/3-1-3,Radar/15_Wipe_windows_and_tables/user23/3-1-3,0
15_Wipe_windows_and_tables/user5/5-1-1,15_Wipe_windows_and_tables,15,user5,5-1-1,Depth_Color/15_Wipe_windows_and_tables/user5/5-1-1,IR/15_Wipe_windows_and_tables/user5/5-1-1,Thermal/15_Wipe_windows_and_tables/user5/5-1-1,Skeleton/15_Wipe_windows_and_tables/user5/5-1-1,IMU/15_Wipe_windows_and_tables/user5/5-1-1,Radar/15_Wipe_windows_and_tables/user5/5-1-1,2
15_Wipe_windows_and_tables/user5/5-1-2,15_Wipe_windows_and_tables,15,user5,5-1-2,Depth_Color/15_Wipe_windows_and_tables/user5/5-1-2,IR/15_Wipe_windows_and_tables/user5/5-1-2,Thermal/15_Wipe_windows_and_tables/user5/5-1-2,Skeleton/15_Wipe_windows_and_tables/user5/5-1-2,IMU/15_Wipe_windows_and_tables/user5/5-1-2,Radar/15_Wipe_windows_and_tables/user5/5-1-2,2
15_Wipe_windows_and_tables/user5/5-1-3,15_Wipe_windows_and_tables,15,user5,5-1-3,Depth_Color/15_Wipe_windows_and_tables/user5/5-1-3,IR/15_Wipe_windows_and_tables/user5/5-1-3,Thermal/15_Wipe_windows_and_tables/user5/5-1-3,Skeleton/15_Wipe_windows_and_tables/user5/5-1-3,IMU/15_Wipe_windows_and_tables/user5/5-1-3,Radar/15_Wipe_windows_and_tables/user5/5-1-3,2
15_Wipe_windows_and_tables/user6/3-2-3,15_Wipe_windows_and_tables,15,user6,3-2-3,,,Thermal/15_Wipe_windows_and_tables/user6/3-2-3,,,,1
15_Wipe_windows_and_tables/user6/3-3-1,15_Wipe_windows_and_tables,15,user6,3-3-1,Depth_Color/15_Wipe_windows_and_tables/user6/3-3-1,IR/15_Wipe_windows_and_tables/user6/3-3-1,Thermal/15_Wipe_windows_and_tables/user6/3-3-1,Skeleton/15_Wipe_windows_and_tables/user6/3-3-1,IMU/15_Wipe_windows_and_tables/user6/3-3-1,Radar/15_Wipe_windows_and_tables/user6/3-3-1,1
15_Wipe_windows_and_tables/user6/3-3-2,15_Wipe_windows_and_tables,15,user6,3-3-2,,,Thermal/15_Wipe_windows_and_tables/user6/3-3-2,,,,1
15_Wipe_windows_and_tables/user6/3-3-3,15_Wipe_windows_and_tables,15,user6,3-3-3,Depth_Color/15_Wipe_windows_and_tables/user6/3-3-3,IR/15_Wipe_windows_and_tables/user6/3-3-3,,Skeleton/15_Wipe_windows_and_tables/user6/3-3-3,IMU/15_Wipe_windows_and_tables/user6/3-3-3,Radar/15_Wipe_windows_and_tables/user6/3-3-3,1
15_Wipe_windows_and_tables/user6/6-2-1,15_Wipe_windows_and_tables,15,user6,6-2-1,Depth_Color/15_Wipe_windows_and_tables/user6/6-2-1,IR/15_Wipe_windows_and_tables/user6/6-2-1,Thermal/15_Wipe_windows_and_tables/user6/6-2-1,Skeleton/15_Wipe_windows_and_tables/user6/6-2-1,IMU/15_Wipe_windows_and_tables/user6/6-2-1,Radar/15_Wipe_windows_and_tables/user6/6-2-1,1
15_Wipe_windows_and_tables/user6/6-2-2,15_Wipe_windows_and_tables,15,user6,6-2-2,Depth_Color/15_Wipe_windows_and_tables/user6/6-2-2,IR/15_Wipe_windows_and_tables/user6/6-2-2,Thermal/15_Wipe_windows_and_tables/user6/6-2-2,Skeleton/15_Wipe_windows_and_tables/user6/6-2-2,IMU/15_Wipe_windows_and_tables/user6/6-2-2,Radar/15_Wipe_windows_and_tables/user6/6-2-2,1
15_Wipe_windows_and_tables/user6/6-2-3,15_Wipe_windows_and_tables,15,user6,6-2-3,Depth_Color/15_Wipe_windows_and_tables/user6/6-2-3,IR/15_Wipe_windows_and_tables/user6/6-2-3,Thermal/15_Wipe_windows_and_tables/user6/6-2-3,Skeleton/15_Wipe_windows_and_tables/user6/6-2-3,IMU/15_Wipe_windows_and_tables/user6/6-2-3,Radar/15_Wipe_windows_and_tables/user6/6-2-3,1
15_Wipe_windows_and_tables/user7/2-2-1,15_Wipe_windows_and_tables,15,user7,2-2-1,Depth_Color/15_Wipe_windows_and_tables/user7/2-2-1,IR/15_Wipe_windows_and_tables/user7/2-2-1,Thermal/15_Wipe_windows_and_tables/user7/2-2-1,Skeleton/15_Wipe_windows_and_tables/user7/2-2-1,IMU/15_Wipe_windows_and_tables/user7/2-2-1,Radar/15_Wipe_windows_and_tables/user7/2-2-1,0
15_Wipe_windows_and_tables/user7/2-2-2,15_Wipe_windows_and_tables,15,user7,2-2-2,Depth_Color/15_Wipe_windows_and_tables/user7/2-2-2,IR/15_Wipe_windows_and_tables/user7/2-2-2,Thermal/15_Wipe_windows_and_tables/user7/2-2-2,Skeleton/15_Wipe_windows_and_tables/user7/2-2-2,IMU/15_Wipe_windows_and_tables/user7/2-2-2,Radar/15_Wipe_windows_and_tables/user7/2-2-2,0
15_Wipe_windows_and_tables/user7/2-2-3,15_Wipe_windows_and_tables,15,user7,2-2-3,Depth_Color/15_Wipe_windows_and_tables/user7/2-2-3,IR/15_Wipe_windows_and_tables/user7/2-2-3,Thermal/15_Wipe_windows_and_tables/user7/2-2-3,Skeleton/15_Wipe_windows_and_tables/user7/2-2-3,IMU/15_Wipe_windows_and_tables/user7/2-2-3,Radar/15_Wipe_windows_and_tables/user7/2-2-3,0
15_Wipe_windows_and_tables/user7/3-3-1,15_Wipe_windows_and_tables,15,user7,3-3-1,Depth_Color/15_Wipe_windows_and_tables/user7/3-3-1,IR/15_Wipe_windows_and_tables/user7/3-3-1,Thermal/15_Wipe_windows_and_tables/user7/3-3-1,Skeleton/15_Wipe_windows_and_tables/user7/3-3-1,IMU/15_Wipe_windows_and_tables/user7/3-3-1,Radar/15_Wipe_windows_and_tables/user7/3-3-1,0
15_Wipe_windows_and_tables/user7/3-3-3,15_Wipe_windows_and_tables,15,user7,3-3-3,Depth_Color/15_Wipe_windows_and_tables/user7/3-3-3,IR/15_Wipe_windows_and_tables/user7/3-3-3,Thermal/15_Wipe_windows_and_tables/user7/3-3-3,Skeleton/15_Wipe_windows_and_tables/user7/3-3-3,IMU/15_Wipe_windows_and_tables/user7/3-3-3,Radar/15_Wipe_windows_and_tables/user7/3-3-3,0
15_Wipe_windows_and_tables/user8/2-2-1,15_Wipe_windows_and_tables,15,user8,2-2-1,Depth_Color/15_Wipe_windows_and_tables/user8/2-2-1,IR/15_Wipe_windows_and_tables/user8/2-2-1,Thermal/15_Wipe_windows_and_tables/user8/2-2-1,Skeleton/15_Wipe_windows_and_tables/user8/2-2-1,IMU/15_Wipe_windows_and_tables/user8/2-2-1,Radar/15_Wipe_windows_and_tables/user8/2-2-1,2
15_Wipe_windows_and_tables/user8/2-2-2,15_Wipe_windows_and_tables,15,user8,2-2-2,Depth_Color/15_Wipe_windows_and_tables/user8/2-2-2,IR/15_Wipe_windows_and_tables/user8/2-2-2,Thermal/15_Wipe_windows_and_tables/user8/2-2-2,Skeleton/15_Wipe_windows_and_tables/user8/2-2-2,IMU/15_Wipe_windows_and_tables/user8/2-2-2,Radar/15_Wipe_windows_and_tables/user8/2-2-2,2
15_Wipe_windows_and_tables/user8/2-2-3,15_Wipe_windows_and_tables,15,user8,2-2-3,Depth_Color/15_Wipe_windows_and_tables/user8/2-2-3,IR/15_Wipe_windows_and_tables/user8/2-2-3,Thermal/15_Wipe_windows_and_tables/user8/2-2-3,Skeleton/15_Wipe_windows_and_tables/user8/2-2-3,IMU/15_Wipe_windows_and_tables/user8/2-2-3,Radar/15_Wipe_windows_and_tables/user8/2-2-3,2
15_Wipe_windows_and_tables/user8/3-3-1,15_Wipe_windows_and_tables,15,user8,3-3-1,Depth_Color/15_Wipe_windows_and_tables/user8/3-3-1,IR/15_Wipe_windows_and_tables/user8/3-3-1,Thermal/15_Wipe_windows_and_tables/user8/3-3-1,Skeleton/15_Wipe_windows_and_tables/user8/3-3-1,IMU/15_Wipe_windows_and_tables/user8/3-3-1,Radar/15_Wipe_windows_and_tables/user8/3-3-1,2
15_Wipe_windows_and_tables/user8/3-3-2,15_Wipe_windows_and_tables,15,user8,3-3-2,Depth_Color/15_Wipe_windows_and_tables/user8/3-3-2,IR/15_Wipe_windows_and_tables/user8/3-3-2,Thermal/15_Wipe_windows_and_tables/user8/3-3-2,Skeleton/15_Wipe_windows_and_tables/user8/3-3-2,IMU/15_Wipe_windows_and_tables/user8/3-3-2,Radar/15_Wipe_windows_and_tables/user8/3-3-2,2
15_Wipe_windows_and_tables/user8/3-3-3,15_Wipe_windows_and_tables,15,user8,3-3-3,Depth_Color/15_Wipe_windows_and_tables/user8/3-3-3,IR/15_Wipe_windows_and_tables/user8/3-3-3,Thermal/15_Wipe_windows_and_tables/user8/3-3-3,Skeleton/15_Wipe_windows_and_tables/user8/3-3-3,IMU/15_Wipe_windows_and_tables/user8/3-3-3,,2
15_Wipe_windows_and_tables/user9/7-2-1,15_Wipe_windows_and_tables,15,user9,7-2-1,Depth_Color/15_Wipe_windows_and_tables/user9/7-2-1,IR/15_Wipe_windows_and_tables/user9/7-2-1,Thermal/15_Wipe_windows_and_tables/user9/7-2-1,Skeleton/15_Wipe_windows_and_tables/user9/7-2-1,IMU/15_Wipe_windows_and_tables/user9/7-2-1,Radar/15_Wipe_windows_and_tables/user9/7-2-1,1
15_Wipe_windows_and_tables/user9/7-2-2,15_Wipe_windows_and_tables,15,user9,7-2-2,Depth_Color/15_Wipe_windows_and_tables/user9/7-2-2,IR/15_Wipe_windows_and_tables/user9/7-2-2,Thermal/15_Wipe_windows_and_tables/user9/7-2-2,Skeleton/15_Wipe_windows_and_tables/user9/7-2-2,IMU/15_Wipe_windows_and_tables/user9/7-2-2,Radar/15_Wipe_windows_and_tables/user9/7-2-2,1
15_Wipe_windows_and_tables/user9/7-2-3,15_Wipe_windows_and_tables,15,user9,7-2-3,Depth_Color/15_Wipe_windows_and_tables/user9/7-2-3,IR/15_Wipe_windows_and_tables/user9/7-2-3,Thermal/15_Wipe_windows_and_tables/user9/7-2-3,Skeleton/15_Wipe_windows_and_tables/user9/7-2-3,IMU/15_Wipe_windows_and_tables/user9/7-2-3,Radar/15_Wipe_windows_and_tables/user9/7-2-3,1
16_Fold_clothes/user17/6-1-1,16_Fold_clothes,16,user17,6-1-1,Depth_Color/16_Fold_clothes/user17/6-1-1,IR/16_Fold_clothes/user17/6-1-1,Thermal/16_Fold_clothes/user17/6-1-1,Skeleton/16_Fold_clothes/user17/6-1-1,IMU/16_Fold_clothes/user17/6-1-1,Radar/16_Fold_clothes/user17/6-1-1,2
16_Fold_clothes/user17/6-1-2,16_Fold_clothes,16,user17,6-1-2,Depth_Color/16_Fold_clothes/user17/6-1-2,IR/16_Fold_clothes/user17/6-1-2,Thermal/16_Fold_clothes/user17/6-1-2,Skeleton/16_Fold_clothes/user17/6-1-2,IMU/16_Fold_clothes/user17/6-1-2,Radar/16_Fold_clothes/user17/6-1-2,2
16_Fold_clothes/user17/6-1-3,16_Fold_clothes,16,user17,6-1-3,Depth_Color/16_Fold_clothes/user17/6-1-3,IR/16_Fold_clothes/user17/6-1-3,Thermal/16_Fold_clothes/user17/6-1-3,Skeleton/16_Fold_clothes/user17/6-1-3,IMU/16_Fold_clothes/user17/6-1-3,Radar/16_Fold_clothes/user17/6-1-3,2
16_Fold_clothes/user18/2-1-1,16_Fold_clothes,16,user18,2-1-1,Depth_Color/16_Fold_clothes/user18/2-1-1,IR/16_Fold_clothes/user18/2-1-1,Thermal/16_Fold_clothes/user18/2-1-1,Skeleton/16_Fold_clothes/user18/2-1-1,IMU/16_Fold_clothes/user18/2-1-1,Radar/16_Fold_clothes/user18/2-1-1,1
16_Fold_clothes/user18/2-1-2,16_Fold_clothes,16,user18,2-1-2,Depth_Color/16_Fold_clothes/user18/2-1-2,IR/16_Fold_clothes/user18/2-1-2,Thermal/16_Fold_clothes/user18/2-1-2,Skeleton/16_Fold_clothes/user18/2-1-2,IMU/16_Fold_clothes/user18/2-1-2,Radar/16_Fold_clothes/user18/2-1-2,1
16_Fold_clothes/user18/2-1-3,16_Fold_clothes,16,user18,2-1-3,Depth_Color/16_Fold_clothes/user18/2-1-3,IR/16_Fold_clothes/user18/2-1-3,Thermal/16_Fold_clothes/user18/2-1-3,Skeleton/16_Fold_clothes/user18/2-1-3,IMU/16_Fold_clothes/user18/2-1-3,Radar/16_Fold_clothes/user18/2-1-3,1
16_Fold_clothes/user2/1-1-1,16_Fold_clothes,16,user2,1-1-1,Depth_Color/16_Fold_clothes/user2/1-1-1,IR/16_Fold_clothes/user2/1-1-1,Thermal/16_Fold_clothes/user2/1-1-1,Skeleton/16_Fold_clothes/user2/1-1-1,IMU/16_Fold_clothes/user2/1-1-1,,0
16_Fold_clothes/user2/1-1-2,16_Fold_clothes,16,user2,1-1-2,Depth_Color/16_Fold_clothes/user2/1-1-2,IR/16_Fold_clothes/user2/1-1-2,Thermal/16_Fold_clothes/user2/1-1-2,Skeleton/16_Fold_clothes/user2/1-1-2,IMU/16_Fold_clothes/user2/1-1-2,,0
16_Fold_clothes/user2/1-1-3,16_Fold_clothes,16,user2,1-1-3,Depth_Color/16_Fold_clothes/user2/1-1-3,IR/16_Fold_clothes/user2/1-1-3,Thermal/16_Fold_clothes/user2/1-1-3,Skeleton/16_Fold_clothes/user2/1-1-3,IMU/16_Fold_clothes/user2/1-1-3,,0
16_Fold_clothes/user22/3-2-1,16_Fold_clothes,16,user22,3-2-1,Depth_Color/16_Fold_clothes/user22/3-2-1,IR/16_Fold_clothes/user22/3-2-1,Thermal/16_Fold_clothes/user22/3-2-1,Skeleton/16_Fold_clothes/user22/3-2-1,IMU/16_Fold_clothes/user22/3-2-1,Radar/16_Fold_clothes/user22/3-2-1,1
16_Fold_clothes/user22/3-2-2,16_Fold_clothes,16,user22,3-2-2,Depth_Color/16_Fold_clothes/user22/3-2-2,IR/16_Fold_clothes/user22/3-2-2,Thermal/16_Fold_clothes/user22/3-2-2,Skeleton/16_Fold_clothes/user22/3-2-2,IMU/16_Fold_clothes/user22/3-2-2,Radar/16_Fold_clothes/user22/3-2-2,1
16_Fold_clothes/user22/3-2-3,16_Fold_clothes,16,user22,3-2-3,Depth_Color/16_Fold_clothes/user22/3-2-3,IR/16_Fold_clothes/user22/3-2-3,Thermal/16_Fold_clothes/user22/3-2-3,Skeleton/16_Fold_clothes/user22/3-2-3,IMU/16_Fold_clothes/user22/3-2-3,Radar/16_Fold_clothes/user22/3-2-3,1
16_Fold_clothes/user23/4-3-1,16_Fold_clothes,16,user23,4-3-1,Depth_Color/16_Fold_clothes/user23/4-3-1,IR/16_Fold_clothes/user23/4-3-1,Thermal/16_Fold_clothes/user23/4-3-1,Skeleton/16_Fold_clothes/user23/4-3-1,IMU/16_Fold_clothes/user23/4-3-1,Radar/16_Fold_clothes/user23/4-3-1,0
16_Fold_clothes/user23/4-3-2,16_Fold_clothes,16,user23,4-3-2,Depth_Color/16_Fold_clothes/user23/4-3-2,IR/16_Fold_clothes/user23/4-3-2,Thermal/16_Fold_clothes/user23/4-3-2,Skeleton/16_Fold_clothes/user23/4-3-2,IMU/16_Fold_clothes/user23/4-3-2,Radar/16_Fold_clothes/user23/4-3-2,0
16_Fold_clothes/user23/4-3-3,16_Fold_clothes,16,user23,4-3-3,Depth_Color/16_Fold_clothes/user23/4-3-3,IR/16_Fold_clothes/user23/4-3-3,Thermal/16_Fold_clothes/user23/4-3-3,Skeleton/16_Fold_clothes/user23/4-3-3,IMU/16_Fold_clothes/user23/4-3-3,Radar/16_Fold_clothes/user23/4-3-3,0
16_Fold_clothes/user24/4-1-1,16_Fold_clothes,16,user24,4-1-1,Depth_Color/16_Fold_clothes/user24/4-1-1,IR/16_Fold_clothes/user24/4-1-1,Thermal/16_Fold_clothes/user24/4-1-1,Skeleton/16_Fold_clothes/user24/4-1-1,IMU/16_Fold_clothes/user24/4-1-1,Radar/16_Fold_clothes/user24/4-1-1,2
16_Fold_clothes/user24/4-1-2,16_Fold_clothes,16,user24,4-1-2,Depth_Color/16_Fold_clothes/user24/4-1-2,IR/16_Fold_clothes/user24/4-1-2,Thermal/16_Fold_clothes/user24/4-1-2,Skeleton/16_Fold_clothes/user24/4-1-2,IMU/16_Fold_clothes/user24/4-1-2,Radar/16_Fold_clothes/user24/4-1-2,2
16_Fold_clothes/user24/4-1-3,16_Fold_clothes,16,user24,4-1-3,Depth_Color/16_Fold_clothes/user24/4-1-3,IR/16_Fold_clothes/user24/4-1-3,Thermal/16_Fold_clothes/user24/4-1-3,Skeleton/16_Fold_clothes/user24/4-1-3,IMU/16_Fold_clothes/user24/4-1-3,Radar/16_Fold_clothes/user24/4-1-3,2
16_Fold_clothes/user7/6-1-1,16_Fold_clothes,16,user7,6-1-1,Depth_Color/16_Fold_clothes/user7/6-1-1,IR/16_Fold_clothes/user7/6-1-1,Thermal/16_Fold_clothes/user7/6-1-1,Skeleton/16_Fold_clothes/user7/6-1-1,IMU/16_Fold_clothes/user7/6-1-1,Radar/16_Fold_clothes/user7/6-1-1,0
16_Fold_clothes/user7/6-1-2,16_Fold_clothes,16,user7,6-1-2,Depth_Color/16_Fold_clothes/user7/6-1-2,IR/16_Fold_clothes/user7/6-1-2,Thermal/16_Fold_clothes/user7/6-1-2,Skeleton/16_Fold_clothes/user7/6-1-2,IMU/16_Fold_clothes/user7/6-1-2,Radar/16_Fold_clothes/user7/6-1-2,0
16_Fold_clothes/user7/6-1-3,16_Fold_clothes,16,user7,6-1-3,Depth_Color/16_Fold_clothes/user7/6-1-3,IR/16_Fold_clothes/user7/6-1-3,Thermal/16_Fold_clothes/user7/6-1-3,Skeleton/16_Fold_clothes/user7/6-1-3,IMU/16_Fold_clothes/user7/6-1-3,Radar/16_Fold_clothes/user7/6-1-3,0
16_Fold_clothes/user8/2-1-1,16_Fold_clothes,16,user8,2-1-1,Depth_Color/16_Fold_clothes/user8/2-1-1,IR/16_Fold_clothes/user8/2-1-1,Thermal/16_Fold_clothes/user8/2-1-1,Skeleton/16_Fold_clothes/user8/2-1-1,IMU/16_Fold_clothes/user8/2-1-1,Radar/16_Fold_clothes/user8/2-1-1,2
16_Fold_clothes/user8/2-1-2,16_Fold_clothes,16,user8,2-1-2,Depth_Color/16_Fold_clothes/user8/2-1-2,IR/16_Fold_clothes/user8/2-1-2,Thermal/16_Fold_clothes/user8/2-1-2,Skeleton/16_Fold_clothes/user8/2-1-2,IMU/16_Fold_clothes/user8/2-1-2,Radar/16_Fold_clothes/user8/2-1-2,2
16_Fold_clothes/user8/2-1-3,16_Fold_clothes,16,user8,2-1-3,Depth_Color/16_Fold_clothes/user8/2-1-3,IR/16_Fold_clothes/user8/2-1-3,Thermal/16_Fold_clothes/user8/2-1-3,Skeleton/16_Fold_clothes/user8/2-1-3,IMU/16_Fold_clothes/user8/2-1-3,Radar/16_Fold_clothes/user8/2-1-3,2
17_Tap_the_keyboard/user1/2-2-1,17_Tap_the_keyboard,17,user1,2-2-1,Depth_Color/17_Tap_the_keyboard/user1/2-2-1,IR/17_Tap_the_keyboard/user1/2-2-1,Thermal/17_Tap_the_keyboard/user1/2-2-1,Skeleton/17_Tap_the_keyboard/user1/2-2-1,IMU/17_Tap_the_keyboard/user1/2-2-1,Radar/17_Tap_the_keyboard/user1/2-2-1,1
17_Tap_the_keyboard/user1/2-2-2,17_Tap_the_keyboard,17,user1,2-2-2,Depth_Color/17_Tap_the_keyboard/user1/2-2-2,IR/17_Tap_the_keyboard/user1/2-2-2,Thermal/17_Tap_the_keyboard/user1/2-2-2,Skeleton/17_Tap_the_keyboard/user1/2-2-2,IMU/17_Tap_the_keyboard/user1/2-2-2,Radar/17_Tap_the_keyboard/user1/2-2-2,1
17_Tap_the_keyboard/user1/2-2-3,17_Tap_the_keyboard,17,user1,2-2-3,Depth_Color/17_Tap_the_keyboard/user1/2-2-3,IR/17_Tap_the_keyboard/user1/2-2-3,Thermal/17_Tap_the_keyboard/user1/2-2-3,Skeleton/17_Tap_the_keyboard/user1/2-2-3,IMU/17_Tap_the_keyboard/user1/2-2-3,Radar/17_Tap_the_keyboard/user1/2-2-3,1
17_Tap_the_keyboard/user1/3-2-1,17_Tap_the_keyboard,17,user1,3-2-1,Depth_Color/17_Tap_the_keyboard/user1/3-2-1,IR/17_Tap_the_keyboard/user1/3-2-1,Thermal/17_Tap_the_keyboard/user1/3-2-1,Skeleton/17_Tap_the_keyboard/user1/3-2-1,IMU/17_Tap_the_keyboard/user1/3-2-1,Radar/17_Tap_the_keyboard/user1/3-2-1,1
17_Tap_the_keyboard/user1/3-2-2,17_Tap_the_keyboard,17,user1,3-2-2,Depth_Color/17_Tap_the_keyboard/user1/3-2-2,IR/17_Tap_the_keyboard/user1/3-2-2,Thermal/17_Tap_the_keyboard/user1/3-2-2,Skeleton/17_Tap_the_keyboard/user1/3-2-2,IMU/17_Tap_the_keyboard/user1/3-2-2,Radar/17_Tap_the_keyboard/user1/3-2-2,1
17_Tap_the_keyboard/user1/3-2-3,17_Tap_the_keyboard,17,user1,3-2-3,Depth_Color/17_Tap_the_keyboard/user1/3-2-3,IR/17_Tap_the_keyboard/user1/3-2-3,Thermal/17_Tap_the_keyboard/user1/3-2-3,Skeleton/17_Tap_the_keyboard/user1/3-2-3,IMU/17_Tap_the_keyboard/user1/3-2-3,Radar/17_Tap_the_keyboard/user1/3-2-3,1
17_Tap_the_keyboard/user16/4-1-1,17_Tap_the_keyboard,17,user16,4-1-1,Depth_Color/17_Tap_the_keyboard/user16/4-1-1,IR/17_Tap_the_keyboard/user16/4-1-1,Thermal/17_Tap_the_keyboard/user16/4-1-1,Skeleton/17_Tap_the_keyboard/user16/4-1-1,IMU/17_Tap_the_keyboard/user16/4-1-1,Radar/17_Tap_the_keyboard/user16/4-1-1,0
17_Tap_the_keyboard/user16/4-1-2,17_Tap_the_keyboard,17,user16,4-1-2,Depth_Color/17_Tap_the_keyboard/user16/4-1-2,IR/17_Tap_the_keyboard/user16/4-1-2,Thermal/17_Tap_the_keyboard/user16/4-1-2,Skeleton/17_Tap_the_keyboard/user16/4-1-2,IMU/17_Tap_the_keyboard/user16/4-1-2,Radar/17_Tap_the_keyboard/user16/4-1-2,0
17_Tap_the_keyboard/user16/4-1-3,17_Tap_the_keyboard,17,user16,4-1-3,Depth_Color/17_Tap_the_keyboard/user16/4-1-3,IR/17_Tap_the_keyboard/user16/4-1-3,Thermal/17_Tap_the_keyboard/user16/4-1-3,Skeleton/17_Tap_the_keyboard/user16/4-1-3,IMU/17_Tap_the_keyboard/user16/4-1-3,Radar/17_Tap_the_keyboard/user16/4-1-3,0
17_Tap_the_keyboard/user17/4-1-1,17_Tap_the_keyboard,17,user17,4-1-1,Depth_Color/17_Tap_the_keyboard/user17/4-1-1,IR/17_Tap_the_keyboard/user17/4-1-1,Thermal/17_Tap_the_keyboard/user17/4-1-1,Skeleton/17_Tap_the_keyboard/user17/4-1-1,IMU/17_Tap_the_keyboard/user17/4-1-1,Radar/17_Tap_the_keyboard/user17/4-1-1,2
17_Tap_the_keyboard/user17/4-1-2,17_Tap_the_keyboard,17,user17,4-1-2,Depth_Color/17_Tap_the_keyboard/user17/4-1-2,IR/17_Tap_the_keyboard/user17/4-1-2,Thermal/17_Tap_the_keyboard/user17/4-1-2,Skeleton/17_Tap_the_keyboard/user17/4-1-2,IMU/17_Tap_the_keyboard/user17/4-1-2,Radar/17_Tap_the_keyboard/user17/4-1-2,2
17_Tap_the_keyboard/user17/4-1-3,17_Tap_the_keyboard,17,user17,4-1-3,Depth_Color/17_Tap_the_keyboard/user17/4-1-3,IR/17_Tap_the_keyboard/user17/4-1-3,Thermal/17_Tap_the_keyboard/user17/4-1-3,Skeleton/17_Tap_the_keyboard/user17/4-1-3,IMU/17_Tap_the_keyboard/user17/4-1-3,Radar/17_Tap_the_keyboard/user17/4-1-3,2
17_Tap_the_keyboard/user18/5-1-1,17_Tap_the_keyboard,17,user18,5-1-1,Depth_Color/17_Tap_the_keyboard/user18/5-1-1,IR/17_Tap_the_keyboard/user18/5-1-1,Thermal/17_Tap_the_keyboard/user18/5-1-1,Skeleton/17_Tap_the_keyboard/user18/5-1-1,IMU/17_Tap_the_keyboard/user18/5-1-1,Radar/17_Tap_the_keyboard/user18/5-1-1,1
17_Tap_the_keyboard/user18/5-1-2,17_Tap_the_keyboard,17,user18,5-1-2,Depth_Color/17_Tap_the_keyboard/user18/5-1-2,IR/17_Tap_the_keyboard/user18/5-1-2,Thermal/17_Tap_the_keyboard/user18/5-1-2,Skeleton/17_Tap_the_keyboard/user18/5-1-2,IMU/17_Tap_the_keyboard/user18/5-1-2,Radar/17_Tap_the_keyboard/user18/5-1-2,1
17_Tap_the_keyboard/user18/5-1-3,17_Tap_the_keyboard,17,user18,5-1-3,Depth_Color/17_Tap_the_keyboard/user18/5-1-3,IR/17_Tap_the_keyboard/user18/5-1-3,Thermal/17_Tap_the_keyboard/user18/5-1-3,Skeleton/17_Tap_the_keyboard/user18/5-1-3,IMU/17_Tap_the_keyboard/user18/5-1-3,Radar/17_Tap_the_keyboard/user18/5-1-3,1
17_Tap_the_keyboard/user19/1-2-1,17_Tap_the_keyboard,17,user19,1-2-1,Depth_Color/17_Tap_the_keyboard/user19/1-2-1,IR/17_Tap_the_keyboard/user19/1-2-1,Thermal/17_Tap_the_keyboard/user19/1-2-1,Skeleton/17_Tap_the_keyboard/user19/1-2-1,IMU/17_Tap_the_keyboard/user19/1-2-1,Radar/17_Tap_the_keyboard/user19/1-2-1,2
17_Tap_the_keyboard/user19/1-2-2,17_Tap_the_keyboard,17,user19,1-2-2,Depth_Color/17_Tap_the_keyboard/user19/1-2-2,IR/17_Tap_the_keyboard/user19/1-2-2,Thermal/17_Tap_the_keyboard/user19/1-2-2,Skeleton/17_Tap_the_keyboard/user19/1-2-2,IMU/17_Tap_the_keyboard/user19/1-2-2,Radar/17_Tap_the_keyboard/user19/1-2-2,2
17_Tap_the_keyboard/user19/1-2-3,17_Tap_the_keyboard,17,user19,1-2-3,Depth_Color/17_Tap_the_keyboard/user19/1-2-3,IR/17_Tap_the_keyboard/user19/1-2-3,Thermal/17_Tap_the_keyboard/user19/1-2-3,Skeleton/17_Tap_the_keyboard/user19/1-2-3,IMU/17_Tap_the_keyboard/user19/1-2-3,Radar/17_Tap_the_keyboard/user19/1-2-3,2
17_Tap_the_keyboard/user19/4-1-1,17_Tap_the_keyboard,17,user19,4-1-1,Depth_Color/17_Tap_the_keyboard/user19/4-1-1,IR/17_Tap_the_keyboard/user19/4-1-1,Thermal/17_Tap_the_keyboard/user19/4-1-1,Skeleton/17_Tap_the_keyboard/user19/4-1-1,IMU/17_Tap_the_keyboard/user19/4-1-1,Radar/17_Tap_the_keyboard/user19/4-1-1,2
17_Tap_the_keyboard/user19/4-1-2,17_Tap_the_keyboard,17,user19,4-1-2,Depth_Color/17_Tap_the_keyboard/user19/4-1-2,IR/17_Tap_the_keyboard/user19/4-1-2,Thermal/17_Tap_the_keyboard/user19/4-1-2,Skeleton/17_Tap_the_keyboard/user19/4-1-2,IMU/17_Tap_the_keyboard/user19/4-1-2,Radar/17_Tap_the_keyboard/user19/4-1-2,2
17_Tap_the_keyboard/user19/4-1-3,17_Tap_the_keyboard,17,user19,4-1-3,Depth_Color/17_Tap_the_keyboard/user19/4-1-3,IR/17_Tap_the_keyboard/user19/4-1-3,Thermal/17_Tap_the_keyboard/user19/4-1-3,Skeleton/17_Tap_the_keyboard/user19/4-1-3,IMU/17_Tap_the_keyboard/user19/4-1-3,Radar/17_Tap_the_keyboard/user19/4-1-3,2
17_Tap_the_keyboard/user19/4-3-1,17_Tap_the_keyboard,17,user19,4-3-1,Depth_Color/17_Tap_the_keyboard/user19/4-3-1,IR/17_Tap_the_keyboard/user19/4-3-1,Thermal/17_Tap_the_keyboard/user19/4-3-1,Skeleton/17_Tap_the_keyboard/user19/4-3-1,IMU/17_Tap_the_keyboard/user19/4-3-1,Radar/17_Tap_the_keyboard/user19/4-3-1,2
17_Tap_the_keyboard/user19/4-3-2,17_Tap_the_keyboard,17,user19,4-3-2,Depth_Color/17_Tap_the_keyboard/user19/4-3-2,IR/17_Tap_the_keyboard/user19/4-3-2,Thermal/17_Tap_the_keyboard/user19/4-3-2,Skeleton/17_Tap_the_keyboard/user19/4-3-2,IMU/17_Tap_the_keyboard/user19/4-3-2,Radar/17_Tap_the_keyboard/user19/4-3-2,2
17_Tap_the_keyboard/user19/4-3-3,17_Tap_the_keyboard,17,user19,4-3-3,Depth_Color/17_Tap_the_keyboard/user19/4-3-3,IR/17_Tap_the_keyboard/user19/4-3-3,Thermal/17_Tap_the_keyboard/user19/4-3-3,Skeleton/17_Tap_the_keyboard/user19/4-3-3,IMU/17_Tap_the_keyboard/user19/4-3-3,Radar/17_Tap_the_keyboard/user19/4-3-3,2
17_Tap_the_keyboard/user19/6-1-1,17_Tap_the_keyboard,17,user19,6-1-1,Depth_Color/17_Tap_the_keyboard/user19/6-1-1,IR/17_Tap_the_keyboard/user19/6-1-1,Thermal/17_Tap_the_keyboard/user19/6-1-1,Skeleton/17_Tap_the_keyboard/user19/6-1-1,IMU/17_Tap_the_keyboard/user19/6-1-1,Radar/17_Tap_the_keyboard/user19/6-1-1,2
17_Tap_the_keyboard/user19/6-1-2,17_Tap_the_keyboard,17,user19,6-1-2,Depth_Color/17_Tap_the_keyboard/user19/6-1-2,IR/17_Tap_the_keyboard/user19/6-1-2,,Skeleton/17_Tap_the_keyboard/user19/6-1-2,IMU/17_Tap_the_keyboard/user19/6-1-2,Radar/17_Tap_the_keyboard/user19/6-1-2,2
17_Tap_the_keyboard/user19/6-1-3,17_Tap_the_keyboard,17,user19,6-1-3,Depth_Color/17_Tap_the_keyboard/user19/6-1-3,IR/17_Tap_the_keyboard/user19/6-1-3,Thermal/17_Tap_the_keyboard/user19/6-1-3,Skeleton/17_Tap_the_keyboard/user19/6-1-3,IMU/17_Tap_the_keyboard/user19/6-1-3,Radar/17_Tap_the_keyboard/user19/6-1-3,2
17_Tap_the_keyboard/user20/2-2-1,17_Tap_the_keyboard,17,user20,2-2-1,Depth_Color/17_Tap_the_keyboard/user20/2-2-1,IR/17_Tap_the_keyboard/user20/2-2-1,Thermal/17_Tap_the_keyboard/user20/2-2-1,Skeleton/17_Tap_the_keyboard/user20/2-2-1,IMU/17_Tap_the_keyboard/user20/2-2-1,Radar/17_Tap_the_keyboard/user20/2-2-1,0
17_Tap_the_keyboard/user20/2-2-2,17_Tap_the_keyboard,17,user20,2-2-2,Depth_Color/17_Tap_the_keyboard/user20/2-2-2,IR/17_Tap_the_keyboard/user20/2-2-2,Thermal/17_Tap_the_keyboard/user20/2-2-2,Skeleton/17_Tap_the_keyboard/user20/2-2-2,IMU/17_Tap_the_keyboard/user20/2-2-2,Radar/17_Tap_the_keyboard/user20/2-2-2,0
17_Tap_the_keyboard/user20/2-2-3,17_Tap_the_keyboard,17,user20,2-2-3,Depth_Color/17_Tap_the_keyboard/user20/2-2-3,IR/17_Tap_the_keyboard/user20/2-2-3,Thermal/17_Tap_the_keyboard/user20/2-2-3,Skeleton/17_Tap_the_keyboard/user20/2-2-3,IMU/17_Tap_the_keyboard/user20/2-2-3,Radar/17_Tap_the_keyboard/user20/2-2-3,0
17_Tap_the_keyboard/user20/4-1-1,17_Tap_the_keyboard,17,user20,4-1-1,Depth_Color/17_Tap_the_keyboard/user20/4-1-1,IR/17_Tap_the_keyboard/user20/4-1-1,Thermal/17_Tap_the_keyboard/user20/4-1-1,Skeleton/17_Tap_the_keyboard/user20/4-1-1,IMU/17_Tap_the_keyboard/user20/4-1-1,Radar/17_Tap_the_keyboard/user20/4-1-1,0
17_Tap_the_keyboard/user20/4-1-2,17_Tap_the_keyboard,17,user20,4-1-2,Depth_Color/17_Tap_the_keyboard/user20/4-1-2,IR/17_Tap_the_keyboard/user20/4-1-2,Thermal/17_Tap_the_keyboard/user20/4-1-2,Skeleton/17_Tap_the_keyboard/user20/4-1-2,IMU/17_Tap_the_keyboard/user20/4-1-2,Radar/17_Tap_the_keyboard/user20/4-1-2,0
17_Tap_the_keyboard/user20/4-1-3,17_Tap_the_keyboard,17,user20,4-1-3,Depth_Color/17_Tap_the_keyboard/user20/4-1-3,IR/17_Tap_the_keyboard/user20/4-1-3,Thermal/17_Tap_the_keyboard/user20/4-1-3,Skeleton/17_Tap_the_keyboard/user20/4-1-3,IMU/17_Tap_the_keyboard/user20/4-1-3,Radar/17_Tap_the_keyboard/user20/4-1-3,0
17_Tap_the_keyboard/user20/5-1-1,17_Tap_the_keyboard,17,user20,5-1-1,Depth_Color/17_Tap_the_keyboard/user20/5-1-1,IR/17_Tap_the_keyboard/user20/5-1-1,Thermal/17_Tap_the_keyboard/user20/5-1-1,Skeleton/17_Tap_the_keyboard/user20/5-1-1,IMU/17_Tap_the_keyboard/user20/5-1-1,Radar/17_Tap_the_keyboard/user20/5-1-1,0
17_Tap_the_keyboard/user20/5-1-2,17_Tap_the_keyboard,17,user20,5-1-2,Depth_Color/17_Tap_the_keyboard/user20/5-1-2,IR/17_Tap_the_keyboard/user20/5-1-2,Thermal/17_Tap_the_keyboard/user20/5-1-2,Skeleton/17_Tap_the_keyboard/user20/5-1-2,IMU/17_Tap_the_keyboard/user20/5-1-2,Radar/17_Tap_the_keyboard/user20/5-1-2,0
17_Tap_the_keyboard/user20/5-1-3,17_Tap_the_keyboard,17,user20,5-1-3,Depth_Color/17_Tap_the_keyboard/user20/5-1-3,IR/17_Tap_the_keyboard/user20/5-1-3,Thermal/17_Tap_the_keyboard/user20/5-1-3,Skeleton/17_Tap_the_keyboard/user20/5-1-3,IMU/17_Tap_the_keyboard/user20/5-1-3,Radar/17_Tap_the_keyboard/user20/5-1-3,0
17_Tap_the_keyboard/user22/1-2-1,17_Tap_the_keyboard,17,user22,1-2-1,Depth_Color/17_Tap_the_keyboard/user22/1-2-1,IR/17_Tap_the_keyboard/user22/1-2-1,Thermal/17_Tap_the_keyboard/user22/1-2-1,Skeleton/17_Tap_the_keyboard/user22/1-2-1,IMU/17_Tap_the_keyboard/user22/1-2-1,Radar/17_Tap_the_keyboard/user22/1-2-1,1
17_Tap_the_keyboard/user22/1-2-2,17_Tap_the_keyboard,17,user22,1-2-2,Depth_Color/17_Tap_the_keyboard/user22/1-2-2,IR/17_Tap_the_keyboard/user22/1-2-2,Thermal/17_Tap_the_keyboard/user22/1-2-2,Skeleton/17_Tap_the_keyboard/user22/1-2-2,IMU/17_Tap_the_keyboard/user22/1-2-2,Radar/17_Tap_the_keyboard/user22/1-2-2,1
17_Tap_the_keyboard/user22/1-2-3,17_Tap_the_keyboard,17,user22,1-2-3,Depth_Color/17_Tap_the_keyboard/user22/1-2-3,IR/17_Tap_the_keyboard/user22/1-2-3,Thermal/17_Tap_the_keyboard/user22/1-2-3,Skeleton/17_Tap_the_keyboard/user22/1-2-3,IMU/17_Tap_the_keyboard/user22/1-2-3,Radar/17_Tap_the_keyboard/user22/1-2-3,1
17_Tap_the_keyboard/user22/4-1-1,17_Tap_the_keyboard,17,user22,4-1-1,Depth_Color/17_Tap_the_keyboard/user22/4-1-1,IR/17_Tap_the_keyboard/user22/4-1-1,Thermal/17_Tap_the_keyboard/user22/4-1-1,Skeleton/17_Tap_the_keyboard/user22/4-1-1,IMU/17_Tap_the_keyboard/user22/4-1-1,Radar/17_Tap_the_keyboard/user22/4-1-1,1
17_Tap_the_keyboard/user22/4-1-2,17_Tap_the_keyboard,17,user22,4-1-2,Depth_Color/17_Tap_the_keyboard/user22/4-1-2,IR/17_Tap_the_keyboard/user22/4-1-2,Thermal/17_Tap_the_keyboard/user22/4-1-2,Skeleton/17_Tap_the_keyboard/user22/4-1-2,IMU/17_Tap_the_keyboard/user22/4-1-2,Radar/17_Tap_the_keyboard/user22/4-1-2,1
17_Tap_the_keyboard/user22/4-1-3,17_Tap_the_keyboard,17,user22,4-1-3,Depth_Color/17_Tap_the_keyboard/user22/4-1-3,IR/17_Tap_the_keyboard/user22/4-1-3,Thermal/17_Tap_the_keyboard/user22/4-1-3,Skeleton/17_Tap_the_keyboard/user22/4-1-3,IMU/17_Tap_the_keyboard/user22/4-1-3,Radar/17_Tap_the_keyboard/user22/4-1-3,1
17_Tap_the_keyboard/user23/5-3-1,17_Tap_the_keyboard,17,user23,5-3-1,,,Thermal/17_Tap_the_keyboard/user23/5-3-1,,,,0
17_Tap_the_keyboard/user23/5-3-2,17_Tap_the_keyboard,17,user23,5-3-2,Depth_Color/17_Tap_the_keyboard/user23/5-3-2,IR/17_Tap_the_keyboard/user23/5-3-2,Thermal/17_Tap_the_keyboard/user23/5-3-2,Skeleton/17_Tap_the_keyboard/user23/5-3-2,IMU/17_Tap_the_keyboard/user23/5-3-2,Radar/17_Tap_the_keyboard/user23/5-3-2,0
17_Tap_the_keyboard/user23/5-3-3,17_Tap_the_keyboard,17,user23,5-3-3,Depth_Color/17_Tap_the_keyboard/user23/5-3-3,IR/17_Tap_the_keyboard/user23/5-3-3,Thermal/17_Tap_the_keyboard/user23/5-3-3,Skeleton/17_Tap_the_keyboard/user23/5-3-3,IMU/17_Tap_the_keyboard/user23/5-3-3,Radar/17_Tap_the_keyboard/user23/5-3-3,0
17_Tap_the_keyboard/user24/1-2-1,17_Tap_the_keyboard,17,user24,1-2-1,Depth_Color/17_Tap_the_keyboard/user24/1-2-1,IR/17_Tap_the_keyboard/user24/1-2-1,Thermal/17_Tap_the_keyboard/user24/1-2-1,Skeleton/17_Tap_the_keyboard/user24/1-2-1,IMU/17_Tap_the_keyboard/user24/1-2-1,Radar/17_Tap_the_keyboard/user24/1-2-1,2
17_Tap_the_keyboard/user24/1-2-2,17_Tap_the_keyboard,17,user24,1-2-2,Depth_Color/17_Tap_the_keyboard/user24/1-2-2,IR/17_Tap_the_keyboard/user24/1-2-2,Thermal/17_Tap_the_keyboard/user24/1-2-2,Skeleton/17_Tap_the_keyboard/user24/1-2-2,IMU/17_Tap_the_keyboard/user24/1-2-2,Radar/17_Tap_the_keyboard/user24/1-2-2,2
17_Tap_the_keyboard/user24/1-2-3,17_Tap_the_keyboard,17,user24,1-2-3,Depth_Color/17_Tap_the_keyboard/user24/1-2-3,IR/17_Tap_the_keyboard/user24/1-2-3,Thermal/17_Tap_the_keyboard/user24/1-2-3,Skeleton/17_Tap_the_keyboard/user24/1-2-3,IMU/17_Tap_the_keyboard/user24/1-2-3,Radar/17_Tap_the_keyboard/user24/1-2-3,2
17_Tap_the_keyboard/user24/7-2-1,17_Tap_the_keyboard,17,user24,7-2-1,Depth_Color/17_Tap_the_keyboard/user24/7-2-1,IR/17_Tap_the_keyboard/user24/7-2-1,Thermal/17_Tap_the_keyboard/user24/7-2-1,Skeleton/17_Tap_the_keyboard/user24/7-2-1,IMU/17_Tap_the_keyboard/user24/7-2-1,Radar/17_Tap_the_keyboard/user24/7-2-1,2
17_Tap_the_keyboard/user24/7-2-2,17_Tap_the_keyboard,17,user24,7-2-2,Depth_Color/17_Tap_the_keyboard/user24/7-2-2,IR/17_Tap_the_keyboard/user24/7-2-2,Thermal/17_Tap_the_keyboard/user24/7-2-2,Skeleton/17_Tap_the_keyboard/user24/7-2-2,IMU/17_Tap_the_keyboard/user24/7-2-2,Radar/17_Tap_the_keyboard/user24/7-2-2,2
17_Tap_the_keyboard/user24/7-2-3,17_Tap_the_keyboard,17,user24,7-2-3,Depth_Color/17_Tap_the_keyboard/user24/7-2-3,IR/17_Tap_the_keyboard/user24/7-2-3,Thermal/17_Tap_the_keyboard/user24/7-2-3,Skeleton/17_Tap_the_keyboard/user24/7-2-3,IMU/17_Tap_the_keyboard/user24/7-2-3,Radar/17_Tap_the_keyboard/user24/7-2-3,2
17_Tap_the_keyboard/user3/3-2-1,17_Tap_the_keyboard,17,user3,3-2-1,Depth_Color/17_Tap_the_keyboard/user3/3-2-1,IR/17_Tap_the_keyboard/user3/3-2-1,Thermal/17_Tap_the_keyboard/user3/3-2-1,Skeleton/17_Tap_the_keyboard/user3/3-2-1,IMU/17_Tap_the_keyboard/user3/3-2-1,Radar/17_Tap_the_keyboard/user3/3-2-1,2
17_Tap_the_keyboard/user3/3-2-2,17_Tap_the_keyboard,17,user3,3-2-2,Depth_Color/17_Tap_the_keyboard/user3/3-2-2,IR/17_Tap_the_keyboard/user3/3-2-2,Thermal/17_Tap_the_keyboard/user3/3-2-2,Skeleton/17_Tap_the_keyboard/user3/3-2-2,IMU/17_Tap_the_keyboard/user3/3-2-2,Radar/17_Tap_the_keyboard/user3/3-2-2,2
17_Tap_the_keyboard/user3/3-2-3,17_Tap_the_keyboard,17,user3,3-2-3,Depth_Color/17_Tap_the_keyboard/user3/3-2-3,IR/17_Tap_the_keyboard/user3/3-2-3,Thermal/17_Tap_the_keyboard/user3/3-2-3,Skeleton/17_Tap_the_keyboard/user3/3-2-3,IMU/17_Tap_the_keyboard/user3/3-2-3,Radar/17_Tap_the_keyboard/user3/3-2-3,2
17_Tap_the_keyboard/user3/4-1-1,17_Tap_the_keyboard,17,user3,4-1-1,Depth_Color/17_Tap_the_keyboard/user3/4-1-1,IR/17_Tap_the_keyboard/user3/4-1-1,Thermal/17_Tap_the_keyboard/user3/4-1-1,Skeleton/17_Tap_the_keyboard/user3/4-1-1,IMU/17_Tap_the_keyboard/user3/4-1-1,Radar/17_Tap_the_keyboard/user3/4-1-1,2
17_Tap_the_keyboard/user3/4-1-2,17_Tap_the_keyboard,17,user3,4-1-2,Depth_Color/17_Tap_the_keyboard/user3/4-1-2,IR/17_Tap_the_keyboard/user3/4-1-2,Thermal/17_Tap_the_keyboard/user3/4-1-2,Skeleton/17_Tap_the_keyboard/user3/4-1-2,IMU/17_Tap_the_keyboard/user3/4-1-2,Radar/17_Tap_the_keyboard/user3/4-1-2,2
17_Tap_the_keyboard/user3/4-1-3,17_Tap_the_keyboard,17,user3,4-1-3,Depth_Color/17_Tap_the_keyboard/user3/4-1-3,IR/17_Tap_the_keyboard/user3/4-1-3,Thermal/17_Tap_the_keyboard/user3/4-1-3,Skeleton/17_Tap_the_keyboard/user3/4-1-3,IMU/17_Tap_the_keyboard/user3/4-1-3,Radar/17_Tap_the_keyboard/user3/4-1-3,2
17_Tap_the_keyboard/user4/4-1-1,17_Tap_the_keyboard,17,user4,4-1-1,Depth_Color/17_Tap_the_keyboard/user4/4-1-1,IR/17_Tap_the_keyboard/user4/4-1-1,Thermal/17_Tap_the_keyboard/user4/4-1-1,Skeleton/17_Tap_the_keyboard/user4/4-1-1,IMU/17_Tap_the_keyboard/user4/4-1-1,Radar/17_Tap_the_keyboard/user4/4-1-1,1
17_Tap_the_keyboard/user4/4-1-2,17_Tap_the_keyboard,17,user4,4-1-2,Depth_Color/17_Tap_the_keyboard/user4/4-1-2,IR/17_Tap_the_keyboard/user4/4-1-2,Thermal/17_Tap_the_keyboard/user4/4-1-2,Skeleton/17_Tap_the_keyboard/user4/4-1-2,IMU/17_Tap_the_keyboard/user4/4-1-2,Radar/17_Tap_the_keyboard/user4/4-1-2,1
17_Tap_the_keyboard/user4/4-1-3,17_Tap_the_keyboard,17,user4,4-1-3,Depth_Color/17_Tap_the_keyboard/user4/4-1-3,IR/17_Tap_the_keyboard/user4/4-1-3,Thermal/17_Tap_the_keyboard/user4/4-1-3,Skeleton/17_Tap_the_keyboard/user4/4-1-3,IMU/17_Tap_the_keyboard/user4/4-1-3,Radar/17_Tap_the_keyboard/user4/4-1-3,1
17_Tap_the_keyboard/user4/5-2-1,17_Tap_the_keyboard,17,user4,5-2-1,Depth_Color/17_Tap_the_keyboard/user4/5-2-1,IR/17_Tap_the_keyboard/user4/5-2-1,Thermal/17_Tap_the_keyboard/user4/5-2-1,Skeleton/17_Tap_the_keyboard/user4/5-2-1,IMU/17_Tap_the_keyboard/user4/5-2-1,Radar/17_Tap_the_keyboard/user4/5-2-1,1
17_Tap_the_keyboard/user4/5-2-2,17_Tap_the_keyboard,17,user4,5-2-2,Depth_Color/17_Tap_the_keyboard/user4/5-2-2,IR/17_Tap_the_keyboard/user4/5-2-2,Thermal/17_Tap_the_keyboard/user4/5-2-2,Skeleton/17_Tap_the_keyboard/user4/5-2-2,IMU/17_Tap_the_keyboard/user4/5-2-2,Radar/17_Tap_the_keyboard/user4/5-2-2,1
17_Tap_the_keyboard/user4/5-2-3,17_Tap_the_keyboard,17,user4,5-2-3,Depth_Color/17_Tap_the_keyboard/user4/5-2-3,IR/17_Tap_the_keyboard/user4/5-2-3,Thermal/17_Tap_the_keyboard/user4/5-2-3,Skeleton/17_Tap_the_keyboard/user4/5-2-3,IMU/17_Tap_the_keyboard/user4/5-2-3,Radar/17_Tap_the_keyboard/user4/5-2-3,1
17_Tap_the_keyboard/user5/4-1-1,17_Tap_the_keyboard,17,user5,4-1-1,Depth_Color/17_Tap_the_keyboard/user5/4-1-1,IR/17_Tap_the_keyboard/user5/4-1-1,Thermal/17_Tap_the_keyboard/user5/4-1-1,Skeleton/17_Tap_the_keyboard/user5/4-1-1,IMU/17_Tap_the_keyboard/user5/4-1-1,Radar/17_Tap_the_keyboard/user5/4-1-1,2
17_Tap_the_keyboard/user5/4-1-2,17_Tap_the_keyboard,17,user5,4-1-2,Depth_Color/17_Tap_the_keyboard/user5/4-1-2,IR/17_Tap_the_keyboard/user5/4-1-2,,Skeleton/17_Tap_the_keyboard/user5/4-1-2,IMU/17_Tap_the_keyboard/user5/4-1-2,Radar/17_Tap_the_keyboard/user5/4-1-2,2
17_Tap_the_keyboard/user5/4-1-3,17_Tap_the_keyboard,17,user5,4-1-3,Depth_Color/17_Tap_the_keyboard/user5/4-1-3,IR/17_Tap_the_keyboard/user5/4-1-3,Thermal/17_Tap_the_keyboard/user5/4-1-3,Skeleton/17_Tap_the_keyboard/user5/4-1-3,IMU/17_Tap_the_keyboard/user5/4-1-3,Radar/17_Tap_the_keyboard/user5/4-1-3,2
17_Tap_the_keyboard/user6/4-1-1,17_Tap_the_keyboard,17,user6,4-1-1,Depth_Color/17_Tap_the_keyboard/user6/4-1-1,IR/17_Tap_the_keyboard/user6/4-1-1,Thermal/17_Tap_the_keyboard/user6/4-1-1,Skeleton/17_Tap_the_keyboard/user6/4-1-1,IMU/17_Tap_the_keyboard/user6/4-1-1,Radar/17_Tap_the_keyboard/user6/4-1-1,1
17_Tap_the_keyboard/user6/4-1-2,17_Tap_the_keyboard,17,user6,4-1-2,Depth_Color/17_Tap_the_keyboard/user6/4-1-2,IR/17_Tap_the_keyboard/user6/4-1-2,Thermal/17_Tap_the_keyboard/user6/4-1-2,Skeleton/17_Tap_the_keyboard/user6/4-1-2,IMU/17_Tap_the_keyboard/user6/4-1-2,Radar/17_Tap_the_keyboard/user6/4-1-2,1
17_Tap_the_keyboard/user6/4-1-3,17_Tap_the_keyboard,17,user6,4-1-3,Depth_Color/17_Tap_the_keyboard/user6/4-1-3,IR/17_Tap_the_keyboard/user6/4-1-3,Thermal/17_Tap_the_keyboard/user6/4-1-3,Skeleton/17_Tap_the_keyboard/user6/4-1-3,IMU/17_Tap_the_keyboard/user6/4-1-3,Radar/17_Tap_the_keyboard/user6/4-1-3,1
17_Tap_the_keyboard/user7/4-1-1,17_Tap_the_keyboard,17,user7,4-1-1,Depth_Color/17_Tap_the_keyboard/user7/4-1-1,IR/17_Tap_the_keyboard/user7/4-1-1,Thermal/17_Tap_the_keyboard/user7/4-1-1,Skeleton/17_Tap_the_keyboard/user7/4-1-1,IMU/17_Tap_the_keyboard/user7/4-1-1,Radar/17_Tap_the_keyboard/user7/4-1-1,0
17_Tap_the_keyboard/user7/4-1-2,17_Tap_the_keyboard,17,user7,4-1-2,Depth_Color/17_Tap_the_keyboard/user7/4-1-2,IR/17_Tap_the_keyboard/user7/4-1-2,Thermal/17_Tap_the_keyboard/user7/4-1-2,Skeleton/17_Tap_the_keyboard/user7/4-1-2,IMU/17_Tap_the_keyboard/user7/4-1-2,Radar/17_Tap_the_keyboard/user7/4-1-2,0
17_Tap_the_keyboard/user7/4-1-3,17_Tap_the_keyboard,17,user7,4-1-3,Depth_Color/17_Tap_the_keyboard/user7/4-1-3,IR/17_Tap_the_keyboard/user7/4-1-3,Thermal/17_Tap_the_keyboard/user7/4-1-3,Skeleton/17_Tap_the_keyboard/user7/4-1-3,IMU/17_Tap_the_keyboard/user7/4-1-3,Radar/17_Tap_the_keyboard/user7/4-1-3,0
17_Tap_the_keyboard/user7/6-3-1,17_Tap_the_keyboard,17,user7,6-3-1,Depth_Color/17_Tap_the_keyboard/user7/6-3-1,IR/17_Tap_the_keyboard/user7/6-3-1,Thermal/17_Tap_the_keyboard/user7/6-3-1,Skeleton/17_Tap_the_keyboard/user7/6-3-1,IMU/17_Tap_the_keyboard/user7/6-3-1,Radar/17_Tap_the_keyboard/user7/6-3-1,0
17_Tap_the_keyboard/user8/5-1-1,17_Tap_the_keyboard,17,user8,5-1-1,Depth_Color/17_Tap_the_keyboard/user8/5-1-1,IR/17_Tap_the_keyboard/user8/5-1-1,Thermal/17_Tap_the_keyboard/user8/5-1-1,Skeleton/17_Tap_the_keyboard/user8/5-1-1,IMU/17_Tap_the_keyboard/user8/5-1-1,Radar/17_Tap_the_keyboard/user8/5-1-1,2
17_Tap_the_keyboard/user8/5-1-2,17_Tap_the_keyboard,17,user8,5-1-2,Depth_Color/17_Tap_the_keyboard/user8/5-1-2,IR/17_Tap_the_keyboard/user8/5-1-2,Thermal/17_Tap_the_keyboard/user8/5-1-2,Skeleton/17_Tap_the_keyboard/user8/5-1-2,IMU/17_Tap_the_keyboard/user8/5-1-2,Radar/17_Tap_the_keyboard/user8/5-1-2,2
17_Tap_the_keyboard/user8/5-1-3,17_Tap_the_keyboard,17,user8,5-1-3,Depth_Color/17_Tap_the_keyboard/user8/5-1-3,IR/17_Tap_the_keyboard/user8/5-1-3,Thermal/17_Tap_the_keyboard/user8/5-1-3,Skeleton/17_Tap_the_keyboard/user8/5-1-3,IMU/17_Tap_the_keyboard/user8/5-1-3,Radar/17_Tap_the_keyboard/user8/5-1-3,2
17_Tap_the_keyboard/user9/1-2-2,17_Tap_the_keyboard,17,user9,1-2-2,Depth_Color/17_Tap_the_keyboard/user9/1-2-2,IR/17_Tap_the_keyboard/user9/1-2-2,Thermal/17_Tap_the_keyboard/user9/1-2-2,Skeleton/17_Tap_the_keyboard/user9/1-2-2,IMU/17_Tap_the_keyboard/user9/1-2-2,Radar/17_Tap_the_keyboard/user9/1-2-2,1
17_Tap_the_keyboard/user9/1-2-3,17_Tap_the_keyboard,17,user9,1-2-3,Depth_Color/17_Tap_the_keyboard/user9/1-2-3,IR/17_Tap_the_keyboard/user9/1-2-3,Thermal/17_Tap_the_keyboard/user9/1-2-3,Skeleton/17_Tap_the_keyboard/user9/1-2-3,IMU/17_Tap_the_keyboard/user9/1-2-3,Radar/17_Tap_the_keyboard/user9/1-2-3,1
17_Tap_the_keyboard/user9/4-1-1,17_Tap_the_keyboard,17,user9,4-1-1,Depth_Color/17_Tap_the_keyboard/user9/4-1-1,IR/17_Tap_the_keyboard/user9/4-1-1,Thermal/17_Tap_the_keyboard/user9/4-1-1,Skeleton/17_Tap_the_keyboard/user9/4-1-1,IMU/17_Tap_the_keyboard/user9/4-1-1,Radar/17_Tap_the_keyboard/user9/4-1-1,1
17_Tap_the_keyboard/user9/4-1-2,17_Tap_the_keyboard,17,user9,4-1-2,Depth_Color/17_Tap_the_keyboard/user9/4-1-2,IR/17_Tap_the_keyboard/user9/4-1-2,Thermal/17_Tap_the_keyboard/user9/4-1-2,Skeleton/17_Tap_the_keyboard/user9/4-1-2,IMU/17_Tap_the_keyboard/user9/4-1-2,Radar/17_Tap_the_keyboard/user9/4-1-2,1
17_Tap_the_keyboard/user9/4-1-3,17_Tap_the_keyboard,17,user9,4-1-3,Depth_Color/17_Tap_the_keyboard/user9/4-1-3,IR/17_Tap_the_keyboard/user9/4-1-3,Thermal/17_Tap_the_keyboard/user9/4-1-3,Skeleton/17_Tap_the_keyboard/user9/4-1-3,IMU/17_Tap_the_keyboard/user9/4-1-3,Radar/17_Tap_the_keyboard/user9/4-1-3,1
17_Tap_the_keyboard/user9/4-3-1,17_Tap_the_keyboard,17,user9,4-3-1,Depth_Color/17_Tap_the_keyboard/user9/4-3-1,IR/17_Tap_the_keyboard/user9/4-3-1,Thermal/17_Tap_the_keyboard/user9/4-3-1,Skeleton/17_Tap_the_keyboard/user9/4-3-1,IMU/17_Tap_the_keyboard/user9/4-3-1,Radar/17_Tap_the_keyboard/user9/4-3-1,1
17_Tap_the_keyboard/user9/4-3-2,17_Tap_the_keyboard,17,user9,4-3-2,Depth_Color/17_Tap_the_keyboard/user9/4-3-2,IR/17_Tap_the_keyboard/user9/4-3-2,Thermal/17_Tap_the_keyboard/user9/4-3-2,Skeleton/17_Tap_the_keyboard/user9/4-3-2,IMU/17_Tap_the_keyboard/user9/4-3-2,Radar/17_Tap_the_keyboard/user9/4-3-2,1
17_Tap_the_keyboard/user9/4-3-3,17_Tap_the_keyboard,17,user9,4-3-3,Depth_Color/17_Tap_the_keyboard/user9/4-3-3,IR/17_Tap_the_keyboard/user9/4-3-3,Thermal/17_Tap_the_keyboard/user9/4-3-3,Skeleton/17_Tap_the_keyboard/user9/4-3-3,IMU/17_Tap_the_keyboard/user9/4-3-3,Radar/17_Tap_the_keyboard/user9/4-3-3,1
17_Tap_the_keyboard/user9/6-1-1,17_Tap_the_keyboard,17,user9,6-1-1,Depth_Color/17_Tap_the_keyboard/user9/6-1-1,IR/17_Tap_the_keyboard/user9/6-1-1,Thermal/17_Tap_the_keyboard/user9/6-1-1,Skeleton/17_Tap_the_keyboard/user9/6-1-1,IMU/17_Tap_the_keyboard/user9/6-1-1,Radar/17_Tap_the_keyboard/user9/6-1-1,1
17_Tap_the_keyboard/user9/6-1-2,17_Tap_the_keyboard,17,user9,6-1-2,Depth_Color/17_Tap_the_keyboard/user9/6-1-2,IR/17_Tap_the_keyboard/user9/6-1-2,Thermal/17_Tap_the_keyboard/user9/6-1-2,Skeleton/17_Tap_the_keyboard/user9/6-1-2,IMU/17_Tap_the_keyboard/user9/6-1-2,Radar/17_Tap_the_keyboard/user9/6-1-2,1
17_Tap_the_keyboard/user9/6-1-3,17_Tap_the_keyboard,17,user9,6-1-3,Depth_Color/17_Tap_the_keyboard/user9/6-1-3,IR/17_Tap_the_keyboard/user9/6-1-3,Thermal/17_Tap_the_keyboard/user9/6-1-3,Skeleton/17_Tap_the_keyboard/user9/6-1-3,IMU/17_Tap_the_keyboard/user9/6-1-3,Radar/17_Tap_the_keyboard/user9/6-1-3,1
18_Write/user18/4-1-1,18_Write,18,user18,4-1-1,Depth_Color/18_Write/user18/4-1-1,IR/18_Write/user18/4-1-1,Thermal/18_Write/user18/4-1-1,Skeleton/18_Write/user18/4-1-1,IMU/18_Write/user18/4-1-1,Radar/18_Write/user18/4-1-1,1
18_Write/user18/4-1-2,18_Write,18,user18,4-1-2,Depth_Color/18_Write/user18/4-1-2,IR/18_Write/user18/4-1-2,Thermal/18_Write/user18/4-1-2,Skeleton/18_Write/user18/4-1-2,IMU/18_Write/user18/4-1-2,Radar/18_Write/user18/4-1-2,1
18_Write/user18/4-1-3,18_Write,18,user18,4-1-3,Depth_Color/18_Write/user18/4-1-3,IR/18_Write/user18/4-1-3,Thermal/18_Write/user18/4-1-3,Skeleton/18_Write/user18/4-1-3,IMU/18_Write/user18/4-1-3,Radar/18_Write/user18/4-1-3,1
18_Write/user18/6-2-1,18_Write,18,user18,6-2-1,Depth_Color/18_Write/user18/6-2-1,IR/18_Write/user18/6-2-1,Thermal/18_Write/user18/6-2-1,Skeleton/18_Write/user18/6-2-1,IMU/18_Write/user18/6-2-1,Radar/18_Write/user18/6-2-1,1
18_Write/user18/6-2-2,18_Write,18,user18,6-2-2,Depth_Color/18_Write/user18/6-2-2,IR/18_Write/user18/6-2-2,Thermal/18_Write/user18/6-2-2,Skeleton/18_Write/user18/6-2-2,IMU/18_Write/user18/6-2-2,Radar/18_Write/user18/6-2-2,1
18_Write/user18/6-2-3,18_Write,18,user18,6-2-3,Depth_Color/18_Write/user18/6-2-3,IR/18_Write/user18/6-2-3,Thermal/18_Write/user18/6-2-3,Skeleton/18_Write/user18/6-2-3,IMU/18_Write/user18/6-2-3,Radar/18_Write/user18/6-2-3,1
18_Write/user2/4-1-2,18_Write,18,user2,4-1-2,Depth_Color/18_Write/user2/4-1-2,IR/18_Write/user2/4-1-2,Thermal/18_Write/user2/4-1-2,Skeleton/18_Write/user2/4-1-2,IMU/18_Write/user2/4-1-2,Radar/18_Write/user2/4-1-2,0
18_Write/user2/4-1-3,18_Write,18,user2,4-1-3,Depth_Color/18_Write/user2/4-1-3,IR/18_Write/user2/4-1-3,Thermal/18_Write/user2/4-1-3,Skeleton/18_Write/user2/4-1-3,IMU/18_Write/user2/4-1-3,Radar/18_Write/user2/4-1-3,0
18_Write/user2/4-3-1,18_Write,18,user2,4-3-1,Depth_Color/18_Write/user2/4-3-1,IR/18_Write/user2/4-3-1,Thermal/18_Write/user2/4-3-1,Skeleton/18_Write/user2/4-3-1,IMU/18_Write/user2/4-3-1,Radar/18_Write/user2/4-3-1,0
18_Write/user2/4-3-2,18_Write,18,user2,4-3-2,Depth_Color/18_Write/user2/4-3-2,IR/18_Write/user2/4-3-2,Thermal/18_Write/user2/4-3-2,Skeleton/18_Write/user2/4-3-2,IMU/18_Write/user2/4-3-2,Radar/18_Write/user2/4-3-2,0
18_Write/user2/4-3-3,18_Write,18,user2,4-3-3,Depth_Color/18_Write/user2/4-3-3,IR/18_Write/user2/4-3-3,Thermal/18_Write/user2/4-3-3,Skeleton/18_Write/user2/4-3-3,IMU/18_Write/user2/4-3-3,Radar/18_Write/user2/4-3-3,0
18_Write/user20/2-2-1,18_Write,18,user20,2-2-1,Depth_Color/18_Write/user20/2-2-1,IR/18_Write/user20/2-2-1,Thermal/18_Write/user20/2-2-1,Skeleton/18_Write/user20/2-2-1,IMU/18_Write/user20/2-2-1,Radar/18_Write/user20/2-2-1,0
18_Write/user20/2-2-2,18_Write,18,user20,2-2-2,Depth_Color/18_Write/user20/2-2-2,IR/18_Write/user20/2-2-2,Thermal/18_Write/user20/2-2-2,Skeleton/18_Write/user20/2-2-2,IMU/18_Write/user20/2-2-2,Radar/18_Write/user20/2-2-2,0
18_Write/user20/2-2-3,18_Write,18,user20,2-2-3,Depth_Color/18_Write/user20/2-2-3,IR/18_Write/user20/2-2-3,Thermal/18_Write/user20/2-2-3,Skeleton/18_Write/user20/2-2-3,IMU/18_Write/user20/2-2-3,Radar/18_Write/user20/2-2-3,0
18_Write/user22/3-1-1,18_Write,18,user22,3-1-1,Depth_Color/18_Write/user22/3-1-1,IR/18_Write/user22/3-1-1,Thermal/18_Write/user22/3-1-1,Skeleton/18_Write/user22/3-1-1,IMU/18_Write/user22/3-1-1,Radar/18_Write/user22/3-1-1,1
18_Write/user22/3-1-2,18_Write,18,user22,3-1-2,Depth_Color/18_Write/user22/3-1-2,IR/18_Write/user22/3-1-2,Thermal/18_Write/user22/3-1-2,Skeleton/18_Write/user22/3-1-2,IMU/18_Write/user22/3-1-2,Radar/18_Write/user22/3-1-2,1
18_Write/user22/3-1-3,18_Write,18,user22,3-1-3,,,Thermal/18_Write/user22/3-1-3,,,,1
18_Write/user23/4-1-1,18_Write,18,user23,4-1-1,Depth_Color/18_Write/user23/4-1-1,IR/18_Write/user23/4-1-1,Thermal/18_Write/user23/4-1-1,Skeleton/18_Write/user23/4-1-1,IMU/18_Write/user23/4-1-1,Radar/18_Write/user23/4-1-1,0
18_Write/user23/4-1-2,18_Write,18,user23,4-1-2,Depth_Color/18_Write/user23/4-1-2,IR/18_Write/user23/4-1-2,Thermal/18_Write/user23/4-1-2,Skeleton/18_Write/user23/4-1-2,IMU/18_Write/user23/4-1-2,Radar/18_Write/user23/4-1-2,0
18_Write/user23/4-1-3,18_Write,18,user23,4-1-3,Depth_Color/18_Write/user23/4-1-3,IR/18_Write/user23/4-1-3,Thermal/18_Write/user23/4-1-3,Skeleton/18_Write/user23/4-1-3,IMU/18_Write/user23/4-1-3,Radar/18_Write/user23/4-1-3,0
18_Write/user23/7-1-1,18_Write,18,user23,7-1-1,Depth_Color/18_Write/user23/7-1-1,IR/18_Write/user23/7-1-1,Thermal/18_Write/user23/7-1-1,Skeleton/18_Write/user23/7-1-1,IMU/18_Write/user23/7-1-1,Radar/18_Write/user23/7-1-1,0
18_Write/user23/7-1-3,18_Write,18,user23,7-1-3,Depth_Color/18_Write/user23/7-1-3,IR/18_Write/user23/7-1-3,Thermal/18_Write/user23/7-1-3,Skeleton/18_Write/user23/7-1-3,IMU/18_Write/user23/7-1-3,Radar/18_Write/user23/7-1-3,0
18_Write/user24/1-2-1,18_Write,18,user24,1-2-1,Depth_Color/18_Write/user24/1-2-1,IR/18_Write/user24/1-2-1,Thermal/18_Write/user24/1-2-1,Skeleton/18_Write/user24/1-2-1,IMU/18_Write/user24/1-2-1,Radar/18_Write/user24/1-2-1,2
18_Write/user24/1-2-2,18_Write,18,user24,1-2-2,Depth_Color/18_Write/user24/1-2-2,IR/18_Write/user24/1-2-2,Thermal/18_Write/user24/1-2-2,Skeleton/18_Write/user24/1-2-2,IMU/18_Write/user24/1-2-2,Radar/18_Write/user24/1-2-2,2
18_Write/user24/1-2-3,18_Write,18,user24,1-2-3,Depth_Color/18_Write/user24/1-2-3,IR/18_Write/user24/1-2-3,Thermal/18_Write/user24/1-2-3,Skeleton/18_Write/user24/1-2-3,IMU/18_Write/user24/1-2-3,Radar/18_Write/user24/1-2-3,2
18_Write/user3/3-2-1,18_Write,18,user3,3-2-1,Depth_Color/18_Write/user3/3-2-1,IR/18_Write/user3/3-2-1,Thermal/18_Write/user3/3-2-1,Skeleton/18_Write/user3/3-2-1,IMU/18_Write/user3/3-2-1,Radar/18_Write/user3/3-2-1,2
18_Write/user3/3-2-2,18_Write,18,user3,3-2-2,Depth_Color/18_Write/user3/3-2-2,IR/18_Write/user3/3-2-2,Thermal/18_Write/user3/3-2-2,Skeleton/18_Write/user3/3-2-2,IMU/18_Write/user3/3-2-2,Radar/18_Write/user3/3-2-2,2
18_Write/user3/3-2-3,18_Write,18,user3,3-2-3,Depth_Color/18_Write/user3/3-2-3,IR/18_Write/user3/3-2-3,Thermal/18_Write/user3/3-2-3,Skeleton/18_Write/user3/3-2-3,IMU/18_Write/user3/3-2-3,Radar/18_Write/user3/3-2-3,2
18_Write/user4/4-1-1,18_Write,18,user4,4-1-1,Depth_Color/18_Write/user4/4-1-1,IR/18_Write/user4/4-1-1,Thermal/18_Write/user4/4-1-1,Skeleton/18_Write/user4/4-1-1,IMU/18_Write/user4/4-1-1,Radar/18_Write/user4/4-1-1,1
18_Write/user4/4-1-2,18_Write,18,user4,4-1-2,Depth_Color/18_Write/user4/4-1-2,IR/18_Write/user4/4-1-2,Thermal/18_Write/user4/4-1-2,Skeleton/18_Write/user4/4-1-2,IMU/18_Write/user4/4-1-2,Radar/18_Write/user4/4-1-2,1
18_Write/user4/4-1-3,18_Write,18,user4,4-1-3,Depth_Color/18_Write/user4/4-1-3,IR/18_Write/user4/4-1-3,Thermal/18_Write/user4/4-1-3,Skeleton/18_Write/user4/4-1-3,IMU/18_Write/user4/4-1-3,Radar/18_Write/user4/4-1-3,1
18_Write/user5/4-3-1,18_Write,18,user5,4-3-1,Depth_Color/18_Write/user5/4-3-1,IR/18_Write/user5/4-3-1,Thermal/18_Write/user5/4-3-1,Skeleton/18_Write/user5/4-3-1,IMU/18_Write/user5/4-3-1,Radar/18_Write/user5/4-3-1,2
18_Write/user5/4-3-3,18_Write,18,user5,4-3-3,Depth_Color/18_Write/user5/4-3-3,IR/18_Write/user5/4-3-3,Thermal/18_Write/user5/4-3-3,Skeleton/18_Write/user5/4-3-3,IMU/18_Write/user5/4-3-3,Radar/18_Write/user5/4-3-3,2
18_Write/user6/4-1-1,18_Write,18,user6,4-1-1,Depth_Color/18_Write/user6/4-1-1,IR/18_Write/user6/4-1-1,Thermal/18_Write/user6/4-1-1,Skeleton/18_Write/user6/4-1-1,IMU/18_Write/user6/4-1-1,Radar/18_Write/user6/4-1-1,1
18_Write/user6/4-1-2,18_Write,18,user6,4-1-2,Depth_Color/18_Write/user6/4-1-2,IR/18_Write/user6/4-1-2,Thermal/18_Write/user6/4-1-2,Skeleton/18_Write/user6/4-1-2,IMU/18_Write/user6/4-1-2,Radar/18_Write/user6/4-1-2,1
18_Write/user6/4-1-3,18_Write,18,user6,4-1-3,Depth_Color/18_Write/user6/4-1-3,IR/18_Write/user6/4-1-3,Thermal/18_Write/user6/4-1-3,Skeleton/18_Write/user6/4-1-3,IMU/18_Write/user6/4-1-3,Radar/18_Write/user6/4-1-3,1
18_Write/user8/6-2-1,18_Write,18,user8,6-2-1,Depth_Color/18_Write/user8/6-2-1,IR/18_Write/user8/6-2-1,Thermal/18_Write/user8/6-2-1,Skeleton/18_Write/user8/6-2-1,IMU/18_Write/user8/6-2-1,Radar/18_Write/user8/6-2-1,2
18_Write/user8/6-2-2,18_Write,18,user8,6-2-2,Depth_Color/18_Write/user8/6-2-2,IR/18_Write/user8/6-2-2,Thermal/18_Write/user8/6-2-2,Skeleton/18_Write/user8/6-2-2,IMU/18_Write/user8/6-2-2,Radar/18_Write/user8/6-2-2,2
18_Write/user8/6-2-3,18_Write,18,user8,6-2-3,Depth_Color/18_Write/user8/6-2-3,IR/18_Write/user8/6-2-3,Thermal/18_Write/user8/6-2-3,Skeleton/18_Write/user8/6-2-3,IMU/18_Write/user8/6-2-3,Radar/18_Write/user8/6-2-3,2
19_Make_a_phone_call/user16/4-1-1,19_Make_a_phone_call,19,user16,4-1-1,Depth_Color/19_Make_a_phone_call/user16/4-1-1,IR/19_Make_a_phone_call/user16/4-1-1,Thermal/19_Make_a_phone_call/user16/4-1-1,Skeleton/19_Make_a_phone_call/user16/4-1-1,IMU/19_Make_a_phone_call/user16/4-1-1,Radar/19_Make_a_phone_call/user16/4-1-1,0
19_Make_a_phone_call/user16/4-1-2,19_Make_a_phone_call,19,user16,4-1-2,Depth_Color/19_Make_a_phone_call/user16/4-1-2,IR/19_Make_a_phone_call/user16/4-1-2,Thermal/19_Make_a_phone_call/user16/4-1-2,Skeleton/19_Make_a_phone_call/user16/4-1-2,IMU/19_Make_a_phone_call/user16/4-1-2,Radar/19_Make_a_phone_call/user16/4-1-2,0
19_Make_a_phone_call/user16/4-1-3,19_Make_a_phone_call,19,user16,4-1-3,Depth_Color/19_Make_a_phone_call/user16/4-1-3,IR/19_Make_a_phone_call/user16/4-1-3,Thermal/19_Make_a_phone_call/user16/4-1-3,Skeleton/19_Make_a_phone_call/user16/4-1-3,IMU/19_Make_a_phone_call/user16/4-1-3,Radar/19_Make_a_phone_call/user16/4-1-3,0
19_Make_a_phone_call/user18/1-2-1,19_Make_a_phone_call,19,user18,1-2-1,Depth_Color/19_Make_a_phone_call/user18/1-2-1,IR/19_Make_a_phone_call/user18/1-2-1,Thermal/19_Make_a_phone_call/user18/1-2-1,Skeleton/19_Make_a_phone_call/user18/1-2-1,IMU/19_Make_a_phone_call/user18/1-2-1,Radar/19_Make_a_phone_call/user18/1-2-1,1
19_Make_a_phone_call/user18/1-2-2,19_Make_a_phone_call,19,user18,1-2-2,Depth_Color/19_Make_a_phone_call/user18/1-2-2,IR/19_Make_a_phone_call/user18/1-2-2,Thermal/19_Make_a_phone_call/user18/1-2-2,Skeleton/19_Make_a_phone_call/user18/1-2-2,IMU/19_Make_a_phone_call/user18/1-2-2,Radar/19_Make_a_phone_call/user18/1-2-2,1
19_Make_a_phone_call/user18/1-2-3,19_Make_a_phone_call,19,user18,1-2-3,Depth_Color/19_Make_a_phone_call/user18/1-2-3,IR/19_Make_a_phone_call/user18/1-2-3,Thermal/19_Make_a_phone_call/user18/1-2-3,Skeleton/19_Make_a_phone_call/user18/1-2-3,IMU/19_Make_a_phone_call/user18/1-2-3,Radar/19_Make_a_phone_call/user18/1-2-3,1
19_Make_a_phone_call/user18/2-1-1,19_Make_a_phone_call,19,user18,2-1-1,Depth_Color/19_Make_a_phone_call/user18/2-1-1,IR/19_Make_a_phone_call/user18/2-1-1,Thermal/19_Make_a_phone_call/user18/2-1-1,Skeleton/19_Make_a_phone_call/user18/2-1-1,IMU/19_Make_a_phone_call/user18/2-1-1,Radar/19_Make_a_phone_call/user18/2-1-1,1
19_Make_a_phone_call/user18/2-1-2,19_Make_a_phone_call,19,user18,2-1-2,Depth_Color/19_Make_a_phone_call/user18/2-1-2,IR/19_Make_a_phone_call/user18/2-1-2,Thermal/19_Make_a_phone_call/user18/2-1-2,Skeleton/19_Make_a_phone_call/user18/2-1-2,IMU/19_Make_a_phone_call/user18/2-1-2,Radar/19_Make_a_phone_call/user18/2-1-2,1
19_Make_a_phone_call/user18/2-1-3,19_Make_a_phone_call,19,user18,2-1-3,Depth_Color/19_Make_a_phone_call/user18/2-1-3,IR/19_Make_a_phone_call/user18/2-1-3,Thermal/19_Make_a_phone_call/user18/2-1-3,Skeleton/19_Make_a_phone_call/user18/2-1-3,IMU/19_Make_a_phone_call/user18/2-1-3,Radar/19_Make_a_phone_call/user18/2-1-3,1
19_Make_a_phone_call/user2/4-1-1,19_Make_a_phone_call,19,user2,4-1-1,Depth_Color/19_Make_a_phone_call/user2/4-1-1,IR/19_Make_a_phone_call/user2/4-1-1,Thermal/19_Make_a_phone_call/user2/4-1-1,Skeleton/19_Make_a_phone_call/user2/4-1-1,IMU/19_Make_a_phone_call/user2/4-1-1,Radar/19_Make_a_phone_call/user2/4-1-1,0
19_Make_a_phone_call/user2/4-1-2,19_Make_a_phone_call,19,user2,4-1-2,Depth_Color/19_Make_a_phone_call/user2/4-1-2,IR/19_Make_a_phone_call/user2/4-1-2,Thermal/19_Make_a_phone_call/user2/4-1-2,Skeleton/19_Make_a_phone_call/user2/4-1-2,IMU/19_Make_a_phone_call/user2/4-1-2,Radar/19_Make_a_phone_call/user2/4-1-2,0
19_Make_a_phone_call/user2/4-1-3,19_Make_a_phone_call,19,user2,4-1-3,Depth_Color/19_Make_a_phone_call/user2/4-1-3,IR/19_Make_a_phone_call/user2/4-1-3,Thermal/19_Make_a_phone_call/user2/4-1-3,Skeleton/19_Make_a_phone_call/user2/4-1-3,IMU/19_Make_a_phone_call/user2/4-1-3,Radar/19_Make_a_phone_call/user2/4-1-3,0
19_Make_a_phone_call/user21/4-1-1,19_Make_a_phone_call,19,user21,4-1-1,Depth_Color/19_Make_a_phone_call/user21/4-1-1,IR/19_Make_a_phone_call/user21/4-1-1,Thermal/19_Make_a_phone_call/user21/4-1-1,Skeleton/19_Make_a_phone_call/user21/4-1-1,IMU/19_Make_a_phone_call/user21/4-1-1,Radar/19_Make_a_phone_call/user21/4-1-1,0
19_Make_a_phone_call/user21/4-1-2,19_Make_a_phone_call,19,user21,4-1-2,Depth_Color/19_Make_a_phone_call/user21/4-1-2,IR/19_Make_a_phone_call/user21/4-1-2,Thermal/19_Make_a_phone_call/user21/4-1-2,Skeleton/19_Make_a_phone_call/user21/4-1-2,IMU/19_Make_a_phone_call/user21/4-1-2,Radar/19_Make_a_phone_call/user21/4-1-2,0
19_Make_a_phone_call/user21/4-1-3,19_Make_a_phone_call,19,user21,4-1-3,Depth_Color/19_Make_a_phone_call/user21/4-1-3,IR/19_Make_a_phone_call/user21/4-1-3,Thermal/19_Make_a_phone_call/user21/4-1-3,Skeleton/19_Make_a_phone_call/user21/4-1-3,IMU/19_Make_a_phone_call/user21/4-1-3,Radar/19_Make_a_phone_call/user21/4-1-3,0
19_Make_a_phone_call/user22/4-1-1,19_Make_a_phone_call,19,user22,4-1-1,Depth_Color/19_Make_a_phone_call/user22/4-1-1,IR/19_Make_a_phone_call/user22/4-1-1,Thermal/19_Make_a_phone_call/user22/4-1-1,Skeleton/19_Make_a_phone_call/user22/4-1-1,IMU/19_Make_a_phone_call/user22/4-1-1,Radar/19_Make_a_phone_call/user22/4-1-1,1
19_Make_a_phone_call/user22/4-1-2,19_Make_a_phone_call,19,user22,4-1-2,Depth_Color/19_Make_a_phone_call/user22/4-1-2,IR/19_Make_a_phone_call/user22/4-1-2,Thermal/19_Make_a_phone_call/user22/4-1-2,Skeleton/19_Make_a_phone_call/user22/4-1-2,IMU/19_Make_a_phone_call/user22/4-1-2,Radar/19_Make_a_phone_call/user22/4-1-2,1
19_Make_a_phone_call/user22/4-1-3,19_Make_a_phone_call,19,user22,4-1-3,Depth_Color/19_Make_a_phone_call/user22/4-1-3,IR/19_Make_a_phone_call/user22/4-1-3,Thermal/19_Make_a_phone_call/user22/4-1-3,Skeleton/19_Make_a_phone_call/user22/4-1-3,IMU/19_Make_a_phone_call/user22/4-1-3,Radar/19_Make_a_phone_call/user22/4-1-3,1
19_Make_a_phone_call/user23/4-2-1,19_Make_a_phone_call,19,user23,4-2-1,Depth_Color/19_Make_a_phone_call/user23/4-2-1,IR/19_Make_a_phone_call/user23/4-2-1,Thermal/19_Make_a_phone_call/user23/4-2-1,Skeleton/19_Make_a_phone_call/user23/4-2-1,IMU/19_Make_a_phone_call/user23/4-2-1,Radar/19_Make_a_phone_call/user23/4-2-1,0
19_Make_a_phone_call/user23/4-2-2,19_Make_a_phone_call,19,user23,4-2-2,Depth_Color/19_Make_a_phone_call/user23/4-2-2,IR/19_Make_a_phone_call/user23/4-2-2,Thermal/19_Make_a_phone_call/user23/4-2-2,Skeleton/19_Make_a_phone_call/user23/4-2-2,IMU/19_Make_a_phone_call/user23/4-2-2,Radar/19_Make_a_phone_call/user23/4-2-2,0
19_Make_a_phone_call/user23/4-2-3,19_Make_a_phone_call,19,user23,4-2-3,Depth_Color/19_Make_a_phone_call/user23/4-2-3,IR/19_Make_a_phone_call/user23/4-2-3,Thermal/19_Make_a_phone_call/user23/4-2-3,Skeleton/19_Make_a_phone_call/user23/4-2-3,IMU/19_Make_a_phone_call/user23/4-2-3,Radar/19_Make_a_phone_call/user23/4-2-3,0
19_Make_a_phone_call/user24/3-2-1,19_Make_a_phone_call,19,user24,3-2-1,Depth_Color/19_Make_a_phone_call/user24/3-2-1,IR/19_Make_a_phone_call/user24/3-2-1,Thermal/19_Make_a_phone_call/user24/3-2-1,Skeleton/19_Make_a_phone_call/user24/3-2-1,IMU/19_Make_a_phone_call/user24/3-2-1,Radar/19_Make_a_phone_call/user24/3-2-1,2
19_Make_a_phone_call/user24/3-2-2,19_Make_a_phone_call,19,user24,3-2-2,Depth_Color/19_Make_a_phone_call/user24/3-2-2,IR/19_Make_a_phone_call/user24/3-2-2,Thermal/19_Make_a_phone_call/user24/3-2-2,Skeleton/19_Make_a_phone_call/user24/3-2-2,IMU/19_Make_a_phone_call/user24/3-2-2,Radar/19_Make_a_phone_call/user24/3-2-2,2
19_Make_a_phone_call/user24/3-2-3,19_Make_a_phone_call,19,user24,3-2-3,Depth_Color/19_Make_a_phone_call/user24/3-2-3,IR/19_Make_a_phone_call/user24/3-2-3,Thermal/19_Make_a_phone_call/user24/3-2-3,Skeleton/19_Make_a_phone_call/user24/3-2-3,IMU/19_Make_a_phone_call/user24/3-2-3,Radar/19_Make_a_phone_call/user24/3-2-3,2
19_Make_a_phone_call/user3/3-2-1,19_Make_a_phone_call,19,user3,3-2-1,Depth_Color/19_Make_a_phone_call/user3/3-2-1,IR/19_Make_a_phone_call/user3/3-2-1,Thermal/19_Make_a_phone_call/user3/3-2-1,Skeleton/19_Make_a_phone_call/user3/3-2-1,IMU/19_Make_a_phone_call/user3/3-2-1,Radar/19_Make_a_phone_call/user3/3-2-1,2
19_Make_a_phone_call/user3/3-2-2,19_Make_a_phone_call,19,user3,3-2-2,Depth_Color/19_Make_a_phone_call/user3/3-2-2,IR/19_Make_a_phone_call/user3/3-2-2,Thermal/19_Make_a_phone_call/user3/3-2-2,Skeleton/19_Make_a_phone_call/user3/3-2-2,IMU/19_Make_a_phone_call/user3/3-2-2,Radar/19_Make_a_phone_call/user3/3-2-2,2
19_Make_a_phone_call/user3/3-2-3,19_Make_a_phone_call,19,user3,3-2-3,Depth_Color/19_Make_a_phone_call/user3/3-2-3,IR/19_Make_a_phone_call/user3/3-2-3,Thermal/19_Make_a_phone_call/user3/3-2-3,Skeleton/19_Make_a_phone_call/user3/3-2-3,IMU/19_Make_a_phone_call/user3/3-2-3,Radar/19_Make_a_phone_call/user3/3-2-3,2
19_Make_a_phone_call/user3/4-1-1,19_Make_a_phone_call,19,user3,4-1-1,Depth_Color/19_Make_a_phone_call/user3/4-1-1,IR/19_Make_a_phone_call/user3/4-1-1,Thermal/19_Make_a_phone_call/user3/4-1-1,Skeleton/19_Make_a_phone_call/user3/4-1-1,IMU/19_Make_a_phone_call/user3/4-1-1,Radar/19_Make_a_phone_call/user3/4-1-1,2
19_Make_a_phone_call/user3/4-1-2,19_Make_a_phone_call,19,user3,4-1-2,Depth_Color/19_Make_a_phone_call/user3/4-1-2,IR/19_Make_a_phone_call/user3/4-1-2,Thermal/19_Make_a_phone_call/user3/4-1-2,Skeleton/19_Make_a_phone_call/user3/4-1-2,IMU/19_Make_a_phone_call/user3/4-1-2,Radar/19_Make_a_phone_call/user3/4-1-2,2
19_Make_a_phone_call/user3/4-1-3,19_Make_a_phone_call,19,user3,4-1-3,Depth_Color/19_Make_a_phone_call/user3/4-1-3,IR/19_Make_a_phone_call/user3/4-1-3,Thermal/19_Make_a_phone_call/user3/4-1-3,Skeleton/19_Make_a_phone_call/user3/4-1-3,IMU/19_Make_a_phone_call/user3/4-1-3,Radar/19_Make_a_phone_call/user3/4-1-3,2
19_Make_a_phone_call/user4/6-1-2,19_Make_a_phone_call,19,user4,6-1-2,Depth_Color/19_Make_a_phone_call/user4/6-1-2,IR/19_Make_a_phone_call/user4/6-1-2,Thermal/19_Make_a_phone_call/user4/6-1-2,Skeleton/19_Make_a_phone_call/user4/6-1-2,IMU/19_Make_a_phone_call/user4/6-1-2,Radar/19_Make_a_phone_call/user4/6-1-2,1
19_Make_a_phone_call/user4/6-1-3,19_Make_a_phone_call,19,user4,6-1-3,Depth_Color/19_Make_a_phone_call/user4/6-1-3,IR/19_Make_a_phone_call/user4/6-1-3,Thermal/19_Make_a_phone_call/user4/6-1-3,Skeleton/19_Make_a_phone_call/user4/6-1-3,IMU/19_Make_a_phone_call/user4/6-1-3,Radar/19_Make_a_phone_call/user4/6-1-3,1
19_Make_a_phone_call/user5/4-1-1,19_Make_a_phone_call,19,user5,4-1-1,Depth_Color/19_Make_a_phone_call/user5/4-1-1,IR/19_Make_a_phone_call/user5/4-1-1,Thermal/19_Make_a_phone_call/user5/4-1-1,Skeleton/19_Make_a_phone_call/user5/4-1-1,IMU/19_Make_a_phone_call/user5/4-1-1,Radar/19_Make_a_phone_call/user5/4-1-1,2
19_Make_a_phone_call/user5/4-1-2,19_Make_a_phone_call,19,user5,4-1-2,Depth_Color/19_Make_a_phone_call/user5/4-1-2,IR/19_Make_a_phone_call/user5/4-1-2,,Skeleton/19_Make_a_phone_call/user5/4-1-2,IMU/19_Make_a_phone_call/user5/4-1-2,Radar/19_Make_a_phone_call/user5/4-1-2,2
19_Make_a_phone_call/user5/4-1-3,19_Make_a_phone_call,19,user5,4-1-3,Depth_Color/19_Make_a_phone_call/user5/4-1-3,IR/19_Make_a_phone_call/user5/4-1-3,Thermal/19_Make_a_phone_call/user5/4-1-3,Skeleton/19_Make_a_phone_call/user5/4-1-3,IMU/19_Make_a_phone_call/user5/4-1-3,Radar/19_Make_a_phone_call/user5/4-1-3,2
19_Make_a_phone_call/user6/4-1-1,19_Make_a_phone_call,19,user6,4-1-1,Depth_Color/19_Make_a_phone_call/user6/4-1-1,IR/19_Make_a_phone_call/user6/4-1-1,Thermal/19_Make_a_phone_call/user6/4-1-1,Skeleton/19_Make_a_phone_call/user6/4-1-1,IMU/19_Make_a_phone_call/user6/4-1-1,Radar/19_Make_a_phone_call/user6/4-1-1,1
19_Make_a_phone_call/user6/4-1-2,19_Make_a_phone_call,19,user6,4-1-2,Depth_Color/19_Make_a_phone_call/user6/4-1-2,IR/19_Make_a_phone_call/user6/4-1-2,Thermal/19_Make_a_phone_call/user6/4-1-2,Skeleton/19_Make_a_phone_call/user6/4-1-2,IMU/19_Make_a_phone_call/user6/4-1-2,Radar/19_Make_a_phone_call/user6/4-1-2,1
19_Make_a_phone_call/user6/4-1-3,19_Make_a_phone_call,19,user6,4-1-3,Depth_Color/19_Make_a_phone_call/user6/4-1-3,IR/19_Make_a_phone_call/user6/4-1-3,Thermal/19_Make_a_phone_call/user6/4-1-3,Skeleton/19_Make_a_phone_call/user6/4-1-3,IMU/19_Make_a_phone_call/user6/4-1-3,Radar/19_Make_a_phone_call/user6/4-1-3,1
19_Make_a_phone_call/user8/1-2-1,19_Make_a_phone_call,19,user8,1-2-1,Depth_Color/19_Make_a_phone_call/user8/1-2-1,IR/19_Make_a_phone_call/user8/1-2-1,Thermal/19_Make_a_phone_call/user8/1-2-1,Skeleton/19_Make_a_phone_call/user8/1-2-1,IMU/19_Make_a_phone_call/user8/1-2-1,Radar/19_Make_a_phone_call/user8/1-2-1,2
19_Make_a_phone_call/user8/1-2-2,19_Make_a_phone_call,19,user8,1-2-2,Depth_Color/19_Make_a_phone_call/user8/1-2-2,IR/19_Make_a_phone_call/user8/1-2-2,Thermal/19_Make_a_phone_call/user8/1-2-2,Skeleton/19_Make_a_phone_call/user8/1-2-2,IMU/19_Make_a_phone_call/user8/1-2-2,Radar/19_Make_a_phone_call/user8/1-2-2,2
19_Make_a_phone_call/user8/1-2-3,19_Make_a_phone_call,19,user8,1-2-3,Depth_Color/19_Make_a_phone_call/user8/1-2-3,IR/19_Make_a_phone_call/user8/1-2-3,Thermal/19_Make_a_phone_call/user8/1-2-3,Skeleton/19_Make_a_phone_call/user8/1-2-3,IMU/19_Make_a_phone_call/user8/1-2-3,Radar/19_Make_a_phone_call/user8/1-2-3,2
19_Make_a_phone_call/user8/2-1-1,19_Make_a_phone_call,19,user8,2-1-1,Depth_Color/19_Make_a_phone_call/user8/2-1-1,IR/19_Make_a_phone_call/user8/2-1-1,Thermal/19_Make_a_phone_call/user8/2-1-1,Skeleton/19_Make_a_phone_call/user8/2-1-1,IMU/19_Make_a_phone_call/user8/2-1-1,Radar/19_Make_a_phone_call/user8/2-1-1,2
19_Make_a_phone_call/user8/2-1-3,19_Make_a_phone_call,19,user8,2-1-3,Depth_Color/19_Make_a_phone_call/user8/2-1-3,IR/19_Make_a_phone_call/user8/2-1-3,Thermal/19_Make_a_phone_call/user8/2-1-3,Skeleton/19_Make_a_phone_call/user8/2-1-3,IMU/19_Make_a_phone_call/user8/2-1-3,Radar/19_Make_a_phone_call/user8/2-1-3,2
20_Check_the_time/user1/3-2-1,20_Check_the_time,20,user1,3-2-1,Depth_Color/20_Check_the_time/user1/3-2-1,IR/20_Check_the_time/user1/3-2-1,Thermal/20_Check_the_time/user1/3-2-1,Skeleton/20_Check_the_time/user1/3-2-1,IMU/20_Check_the_time/user1/3-2-1,Radar/20_Check_the_time/user1/3-2-1,1
20_Check_the_time/user1/3-2-2,20_Check_the_time,20,user1,3-2-2,Depth_Color/20_Check_the_time/user1/3-2-2,IR/20_Check_the_time/user1/3-2-2,Thermal/20_Check_the_time/user1/3-2-2,Skeleton/20_Check_the_time/user1/3-2-2,IMU/20_Check_the_time/user1/3-2-2,Radar/20_Check_the_time/user1/3-2-2,1
20_Check_the_time/user1/3-2-3,20_Check_the_time,20,user1,3-2-3,Depth_Color/20_Check_the_time/user1/3-2-3,IR/20_Check_the_time/user1/3-2-3,Thermal/20_Check_the_time/user1/3-2-3,Skeleton/20_Check_the_time/user1/3-2-3,IMU/20_Check_the_time/user1/3-2-3,Radar/20_Check_the_time/user1/3-2-3,1
20_Check_the_time/user1/5-1-1,20_Check_the_time,20,user1,5-1-1,Depth_Color/20_Check_the_time/user1/5-1-1,IR/20_Check_the_time/user1/5-1-1,Thermal/20_Check_the_time/user1/5-1-1,Skeleton/20_Check_the_time/user1/5-1-1,IMU/20_Check_the_time/user1/5-1-1,Radar/20_Check_the_time/user1/5-1-1,1
20_Check_the_time/user1/5-1-2,20_Check_the_time,20,user1,5-1-2,Depth_Color/20_Check_the_time/user1/5-1-2,IR/20_Check_the_time/user1/5-1-2,Thermal/20_Check_the_time/user1/5-1-2,Skeleton/20_Check_the_time/user1/5-1-2,IMU/20_Check_the_time/user1/5-1-2,Radar/20_Check_the_time/user1/5-1-2,1
20_Check_the_time/user1/5-1-3,20_Check_the_time,20,user1,5-1-3,Depth_Color/20_Check_the_time/user1/5-1-3,IR/20_Check_the_time/user1/5-1-3,Thermal/20_Check_the_time/user1/5-1-3,Skeleton/20_Check_the_time/user1/5-1-3,IMU/20_Check_the_time/user1/5-1-3,Radar/20_Check_the_time/user1/5-1-3,1
20_Check_the_time/user16/4-1-1,20_Check_the_time,20,user16,4-1-1,Depth_Color/20_Check_the_time/user16/4-1-1,IR/20_Check_the_time/user16/4-1-1,Thermal/20_Check_the_time/user16/4-1-1,Skeleton/20_Check_the_time/user16/4-1-1,IMU/20_Check_the_time/user16/4-1-1,Radar/20_Check_the_time/user16/4-1-1,0
20_Check_the_time/user16/4-1-2,20_Check_the_time,20,user16,4-1-2,Depth_Color/20_Check_the_time/user16/4-1-2,IR/20_Check_the_time/user16/4-1-2,Thermal/20_Check_the_time/user16/4-1-2,Skeleton/20_Check_the_time/user16/4-1-2,IMU/20_Check_the_time/user16/4-1-2,Radar/20_Check_the_time/user16/4-1-2,0
20_Check_the_time/user16/4-1-3,20_Check_the_time,20,user16,4-1-3,Depth_Color/20_Check_the_time/user16/4-1-3,IR/20_Check_the_time/user16/4-1-3,Thermal/20_Check_the_time/user16/4-1-3,Skeleton/20_Check_the_time/user16/4-1-3,IMU/20_Check_the_time/user16/4-1-3,Radar/20_Check_the_time/user16/4-1-3,0
20_Check_the_time/user16/5-3-1,20_Check_the_time,20,user16,5-3-1,Depth_Color/20_Check_the_time/user16/5-3-1,IR/20_Check_the_time/user16/5-3-1,Thermal/20_Check_the_time/user16/5-3-1,Skeleton/20_Check_the_time/user16/5-3-1,IMU/20_Check_the_time/user16/5-3-1,Radar/20_Check_the_time/user16/5-3-1,0
20_Check_the_time/user16/5-3-2,20_Check_the_time,20,user16,5-3-2,Depth_Color/20_Check_the_time/user16/5-3-2,IR/20_Check_the_time/user16/5-3-2,Thermal/20_Check_the_time/user16/5-3-2,Skeleton/20_Check_the_time/user16/5-3-2,IMU/20_Check_the_time/user16/5-3-2,Radar/20_Check_the_time/user16/5-3-2,0
20_Check_the_time/user16/5-3-3,20_Check_the_time,20,user16,5-3-3,Depth_Color/20_Check_the_time/user16/5-3-3,IR/20_Check_the_time/user16/5-3-3,Thermal/20_Check_the_time/user16/5-3-3,Skeleton/20_Check_the_time/user16/5-3-3,IMU/20_Check_the_time/user16/5-3-3,Radar/20_Check_the_time/user16/5-3-3,0
20_Check_the_time/user16/7-3-1,20_Check_the_time,20,user16,7-3-1,Depth_Color/20_Check_the_time/user16/7-3-1,IR/20_Check_the_time/user16/7-3-1,Thermal/20_Check_the_time/user16/7-3-1,Skeleton/20_Check_the_time/user16/7-3-1,IMU/20_Check_the_time/user16/7-3-1,Radar/20_Check_the_time/user16/7-3-1,0
20_Check_the_time/user16/7-3-2,20_Check_the_time,20,user16,7-3-2,Depth_Color/20_Check_the_time/user16/7-3-2,IR/20_Check_the_time/user16/7-3-2,Thermal/20_Check_the_time/user16/7-3-2,Skeleton/20_Check_the_time/user16/7-3-2,IMU/20_Check_the_time/user16/7-3-2,Radar/20_Check_the_time/user16/7-3-2,0
20_Check_the_time/user16/7-3-3,20_Check_the_time,20,user16,7-3-3,Depth_Color/20_Check_the_time/user16/7-3-3,IR/20_Check_the_time/user16/7-3-3,Thermal/20_Check_the_time/user16/7-3-3,Skeleton/20_Check_the_time/user16/7-3-3,IMU/20_Check_the_time/user16/7-3-3,Radar/20_Check_the_time/user16/7-3-3,0
20_Check_the_time/user17/1-2-1,20_Check_the_time,20,user17,1-2-1,Depth_Color/20_Check_the_time/user17/1-2-1,IR/20_Check_the_time/user17/1-2-1,Thermal/20_Check_the_time/user17/1-2-1,Skeleton/20_Check_the_time/user17/1-2-1,IMU/20_Check_the_time/user17/1-2-1,Radar/20_Check_the_time/user17/1-2-1,2
20_Check_the_time/user17/1-2-2,20_Check_the_time,20,user17,1-2-2,Depth_Color/20_Check_the_time/user17/1-2-2,IR/20_Check_the_time/user17/1-2-2,Thermal/20_Check_the_time/user17/1-2-2,Skeleton/20_Check_the_time/user17/1-2-2,IMU/20_Check_the_time/user17/1-2-2,Radar/20_Check_the_time/user17/1-2-2,2
20_Check_the_time/user17/1-2-3,20_Check_the_time,20,user17,1-2-3,Depth_Color/20_Check_the_time/user17/1-2-3,IR/20_Check_the_time/user17/1-2-3,Thermal/20_Check_the_time/user17/1-2-3,Skeleton/20_Check_the_time/user17/1-2-3,IMU/20_Check_the_time/user17/1-2-3,Radar/20_Check_the_time/user17/1-2-3,2
20_Check_the_time/user17/4-1-1,20_Check_the_time,20,user17,4-1-1,Depth_Color/20_Check_the_time/user17/4-1-1,IR/20_Check_the_time/user17/4-1-1,Thermal/20_Check_the_time/user17/4-1-1,Skeleton/20_Check_the_time/user17/4-1-1,IMU/20_Check_the_time/user17/4-1-1,Radar/20_Check_the_time/user17/4-1-1,2
20_Check_the_time/user17/4-1-2,20_Check_the_time,20,user17,4-1-2,Depth_Color/20_Check_the_time/user17/4-1-2,IR/20_Check_the_time/user17/4-1-2,Thermal/20_Check_the_time/user17/4-1-2,Skeleton/20_Check_the_time/user17/4-1-2,IMU/20_Check_the_time/user17/4-1-2,Radar/20_Check_the_time/user17/4-1-2,2
20_Check_the_time/user17/4-1-3,20_Check_the_time,20,user17,4-1-3,Depth_Color/20_Check_the_time/user17/4-1-3,IR/20_Check_the_time/user17/4-1-3,Thermal/20_Check_the_time/user17/4-1-3,Skeleton/20_Check_the_time/user17/4-1-3,IMU/20_Check_the_time/user17/4-1-3,Radar/20_Check_the_time/user17/4-1-3,2
20_Check_the_time/user18/2-1-1,20_Check_the_time,20,user18,2-1-1,Depth_Color/20_Check_the_time/user18/2-1-1,IR/20_Check_the_time/user18/2-1-1,Thermal/20_Check_the_time/user18/2-1-1,Skeleton/20_Check_the_time/user18/2-1-1,IMU/20_Check_the_time/user18/2-1-1,Radar/20_Check_the_time/user18/2-1-1,1
20_Check_the_time/user18/2-1-2,20_Check_the_time,20,user18,2-1-2,Depth_Color/20_Check_the_time/user18/2-1-2,IR/20_Check_the_time/user18/2-1-2,Thermal/20_Check_the_time/user18/2-1-2,Skeleton/20_Check_the_time/user18/2-1-2,IMU/20_Check_the_time/user18/2-1-2,Radar/20_Check_the_time/user18/2-1-2,1
20_Check_the_time/user18/2-1-3,20_Check_the_time,20,user18,2-1-3,Depth_Color/20_Check_the_time/user18/2-1-3,IR/20_Check_the_time/user18/2-1-3,Thermal/20_Check_the_time/user18/2-1-3,Skeleton/20_Check_the_time/user18/2-1-3,IMU/20_Check_the_time/user18/2-1-3,Radar/20_Check_the_time/user18/2-1-3,1
20_Check_the_time/user18/5-1-1,20_Check_the_time,20,user18,5-1-1,Depth_Color/20_Check_the_time/user18/5-1-1,IR/20_Check_the_time/user18/5-1-1,Thermal/20_Check_the_time/user18/5-1-1,Skeleton/20_Check_the_time/user18/5-1-1,IMU/20_Check_the_time/user18/5-1-1,Radar/20_Check_the_time/user18/5-1-1,1
20_Check_the_time/user18/5-1-2,20_Check_the_time,20,user18,5-1-2,Depth_Color/20_Check_the_time/user18/5-1-2,IR/20_Check_the_time/user18/5-1-2,Thermal/20_Check_the_time/user18/5-1-2,Skeleton/20_Check_the_time/user18/5-1-2,IMU/20_Check_the_time/user18/5-1-2,Radar/20_Check_the_time/user18/5-1-2,1
20_Check_the_time/user18/5-1-3,20_Check_the_time,20,user18,5-1-3,Depth_Color/20_Check_the_time/user18/5-1-3,IR/20_Check_the_time/user18/5-1-3,Thermal/20_Check_the_time/user18/5-1-3,Skeleton/20_Check_the_time/user18/5-1-3,IMU/20_Check_the_time/user18/5-1-3,Radar/20_Check_the_time/user18/5-1-3,1
20_Check_the_time/user18/6-2-1,20_Check_the_time,20,user18,6-2-1,Depth_Color/20_Check_the_time/user18/6-2-1,IR/20_Check_the_time/user18/6-2-1,Thermal/20_Check_the_time/user18/6-2-1,Skeleton/20_Check_the_time/user18/6-2-1,IMU/20_Check_the_time/user18/6-2-1,Radar/20_Check_the_time/user18/6-2-1,1
20_Check_the_time/user18/6-2-2,20_Check_the_time,20,user18,6-2-2,Depth_Color/20_Check_the_time/user18/6-2-2,IR/20_Check_the_time/user18/6-2-2,Thermal/20_Check_the_time/user18/6-2-2,Skeleton/20_Check_the_time/user18/6-2-2,IMU/20_Check_the_time/user18/6-2-2,Radar/20_Check_the_time/user18/6-2-2,1
20_Check_the_time/user18/6-2-3,20_Check_the_time,20,user18,6-2-3,Depth_Color/20_Check_the_time/user18/6-2-3,IR/20_Check_the_time/user18/6-2-3,Thermal/20_Check_the_time/user18/6-2-3,Skeleton/20_Check_the_time/user18/6-2-3,IMU/20_Check_the_time/user18/6-2-3,Radar/20_Check_the_time/user18/6-2-3,1
20_Check_the_time/user19/4-1-1,20_Check_the_time,20,user19,4-1-1,Depth_Color/20_Check_the_time/user19/4-1-1,IR/20_Check_the_time/user19/4-1-1,Thermal/20_Check_the_time/user19/4-1-1,Skeleton/20_Check_the_time/user19/4-1-1,IMU/20_Check_the_time/user19/4-1-1,Radar/20_Check_the_time/user19/4-1-1,2
20_Check_the_time/user19/4-1-2,20_Check_the_time,20,user19,4-1-2,Depth_Color/20_Check_the_time/user19/4-1-2,IR/20_Check_the_time/user19/4-1-2,Thermal/20_Check_the_time/user19/4-1-2,Skeleton/20_Check_the_time/user19/4-1-2,IMU/20_Check_the_time/user19/4-1-2,Radar/20_Check_the_time/user19/4-1-2,2
20_Check_the_time/user19/4-1-3,20_Check_the_time,20,user19,4-1-3,Depth_Color/20_Check_the_time/user19/4-1-3,IR/20_Check_the_time/user19/4-1-3,Thermal/20_Check_the_time/user19/4-1-3,Skeleton/20_Check_the_time/user19/4-1-3,IMU/20_Check_the_time/user19/4-1-3,Radar/20_Check_the_time/user19/4-1-3,2
20_Check_the_time/user19/5-3-1,20_Check_the_time,20,user19,5-3-1,Depth_Color/20_Check_the_time/user19/5-3-1,IR/20_Check_the_time/user19/5-3-1,Thermal/20_Check_the_time/user19/5-3-1,Skeleton/20_Check_the_time/user19/5-3-1,IMU/20_Check_the_time/user19/5-3-1,Radar/20_Check_the_time/user19/5-3-1,2
20_Check_the_time/user19/5-3-2,20_Check_the_time,20,user19,5-3-2,Depth_Color/20_Check_the_time/user19/5-3-2,IR/20_Check_the_time/user19/5-3-2,Thermal/20_Check_the_time/user19/5-3-2,Skeleton/20_Check_the_time/user19/5-3-2,IMU/20_Check_the_time/user19/5-3-2,Radar/20_Check_the_time/user19/5-3-2,2
20_Check_the_time/user19/5-3-3,20_Check_the_time,20,user19,5-3-3,Depth_Color/20_Check_the_time/user19/5-3-3,IR/20_Check_the_time/user19/5-3-3,Thermal/20_Check_the_time/user19/5-3-3,Skeleton/20_Check_the_time/user19/5-3-3,IMU/20_Check_the_time/user19/5-3-3,Radar/20_Check_the_time/user19/5-3-3,2
20_Check_the_time/user20/1-1-1,20_Check_the_time,20,user20,1-1-1,Depth_Color/20_Check_the_time/user20/1-1-1,IR/20_Check_the_time/user20/1-1-1,Thermal/20_Check_the_time/user20/1-1-1,Skeleton/20_Check_the_time/user20/1-1-1,IMU/20_Check_the_time/user20/1-1-1,Radar/20_Check_the_time/user20/1-1-1,0
20_Check_the_time/user20/1-1-2,20_Check_the_time,20,user20,1-1-2,Depth_Color/20_Check_the_time/user20/1-1-2,IR/20_Check_the_time/user20/1-1-2,Thermal/20_Check_the_time/user20/1-1-2,Skeleton/20_Check_the_time/user20/1-1-2,IMU/20_Check_the_time/user20/1-1-2,Radar/20_Check_the_time/user20/1-1-2,0
20_Check_the_time/user20/1-1-3,20_Check_the_time,20,user20,1-1-3,Depth_Color/20_Check_the_time/user20/1-1-3,IR/20_Check_the_time/user20/1-1-3,Thermal/20_Check_the_time/user20/1-1-3,Skeleton/20_Check_the_time/user20/1-1-3,IMU/20_Check_the_time/user20/1-1-3,Radar/20_Check_the_time/user20/1-1-3,0
20_Check_the_time/user20/2-2-1,20_Check_the_time,20,user20,2-2-1,Depth_Color/20_Check_the_time/user20/2-2-1,IR/20_Check_the_time/user20/2-2-1,Thermal/20_Check_the_time/user20/2-2-1,Skeleton/20_Check_the_time/user20/2-2-1,IMU/20_Check_the_time/user20/2-2-1,Radar/20_Check_the_time/user20/2-2-1,0
20_Check_the_time/user20/2-2-2,20_Check_the_time,20,user20,2-2-2,Depth_Color/20_Check_the_time/user20/2-2-2,IR/20_Check_the_time/user20/2-2-2,Thermal/20_Check_the_time/user20/2-2-2,Skeleton/20_Check_the_time/user20/2-2-2,IMU/20_Check_the_time/user20/2-2-2,Radar/20_Check_the_time/user20/2-2-2,0
20_Check_the_time/user20/2-2-3,20_Check_the_time,20,user20,2-2-3,Depth_Color/20_Check_the_time/user20/2-2-3,IR/20_Check_the_time/user20/2-2-3,Thermal/20_Check_the_time/user20/2-2-3,Skeleton/20_Check_the_time/user20/2-2-3,IMU/20_Check_the_time/user20/2-2-3,Radar/20_Check_the_time/user20/2-2-3,0
20_Check_the_time/user20/4-1-1,20_Check_the_time,20,user20,4-1-1,Depth_Color/20_Check_the_time/user20/4-1-1,IR/20_Check_the_time/user20/4-1-1,Thermal/20_Check_the_time/user20/4-1-1,Skeleton/20_Check_the_time/user20/4-1-1,IMU/20_Check_the_time/user20/4-1-1,Radar/20_Check_the_time/user20/4-1-1,0
20_Check_the_time/user20/4-1-2,20_Check_the_time,20,user20,4-1-2,Depth_Color/20_Check_the_time/user20/4-1-2,IR/20_Check_the_time/user20/4-1-2,Thermal/20_Check_the_time/user20/4-1-2,Skeleton/20_Check_the_time/user20/4-1-2,IMU/20_Check_the_time/user20/4-1-2,Radar/20_Check_the_time/user20/4-1-2,0
20_Check_the_time/user20/4-1-3,20_Check_the_time,20,user20,4-1-3,Depth_Color/20_Check_the_time/user20/4-1-3,IR/20_Check_the_time/user20/4-1-3,Thermal/20_Check_the_time/user20/4-1-3,Skeleton/20_Check_the_time/user20/4-1-3,IMU/20_Check_the_time/user20/4-1-3,Radar/20_Check_the_time/user20/4-1-3,0
20_Check_the_time/user20/5-1-1,20_Check_the_time,20,user20,5-1-1,Depth_Color/20_Check_the_time/user20/5-1-1,IR/20_Check_the_time/user20/5-1-1,Thermal/20_Check_the_time/user20/5-1-1,Skeleton/20_Check_the_time/user20/5-1-1,IMU/20_Check_the_time/user20/5-1-1,Radar/20_Check_the_time/user20/5-1-1,0
20_Check_the_time/user20/5-1-2,20_Check_the_time,20,user20,5-1-2,Depth_Color/20_Check_the_time/user20/5-1-2,IR/20_Check_the_time/user20/5-1-2,Thermal/20_Check_the_time/user20/5-1-2,Skeleton/20_Check_the_time/user20/5-1-2,IMU/20_Check_the_time/user20/5-1-2,Radar/20_Check_the_time/user20/5-1-2,0
20_Check_the_time/user20/5-1-3,20_Check_the_time,20,user20,5-1-3,Depth_Color/20_Check_the_time/user20/5-1-3,IR/20_Check_the_time/user20/5-1-3,Thermal/20_Check_the_time/user20/5-1-3,Skeleton/20_Check_the_time/user20/5-1-3,IMU/20_Check_the_time/user20/5-1-3,Radar/20_Check_the_time/user20/5-1-3,0
20_Check_the_time/user21/2-2-1,20_Check_the_time,20,user21,2-2-1,Depth_Color/20_Check_the_time/user21/2-2-1,IR/20_Check_the_time/user21/2-2-1,Thermal/20_Check_the_time/user21/2-2-1,Skeleton/20_Check_the_time/user21/2-2-1,IMU/20_Check_the_time/user21/2-2-1,Radar/20_Check_the_time/user21/2-2-1,0
20_Check_the_time/user21/2-2-2,20_Check_the_time,20,user21,2-2-2,Depth_Color/20_Check_the_time/user21/2-2-2,IR/20_Check_the_time/user21/2-2-2,Thermal/20_Check_the_time/user21/2-2-2,Skeleton/20_Check_the_time/user21/2-2-2,IMU/20_Check_the_time/user21/2-2-2,Radar/20_Check_the_time/user21/2-2-2,0
20_Check_the_time/user21/2-2-3,20_Check_the_time,20,user21,2-2-3,Depth_Color/20_Check_the_time/user21/2-2-3,IR/20_Check_the_time/user21/2-2-3,Thermal/20_Check_the_time/user21/2-2-3,Skeleton/20_Check_the_time/user21/2-2-3,IMU/20_Check_the_time/user21/2-2-3,Radar/20_Check_the_time/user21/2-2-3,0
20_Check_the_time/user21/6-2-1,20_Check_the_time,20,user21,6-2-1,Depth_Color/20_Check_the_time/user21/6-2-1,IR/20_Check_the_time/user21/6-2-1,Thermal/20_Check_the_time/user21/6-2-1,Skeleton/20_Check_the_time/user21/6-2-1,IMU/20_Check_the_time/user21/6-2-1,Radar/20_Check_the_time/user21/6-2-1,0
20_Check_the_time/user21/6-2-2,20_Check_the_time,20,user21,6-2-2,Depth_Color/20_Check_the_time/user21/6-2-2,IR/20_Check_the_time/user21/6-2-2,Thermal/20_Check_the_time/user21/6-2-2,Skeleton/20_Check_the_time/user21/6-2-2,IMU/20_Check_the_time/user21/6-2-2,Radar/20_Check_the_time/user21/6-2-2,0
20_Check_the_time/user21/6-2-3,20_Check_the_time,20,user21,6-2-3,Depth_Color/20_Check_the_time/user21/6-2-3,IR/20_Check_the_time/user21/6-2-3,Thermal/20_Check_the_time/user21/6-2-3,Skeleton/20_Check_the_time/user21/6-2-3,IMU/20_Check_the_time/user21/6-2-3,Radar/20_Check_the_time/user21/6-2-3,0
20_Check_the_time/user22/6-1-1,20_Check_the_time,20,user22,6-1-1,Depth_Color/20_Check_the_time/user22/6-1-1,IR/20_Check_the_time/user22/6-1-1,Thermal/20_Check_the_time/user22/6-1-1,Skeleton/20_Check_the_time/user22/6-1-1,IMU/20_Check_the_time/user22/6-1-1,Radar/20_Check_the_time/user22/6-1-1,1
20_Check_the_time/user22/6-1-2,20_Check_the_time,20,user22,6-1-2,Depth_Color/20_Check_the_time/user22/6-1-2,IR/20_Check_the_time/user22/6-1-2,,Skeleton/20_Check_the_time/user22/6-1-2,IMU/20_Check_the_time/user22/6-1-2,Radar/20_Check_the_time/user22/6-1-2,1
20_Check_the_time/user22/6-1-3,20_Check_the_time,20,user22,6-1-3,Depth_Color/20_Check_the_time/user22/6-1-3,IR/20_Check_the_time/user22/6-1-3,Thermal/20_Check_the_time/user22/6-1-3,Skeleton/20_Check_the_time/user22/6-1-3,IMU/20_Check_the_time/user22/6-1-3,Radar/20_Check_the_time/user22/6-1-3,1
20_Check_the_time/user24/7-2-1,20_Check_the_time,20,user24,7-2-1,Depth_Color/20_Check_the_time/user24/7-2-1,IR/20_Check_the_time/user24/7-2-1,Thermal/20_Check_the_time/user24/7-2-1,Skeleton/20_Check_the_time/user24/7-2-1,IMU/20_Check_the_time/user24/7-2-1,Radar/20_Check_the_time/user24/7-2-1,2
20_Check_the_time/user24/7-2-2,20_Check_the_time,20,user24,7-2-2,Depth_Color/20_Check_the_time/user24/7-2-2,IR/20_Check_the_time/user24/7-2-2,Thermal/20_Check_the_time/user24/7-2-2,Skeleton/20_Check_the_time/user24/7-2-2,IMU/20_Check_the_time/user24/7-2-2,Radar/20_Check_the_time/user24/7-2-2,2
20_Check_the_time/user24/7-2-3,20_Check_the_time,20,user24,7-2-3,Depth_Color/20_Check_the_time/user24/7-2-3,IR/20_Check_the_time/user24/7-2-3,Thermal/20_Check_the_time/user24/7-2-3,Skeleton/20_Check_the_time/user24/7-2-3,IMU/20_Check_the_time/user24/7-2-3,Radar/20_Check_the_time/user24/7-2-3,2
20_Check_the_time/user4/5-2-1,20_Check_the_time,20,user4,5-2-1,Depth_Color/20_Check_the_time/user4/5-2-1,IR/20_Check_the_time/user4/5-2-1,Thermal/20_Check_the_time/user4/5-2-1,Skeleton/20_Check_the_time/user4/5-2-1,IMU/20_Check_the_time/user4/5-2-1,Radar/20_Check_the_time/user4/5-2-1,1
20_Check_the_time/user4/5-2-2,20_Check_the_time,20,user4,5-2-2,Depth_Color/20_Check_the_time/user4/5-2-2,IR/20_Check_the_time/user4/5-2-2,Thermal/20_Check_the_time/user4/5-2-2,Skeleton/20_Check_the_time/user4/5-2-2,IMU/20_Check_the_time/user4/5-2-2,Radar/20_Check_the_time/user4/5-2-2,1
20_Check_the_time/user4/5-2-3,20_Check_the_time,20,user4,5-2-3,Depth_Color/20_Check_the_time/user4/5-2-3,IR/20_Check_the_time/user4/5-2-3,Thermal/20_Check_the_time/user4/5-2-3,Skeleton/20_Check_the_time/user4/5-2-3,IMU/20_Check_the_time/user4/5-2-3,Radar/20_Check_the_time/user4/5-2-3,1
20_Check_the_time/user5/4-1-1,20_Check_the_time,20,user5,4-1-1,Depth_Color/20_Check_the_time/user5/4-1-1,IR/20_Check_the_time/user5/4-1-1,Thermal/20_Check_the_time/user5/4-1-1,Skeleton/20_Check_the_time/user5/4-1-1,IMU/20_Check_the_time/user5/4-1-1,Radar/20_Check_the_time/user5/4-1-1,2
20_Check_the_time/user5/4-1-2,20_Check_the_time,20,user5,4-1-2,Depth_Color/20_Check_the_time/user5/4-1-2,IR/20_Check_the_time/user5/4-1-2,,Skeleton/20_Check_the_time/user5/4-1-2,IMU/20_Check_the_time/user5/4-1-2,Radar/20_Check_the_time/user5/4-1-2,2
20_Check_the_time/user5/4-1-3,20_Check_the_time,20,user5,4-1-3,Depth_Color/20_Check_the_time/user5/4-1-3,IR/20_Check_the_time/user5/4-1-3,Thermal/20_Check_the_time/user5/4-1-3,Skeleton/20_Check_the_time/user5/4-1-3,IMU/20_Check_the_time/user5/4-1-3,Radar/20_Check_the_time/user5/4-1-3,2
20_Check_the_time/user6/4-1-1,20_Check_the_time,20,user6,4-1-1,Depth_Color/20_Check_the_time/user6/4-1-1,IR/20_Check_the_time/user6/4-1-1,Thermal/20_Check_the_time/user6/4-1-1,Skeleton/20_Check_the_time/user6/4-1-1,IMU/20_Check_the_time/user6/4-1-1,Radar/20_Check_the_time/user6/4-1-1,1
20_Check_the_time/user6/4-1-2,20_Check_the_time,20,user6,4-1-2,Depth_Color/20_Check_the_time/user6/4-1-2,IR/20_Check_the_time/user6/4-1-2,Thermal/20_Check_the_time/user6/4-1-2,Skeleton/20_Check_the_time/user6/4-1-2,IMU/20_Check_the_time/user6/4-1-2,Radar/20_Check_the_time/user6/4-1-2,1
20_Check_the_time/user6/4-1-3,20_Check_the_time,20,user6,4-1-3,Depth_Color/20_Check_the_time/user6/4-1-3,IR/20_Check_the_time/user6/4-1-3,Thermal/20_Check_the_time/user6/4-1-3,Skeleton/20_Check_the_time/user6/4-1-3,IMU/20_Check_the_time/user6/4-1-3,Radar/20_Check_the_time/user6/4-1-3,1
20_Check_the_time/user6/5-3-1,20_Check_the_time,20,user6,5-3-1,Depth_Color/20_Check_the_time/user6/5-3-1,IR/20_Check_the_time/user6/5-3-1,Thermal/20_Check_the_time/user6/5-3-1,Skeleton/20_Check_the_time/user6/5-3-1,IMU/20_Check_the_time/user6/5-3-1,Radar/20_Check_the_time/user6/5-3-1,1
20_Check_the_time/user6/5-3-2,20_Check_the_time,20,user6,5-3-2,Depth_Color/20_Check_the_time/user6/5-3-2,IR/20_Check_the_time/user6/5-3-2,Thermal/20_Check_the_time/user6/5-3-2,Skeleton/20_Check_the_time/user6/5-3-2,IMU/20_Check_the_time/user6/5-3-2,Radar/20_Check_the_time/user6/5-3-2,1
20_Check_the_time/user6/5-3-3,20_Check_the_time,20,user6,5-3-3,Depth_Color/20_Check_the_time/user6/5-3-3,IR/20_Check_the_time/user6/5-3-3,Thermal/20_Check_the_time/user6/5-3-3,Skeleton/20_Check_the_time/user6/5-3-3,IMU/20_Check_the_time/user6/5-3-3,Radar/20_Check_the_time/user6/5-3-3,1
20_Check_the_time/user6/6-2-1,20_Check_the_time,20,user6,6-2-1,Depth_Color/20_Check_the_time/user6/6-2-1,IR/20_Check_the_time/user6/6-2-1,Thermal/20_Check_the_time/user6/6-2-1,Skeleton/20_Check_the_time/user6/6-2-1,IMU/20_Check_the_time/user6/6-2-1,Radar/20_Check_the_time/user6/6-2-1,1
20_Check_the_time/user6/6-2-2,20_Check_the_time,20,user6,6-2-2,Depth_Color/20_Check_the_time/user6/6-2-2,IR/20_Check_the_time/user6/6-2-2,Thermal/20_Check_the_time/user6/6-2-2,Skeleton/20_Check_the_time/user6/6-2-2,IMU/20_Check_the_time/user6/6-2-2,Radar/20_Check_the_time/user6/6-2-2,1
20_Check_the_time/user6/6-2-3,20_Check_the_time,20,user6,6-2-3,Depth_Color/20_Check_the_time/user6/6-2-3,IR/20_Check_the_time/user6/6-2-3,Thermal/20_Check_the_time/user6/6-2-3,Skeleton/20_Check_the_time/user6/6-2-3,IMU/20_Check_the_time/user6/6-2-3,Radar/20_Check_the_time/user6/6-2-3,1
20_Check_the_time/user6/7-3-1,20_Check_the_time,20,user6,7-3-1,Depth_Color/20_Check_the_time/user6/7-3-1,IR/20_Check_the_time/user6/7-3-1,Thermal/20_Check_the_time/user6/7-3-1,Skeleton/20_Check_the_time/user6/7-3-1,IMU/20_Check_the_time/user6/7-3-1,Radar/20_Check_the_time/user6/7-3-1,1
20_Check_the_time/user6/7-3-2,20_Check_the_time,20,user6,7-3-2,Depth_Color/20_Check_the_time/user6/7-3-2,IR/20_Check_the_time/user6/7-3-2,Thermal/20_Check_the_time/user6/7-3-2,Skeleton/20_Check_the_time/user6/7-3-2,IMU/20_Check_the_time/user6/7-3-2,Radar/20_Check_the_time/user6/7-3-2,1
20_Check_the_time/user6/7-3-3,20_Check_the_time,20,user6,7-3-3,Depth_Color/20_Check_the_time/user6/7-3-3,IR/20_Check_the_time/user6/7-3-3,Thermal/20_Check_the_time/user6/7-3-3,Skeleton/20_Check_the_time/user6/7-3-3,IMU/20_Check_the_time/user6/7-3-3,Radar/20_Check_the_time/user6/7-3-3,1
20_Check_the_time/user7/4-1-1,20_Check_the_time,20,user7,4-1-1,Depth_Color/20_Check_the_time/user7/4-1-1,IR/20_Check_the_time/user7/4-1-1,Thermal/20_Check_the_time/user7/4-1-1,Skeleton/20_Check_the_time/user7/4-1-1,IMU/20_Check_the_time/user7/4-1-1,Radar/20_Check_the_time/user7/4-1-1,0
20_Check_the_time/user7/4-1-2,20_Check_the_time,20,user7,4-1-2,Depth_Color/20_Check_the_time/user7/4-1-2,IR/20_Check_the_time/user7/4-1-2,Thermal/20_Check_the_time/user7/4-1-2,Skeleton/20_Check_the_time/user7/4-1-2,IMU/20_Check_the_time/user7/4-1-2,Radar/20_Check_the_time/user7/4-1-2,0
20_Check_the_time/user7/4-1-3,20_Check_the_time,20,user7,4-1-3,Depth_Color/20_Check_the_time/user7/4-1-3,IR/20_Check_the_time/user7/4-1-3,Thermal/20_Check_the_time/user7/4-1-3,Skeleton/20_Check_the_time/user7/4-1-3,IMU/20_Check_the_time/user7/4-1-3,Radar/20_Check_the_time/user7/4-1-3,0
20_Check_the_time/user8/2-1-1,20_Check_the_time,20,user8,2-1-1,Depth_Color/20_Check_the_time/user8/2-1-1,IR/20_Check_the_time/user8/2-1-1,Thermal/20_Check_the_time/user8/2-1-1,Skeleton/20_Check_the_time/user8/2-1-1,IMU/20_Check_the_time/user8/2-1-1,Radar/20_Check_the_time/user8/2-1-1,2
20_Check_the_time/user8/2-1-2,20_Check_the_time,20,user8,2-1-2,Depth_Color/20_Check_the_time/user8/2-1-2,IR/20_Check_the_time/user8/2-1-2,Thermal/20_Check_the_time/user8/2-1-2,Skeleton/20_Check_the_time/user8/2-1-2,IMU/20_Check_the_time/user8/2-1-2,Radar/20_Check_the_time/user8/2-1-2,2
20_Check_the_time/user8/2-1-3,20_Check_the_time,20,user8,2-1-3,Depth_Color/20_Check_the_time/user8/2-1-3,IR/20_Check_the_time/user8/2-1-3,Thermal/20_Check_the_time/user8/2-1-3,Skeleton/20_Check_the_time/user8/2-1-3,IMU/20_Check_the_time/user8/2-1-3,Radar/20_Check_the_time/user8/2-1-3,2
20_Check_the_time/user8/5-1-1,20_Check_the_time,20,user8,5-1-1,Depth_Color/20_Check_the_time/user8/5-1-1,IR/20_Check_the_time/user8/5-1-1,Thermal/20_Check_the_time/user8/5-1-1,Skeleton/20_Check_the_time/user8/5-1-1,IMU/20_Check_the_time/user8/5-1-1,Radar/20_Check_the_time/user8/5-1-1,2
20_Check_the_time/user8/5-1-2,20_Check_the_time,20,user8,5-1-2,Depth_Color/20_Check_the_time/user8/5-1-2,IR/20_Check_the_time/user8/5-1-2,Thermal/20_Check_the_time/user8/5-1-2,Skeleton/20_Check_the_time/user8/5-1-2,IMU/20_Check_the_time/user8/5-1-2,Radar/20_Check_the_time/user8/5-1-2,2
20_Check_the_time/user8/5-1-3,20_Check_the_time,20,user8,5-1-3,Depth_Color/20_Check_the_time/user8/5-1-3,IR/20_Check_the_time/user8/5-1-3,Thermal/20_Check_the_time/user8/5-1-3,Skeleton/20_Check_the_time/user8/5-1-3,IMU/20_Check_the_time/user8/5-1-3,Radar/20_Check_the_time/user8/5-1-3,2
20_Check_the_time/user8/6-1-1,20_Check_the_time,20,user8,6-1-1,,,Thermal/20_Check_the_time/user8/6-1-1,,,,2
20_Check_the_time/user8/6-1-2,20_Check_the_time,20,user8,6-1-2,,,Thermal/20_Check_the_time/user8/6-1-2,,,,2
20_Check_the_time/user8/6-2-1,20_Check_the_time,20,user8,6-2-1,Depth_Color/20_Check_the_time/user8/6-2-1,IR/20_Check_the_time/user8/6-2-1,,Skeleton/20_Check_the_time/user8/6-2-1,IMU/20_Check_the_time/user8/6-2-1,Radar/20_Check_the_time/user8/6-2-1,2
20_Check_the_time/user9/5-3-1,20_Check_the_time,20,user9,5-3-1,Depth_Color/20_Check_the_time/user9/5-3-1,IR/20_Check_the_time/user9/5-3-1,Thermal/20_Check_the_time/user9/5-3-1,Skeleton/20_Check_the_time/user9/5-3-1,IMU/20_Check_the_time/user9/5-3-1,Radar/20_Check_the_time/user9/5-3-1,1
20_Check_the_time/user9/5-3-2,20_Check_the_time,20,user9,5-3-2,Depth_Color/20_Check_the_time/user9/5-3-2,IR/20_Check_the_time/user9/5-3-2,Thermal/20_Check_the_time/user9/5-3-2,Skeleton/20_Check_the_time/user9/5-3-2,IMU/20_Check_the_time/user9/5-3-2,Radar/20_Check_the_time/user9/5-3-2,1
20_Check_the_time/user9/5-3-3,20_Check_the_time,20,user9,5-3-3,Depth_Color/20_Check_the_time/user9/5-3-3,IR/20_Check_the_time/user9/5-3-3,Thermal/20_Check_the_time/user9/5-3-3,Skeleton/20_Check_the_time/user9/5-3-3,IMU/20_Check_the_time/user9/5-3-3,Radar/20_Check_the_time/user9/5-3-3,1
20_Check_the_time/user9/6-1-1,20_Check_the_time,20,user9,6-1-1,Depth_Color/20_Check_the_time/user9/6-1-1,IR/20_Check_the_time/user9/6-1-1,Thermal/20_Check_the_time/user9/6-1-1,Skeleton/20_Check_the_time/user9/6-1-1,IMU/20_Check_the_time/user9/6-1-1,Radar/20_Check_the_time/user9/6-1-1,1
20_Check_the_time/user9/6-1-2,20_Check_the_time,20,user9,6-1-2,Depth_Color/20_Check_the_time/user9/6-1-2,IR/20_Check_the_time/user9/6-1-2,Thermal/20_Check_the_time/user9/6-1-2,Skeleton/20_Check_the_time/user9/6-1-2,IMU/20_Check_the_time/user9/6-1-2,Radar/20_Check_the_time/user9/6-1-2,1
20_Check_the_time/user9/6-1-3,20_Check_the_time,20,user9,6-1-3,Depth_Color/20_Check_the_time/user9/6-1-3,IR/20_Check_the_time/user9/6-1-3,Thermal/20_Check_the_time/user9/6-1-3,Skeleton/20_Check_the_time/user9/6-1-3,IMU/20_Check_the_time/user9/6-1-3,Radar/20_Check_the_time/user9/6-1-3,1
21_Read_documents/user1/6-2-1,21_Read_documents,21,user1,6-2-1,Depth_Color/21_Read_documents/user1/6-2-1,IR/21_Read_documents/user1/6-2-1,Thermal/21_Read_documents/user1/6-2-1,Skeleton/21_Read_documents/user1/6-2-1,IMU/21_Read_documents/user1/6-2-1,Radar/21_Read_documents/user1/6-2-1,1
21_Read_documents/user1/6-2-2,21_Read_documents,21,user1,6-2-2,Depth_Color/21_Read_documents/user1/6-2-2,IR/21_Read_documents/user1/6-2-2,Thermal/21_Read_documents/user1/6-2-2,Skeleton/21_Read_documents/user1/6-2-2,IMU/21_Read_documents/user1/6-2-2,Radar/21_Read_documents/user1/6-2-2,1
21_Read_documents/user1/6-2-3,21_Read_documents,21,user1,6-2-3,Depth_Color/21_Read_documents/user1/6-2-3,IR/21_Read_documents/user1/6-2-3,Thermal/21_Read_documents/user1/6-2-3,Skeleton/21_Read_documents/user1/6-2-3,IMU/21_Read_documents/user1/6-2-3,Radar/21_Read_documents/user1/6-2-3,1
21_Read_documents/user16/4-1-1,21_Read_documents,21,user16,4-1-1,Depth_Color/21_Read_documents/user16/4-1-1,IR/21_Read_documents/user16/4-1-1,Thermal/21_Read_documents/user16/4-1-1,Skeleton/21_Read_documents/user16/4-1-1,IMU/21_Read_documents/user16/4-1-1,Radar/21_Read_documents/user16/4-1-1,0
21_Read_documents/user16/4-1-2,21_Read_documents,21,user16,4-1-2,Depth_Color/21_Read_documents/user16/4-1-2,IR/21_Read_documents/user16/4-1-2,Thermal/21_Read_documents/user16/4-1-2,Skeleton/21_Read_documents/user16/4-1-2,IMU/21_Read_documents/user16/4-1-2,Radar/21_Read_documents/user16/4-1-2,0
21_Read_documents/user16/4-1-3,21_Read_documents,21,user16,4-1-3,Depth_Color/21_Read_documents/user16/4-1-3,IR/21_Read_documents/user16/4-1-3,Thermal/21_Read_documents/user16/4-1-3,Skeleton/21_Read_documents/user16/4-1-3,IMU/21_Read_documents/user16/4-1-3,Radar/21_Read_documents/user16/4-1-3,0
21_Read_documents/user16/7-3-1,21_Read_documents,21,user16,7-3-1,Depth_Color/21_Read_documents/user16/7-3-1,IR/21_Read_documents/user16/7-3-1,Thermal/21_Read_documents/user16/7-3-1,Skeleton/21_Read_documents/user16/7-3-1,IMU/21_Read_documents/user16/7-3-1,Radar/21_Read_documents/user16/7-3-1,0
21_Read_documents/user16/7-3-2,21_Read_documents,21,user16,7-3-2,Depth_Color/21_Read_documents/user16/7-3-2,IR/21_Read_documents/user16/7-3-2,Thermal/21_Read_documents/user16/7-3-2,Skeleton/21_Read_documents/user16/7-3-2,IMU/21_Read_documents/user16/7-3-2,Radar/21_Read_documents/user16/7-3-2,0
21_Read_documents/user16/7-3-3,21_Read_documents,21,user16,7-3-3,Depth_Color/21_Read_documents/user16/7-3-3,IR/21_Read_documents/user16/7-3-3,Thermal/21_Read_documents/user16/7-3-3,Skeleton/21_Read_documents/user16/7-3-3,IMU/21_Read_documents/user16/7-3-3,Radar/21_Read_documents/user16/7-3-3,0
21_Read_documents/user17/4-1-1,21_Read_documents,21,user17,4-1-1,Depth_Color/21_Read_documents/user17/4-1-1,IR/21_Read_documents/user17/4-1-1,Thermal/21_Read_documents/user17/4-1-1,Skeleton/21_Read_documents/user17/4-1-1,IMU/21_Read_documents/user17/4-1-1,Radar/21_Read_documents/user17/4-1-1,2
21_Read_documents/user17/4-1-2,21_Read_documents,21,user17,4-1-2,Depth_Color/21_Read_documents/user17/4-1-2,IR/21_Read_documents/user17/4-1-2,Thermal/21_Read_documents/user17/4-1-2,Skeleton/21_Read_documents/user17/4-1-2,IMU/21_Read_documents/user17/4-1-2,Radar/21_Read_documents/user17/4-1-2,2
21_Read_documents/user17/4-1-3,21_Read_documents,21,user17,4-1-3,Depth_Color/21_Read_documents/user17/4-1-3,IR/21_Read_documents/user17/4-1-3,Thermal/21_Read_documents/user17/4-1-3,Skeleton/21_Read_documents/user17/4-1-3,IMU/21_Read_documents/user17/4-1-3,Radar/21_Read_documents/user17/4-1-3,2
21_Read_documents/user18/1-2-1,21_Read_documents,21,user18,1-2-1,Depth_Color/21_Read_documents/user18/1-2-1,IR/21_Read_documents/user18/1-2-1,Thermal/21_Read_documents/user18/1-2-1,Skeleton/21_Read_documents/user18/1-2-1,IMU/21_Read_documents/user18/1-2-1,Radar/21_Read_documents/user18/1-2-1,1
21_Read_documents/user18/1-2-2,21_Read_documents,21,user18,1-2-2,Depth_Color/21_Read_documents/user18/1-2-2,IR/21_Read_documents/user18/1-2-2,Thermal/21_Read_documents/user18/1-2-2,Skeleton/21_Read_documents/user18/1-2-2,IMU/21_Read_documents/user18/1-2-2,Radar/21_Read_documents/user18/1-2-2,1
21_Read_documents/user18/1-2-3,21_Read_documents,21,user18,1-2-3,Depth_Color/21_Read_documents/user18/1-2-3,IR/21_Read_documents/user18/1-2-3,Thermal/21_Read_documents/user18/1-2-3,Skeleton/21_Read_documents/user18/1-2-3,IMU/21_Read_documents/user18/1-2-3,Radar/21_Read_documents/user18/1-2-3,1
21_Read_documents/user18/4-1-1,21_Read_documents,21,user18,4-1-1,Depth_Color/21_Read_documents/user18/4-1-1,IR/21_Read_documents/user18/4-1-1,Thermal/21_Read_documents/user18/4-1-1,Skeleton/21_Read_documents/user18/4-1-1,IMU/21_Read_documents/user18/4-1-1,Radar/21_Read_documents/user18/4-1-1,1
21_Read_documents/user18/4-1-2,21_Read_documents,21,user18,4-1-2,Depth_Color/21_Read_documents/user18/4-1-2,IR/21_Read_documents/user18/4-1-2,Thermal/21_Read_documents/user18/4-1-2,Skeleton/21_Read_documents/user18/4-1-2,IMU/21_Read_documents/user18/4-1-2,Radar/21_Read_documents/user18/4-1-2,1
21_Read_documents/user18/4-1-3,21_Read_documents,21,user18,4-1-3,Depth_Color/21_Read_documents/user18/4-1-3,IR/21_Read_documents/user18/4-1-3,Thermal/21_Read_documents/user18/4-1-3,Skeleton/21_Read_documents/user18/4-1-3,IMU/21_Read_documents/user18/4-1-3,Radar/21_Read_documents/user18/4-1-3,1
21_Read_documents/user19/4-1-1,21_Read_documents,21,user19,4-1-1,Depth_Color/21_Read_documents/user19/4-1-1,IR/21_Read_documents/user19/4-1-1,Thermal/21_Read_documents/user19/4-1-1,Skeleton/21_Read_documents/user19/4-1-1,IMU/21_Read_documents/user19/4-1-1,Radar/21_Read_documents/user19/4-1-1,2
21_Read_documents/user19/4-1-2,21_Read_documents,21,user19,4-1-2,Depth_Color/21_Read_documents/user19/4-1-2,IR/21_Read_documents/user19/4-1-2,Thermal/21_Read_documents/user19/4-1-2,Skeleton/21_Read_documents/user19/4-1-2,IMU/21_Read_documents/user19/4-1-2,Radar/21_Read_documents/user19/4-1-2,2
21_Read_documents/user19/4-1-3,21_Read_documents,21,user19,4-1-3,Depth_Color/21_Read_documents/user19/4-1-3,IR/21_Read_documents/user19/4-1-3,Thermal/21_Read_documents/user19/4-1-3,Skeleton/21_Read_documents/user19/4-1-3,IMU/21_Read_documents/user19/4-1-3,Radar/21_Read_documents/user19/4-1-3,2
21_Read_documents/user2/3-2-2,21_Read_documents,21,user2,3-2-2,Depth_Color/21_Read_documents/user2/3-2-2,IR/21_Read_documents/user2/3-2-2,Thermal/21_Read_documents/user2/3-2-2,Skeleton/21_Read_documents/user2/3-2-2,IMU/21_Read_documents/user2/3-2-2,Radar/21_Read_documents/user2/3-2-2,0
21_Read_documents/user2/3-2-3,21_Read_documents,21,user2,3-2-3,Depth_Color/21_Read_documents/user2/3-2-3,IR/21_Read_documents/user2/3-2-3,Thermal/21_Read_documents/user2/3-2-3,Skeleton/21_Read_documents/user2/3-2-3,IMU/21_Read_documents/user2/3-2-3,Radar/21_Read_documents/user2/3-2-3,0
21_Read_documents/user20/4-1-1,21_Read_documents,21,user20,4-1-1,Depth_Color/21_Read_documents/user20/4-1-1,IR/21_Read_documents/user20/4-1-1,Thermal/21_Read_documents/user20/4-1-1,Skeleton/21_Read_documents/user20/4-1-1,IMU/21_Read_documents/user20/4-1-1,Radar/21_Read_documents/user20/4-1-1,0
21_Read_documents/user20/4-1-2,21_Read_documents,21,user20,4-1-2,Depth_Color/21_Read_documents/user20/4-1-2,IR/21_Read_documents/user20/4-1-2,Thermal/21_Read_documents/user20/4-1-2,Skeleton/21_Read_documents/user20/4-1-2,IMU/21_Read_documents/user20/4-1-2,Radar/21_Read_documents/user20/4-1-2,0
21_Read_documents/user20/4-1-3,21_Read_documents,21,user20,4-1-3,Depth_Color/21_Read_documents/user20/4-1-3,IR/21_Read_documents/user20/4-1-3,Thermal/21_Read_documents/user20/4-1-3,Skeleton/21_Read_documents/user20/4-1-3,IMU/21_Read_documents/user20/4-1-3,Radar/21_Read_documents/user20/4-1-3,0
21_Read_documents/user22/1-2-1,21_Read_documents,21,user22,1-2-1,Depth_Color/21_Read_documents/user22/1-2-1,IR/21_Read_documents/user22/1-2-1,Thermal/21_Read_documents/user22/1-2-1,Skeleton/21_Read_documents/user22/1-2-1,IMU/21_Read_documents/user22/1-2-1,Radar/21_Read_documents/user22/1-2-1,1
21_Read_documents/user22/1-2-2,21_Read_documents,21,user22,1-2-2,Depth_Color/21_Read_documents/user22/1-2-2,IR/21_Read_documents/user22/1-2-2,Thermal/21_Read_documents/user22/1-2-2,Skeleton/21_Read_documents/user22/1-2-2,IMU/21_Read_documents/user22/1-2-2,Radar/21_Read_documents/user22/1-2-2,1
21_Read_documents/user22/1-2-3,21_Read_documents,21,user22,1-2-3,Depth_Color/21_Read_documents/user22/1-2-3,IR/21_Read_documents/user22/1-2-3,Thermal/21_Read_documents/user22/1-2-3,Skeleton/21_Read_documents/user22/1-2-3,IMU/21_Read_documents/user22/1-2-3,Radar/21_Read_documents/user22/1-2-3,1
21_Read_documents/user22/4-1-1,21_Read_documents,21,user22,4-1-1,Depth_Color/21_Read_documents/user22/4-1-1,IR/21_Read_documents/user22/4-1-1,Thermal/21_Read_documents/user22/4-1-1,Skeleton/21_Read_documents/user22/4-1-1,IMU/21_Read_documents/user22/4-1-1,Radar/21_Read_documents/user22/4-1-1,1
21_Read_documents/user22/4-1-2,21_Read_documents,21,user22,4-1-2,Depth_Color/21_Read_documents/user22/4-1-2,IR/21_Read_documents/user22/4-1-2,Thermal/21_Read_documents/user22/4-1-2,Skeleton/21_Read_documents/user22/4-1-2,IMU/21_Read_documents/user22/4-1-2,Radar/21_Read_documents/user22/4-1-2,1
21_Read_documents/user22/4-1-3,21_Read_documents,21,user22,4-1-3,Depth_Color/21_Read_documents/user22/4-1-3,IR/21_Read_documents/user22/4-1-3,Thermal/21_Read_documents/user22/4-1-3,Skeleton/21_Read_documents/user22/4-1-3,IMU/21_Read_documents/user22/4-1-3,Radar/21_Read_documents/user22/4-1-3,1
21_Read_documents/user23/4-1-1,21_Read_documents,21,user23,4-1-1,Depth_Color/21_Read_documents/user23/4-1-1,IR/21_Read_documents/user23/4-1-1,Thermal/21_Read_documents/user23/4-1-1,Skeleton/21_Read_documents/user23/4-1-1,IMU/21_Read_documents/user23/4-1-1,Radar/21_Read_documents/user23/4-1-1,0
21_Read_documents/user23/4-1-2,21_Read_documents,21,user23,4-1-2,Depth_Color/21_Read_documents/user23/4-1-2,IR/21_Read_documents/user23/4-1-2,Thermal/21_Read_documents/user23/4-1-2,Skeleton/21_Read_documents/user23/4-1-2,IMU/21_Read_documents/user23/4-1-2,Radar/21_Read_documents/user23/4-1-2,0
21_Read_documents/user23/4-1-3,21_Read_documents,21,user23,4-1-3,Depth_Color/21_Read_documents/user23/4-1-3,IR/21_Read_documents/user23/4-1-3,Thermal/21_Read_documents/user23/4-1-3,Skeleton/21_Read_documents/user23/4-1-3,IMU/21_Read_documents/user23/4-1-3,Radar/21_Read_documents/user23/4-1-3,0
21_Read_documents/user24/1-2-1,21_Read_documents,21,user24,1-2-1,Depth_Color/21_Read_documents/user24/1-2-1,IR/21_Read_documents/user24/1-2-1,Thermal/21_Read_documents/user24/1-2-1,Skeleton/21_Read_documents/user24/1-2-1,IMU/21_Read_documents/user24/1-2-1,Radar/21_Read_documents/user24/1-2-1,2
21_Read_documents/user24/1-2-2,21_Read_documents,21,user24,1-2-2,Depth_Color/21_Read_documents/user24/1-2-2,IR/21_Read_documents/user24/1-2-2,Thermal/21_Read_documents/user24/1-2-2,Skeleton/21_Read_documents/user24/1-2-2,IMU/21_Read_documents/user24/1-2-2,Radar/21_Read_documents/user24/1-2-2,2
21_Read_documents/user24/1-2-3,21_Read_documents,21,user24,1-2-3,Depth_Color/21_Read_documents/user24/1-2-3,IR/21_Read_documents/user24/1-2-3,Thermal/21_Read_documents/user24/1-2-3,Skeleton/21_Read_documents/user24/1-2-3,IMU/21_Read_documents/user24/1-2-3,Radar/21_Read_documents/user24/1-2-3,2
21_Read_documents/user24/7-2-1,21_Read_documents,21,user24,7-2-1,Depth_Color/21_Read_documents/user24/7-2-1,IR/21_Read_documents/user24/7-2-1,Thermal/21_Read_documents/user24/7-2-1,Skeleton/21_Read_documents/user24/7-2-1,IMU/21_Read_documents/user24/7-2-1,Radar/21_Read_documents/user24/7-2-1,2
21_Read_documents/user24/7-2-2,21_Read_documents,21,user24,7-2-2,Depth_Color/21_Read_documents/user24/7-2-2,IR/21_Read_documents/user24/7-2-2,Thermal/21_Read_documents/user24/7-2-2,Skeleton/21_Read_documents/user24/7-2-2,IMU/21_Read_documents/user24/7-2-2,Radar/21_Read_documents/user24/7-2-2,2
21_Read_documents/user24/7-2-3,21_Read_documents,21,user24,7-2-3,Depth_Color/21_Read_documents/user24/7-2-3,IR/21_Read_documents/user24/7-2-3,Thermal/21_Read_documents/user24/7-2-3,Skeleton/21_Read_documents/user24/7-2-3,IMU/21_Read_documents/user24/7-2-3,Radar/21_Read_documents/user24/7-2-3,2
21_Read_documents/user3/4-1-1,21_Read_documents,21,user3,4-1-1,Depth_Color/21_Read_documents/user3/4-1-1,IR/21_Read_documents/user3/4-1-1,Thermal/21_Read_documents/user3/4-1-1,Skeleton/21_Read_documents/user3/4-1-1,IMU/21_Read_documents/user3/4-1-1,Radar/21_Read_documents/user3/4-1-1,2
21_Read_documents/user3/4-1-2,21_Read_documents,21,user3,4-1-2,Depth_Color/21_Read_documents/user3/4-1-2,IR/21_Read_documents/user3/4-1-2,Thermal/21_Read_documents/user3/4-1-2,Skeleton/21_Read_documents/user3/4-1-2,IMU/21_Read_documents/user3/4-1-2,Radar/21_Read_documents/user3/4-1-2,2
21_Read_documents/user3/4-1-3,21_Read_documents,21,user3,4-1-3,Depth_Color/21_Read_documents/user3/4-1-3,IR/21_Read_documents/user3/4-1-3,Thermal/21_Read_documents/user3/4-1-3,Skeleton/21_Read_documents/user3/4-1-3,IMU/21_Read_documents/user3/4-1-3,Radar/21_Read_documents/user3/4-1-3,2
21_Read_documents/user3/5-2-1,21_Read_documents,21,user3,5-2-1,Depth_Color/21_Read_documents/user3/5-2-1,IR/21_Read_documents/user3/5-2-1,Thermal/21_Read_documents/user3/5-2-1,Skeleton/21_Read_documents/user3/5-2-1,IMU/21_Read_documents/user3/5-2-1,Radar/21_Read_documents/user3/5-2-1,2
21_Read_documents/user3/5-2-2,21_Read_documents,21,user3,5-2-2,Depth_Color/21_Read_documents/user3/5-2-2,IR/21_Read_documents/user3/5-2-2,Thermal/21_Read_documents/user3/5-2-2,Skeleton/21_Read_documents/user3/5-2-2,IMU/21_Read_documents/user3/5-2-2,Radar/21_Read_documents/user3/5-2-2,2
21_Read_documents/user3/5-2-3,21_Read_documents,21,user3,5-2-3,Depth_Color/21_Read_documents/user3/5-2-3,IR/21_Read_documents/user3/5-2-3,Thermal/21_Read_documents/user3/5-2-3,Skeleton/21_Read_documents/user3/5-2-3,IMU/21_Read_documents/user3/5-2-3,Radar/21_Read_documents/user3/5-2-3,2
21_Read_documents/user3/6-2-2,21_Read_documents,21,user3,6-2-2,Depth_Color/21_Read_documents/user3/6-2-2,IR/21_Read_documents/user3/6-2-2,,Skeleton/21_Read_documents/user3/6-2-2,IMU/21_Read_documents/user3/6-2-2,Radar/21_Read_documents/user3/6-2-2,2
21_Read_documents/user3/6-2-3,21_Read_documents,21,user3,6-2-3,Depth_Color/21_Read_documents/user3/6-2-3,IR/21_Read_documents/user3/6-2-3,,Skeleton/21_Read_documents/user3/6-2-3,IMU/21_Read_documents/user3/6-2-3,Radar/21_Read_documents/user3/6-2-3,2
21_Read_documents/user4/4-1-1,21_Read_documents,21,user4,4-1-1,Depth_Color/21_Read_documents/user4/4-1-1,IR/21_Read_documents/user4/4-1-1,Thermal/21_Read_documents/user4/4-1-1,Skeleton/21_Read_documents/user4/4-1-1,IMU/21_Read_documents/user4/4-1-1,Radar/21_Read_documents/user4/4-1-1,1
21_Read_documents/user4/4-1-2,21_Read_documents,21,user4,4-1-2,Depth_Color/21_Read_documents/user4/4-1-2,IR/21_Read_documents/user4/4-1-2,Thermal/21_Read_documents/user4/4-1-2,Skeleton/21_Read_documents/user4/4-1-2,IMU/21_Read_documents/user4/4-1-2,Radar/21_Read_documents/user4/4-1-2,1
21_Read_documents/user4/4-1-3,21_Read_documents,21,user4,4-1-3,Depth_Color/21_Read_documents/user4/4-1-3,IR/21_Read_documents/user4/4-1-3,Thermal/21_Read_documents/user4/4-1-3,Skeleton/21_Read_documents/user4/4-1-3,IMU/21_Read_documents/user4/4-1-3,Radar/21_Read_documents/user4/4-1-3,1
21_Read_documents/user5/2-1-1,21_Read_documents,21,user5,2-1-1,,,Thermal/21_Read_documents/user5/2-1-1,,,,2
21_Read_documents/user5/2-1-2,21_Read_documents,21,user5,2-1-2,,,Thermal/21_Read_documents/user5/2-1-2,,,,2
21_Read_documents/user5/2-1-3,21_Read_documents,21,user5,2-1-3,,,Thermal/21_Read_documents/user5/2-1-3,,,,2
21_Read_documents/user5/3-1-1,21_Read_documents,21,user5,3-1-1,,,Thermal/21_Read_documents/user5/3-1-1,,,,2
21_Read_documents/user5/3-1-2,21_Read_documents,21,user5,3-1-2,,,Thermal/21_Read_documents/user5/3-1-2,,,,2
21_Read_documents/user5/3-1-3,21_Read_documents,21,user5,3-1-3,,,Thermal/21_Read_documents/user5/3-1-3,,,,2
21_Read_documents/user5/4-3-1,21_Read_documents,21,user5,4-3-1,,,Thermal/21_Read_documents/user5/4-3-1,,,,2
21_Read_documents/user5/4-3-2,21_Read_documents,21,user5,4-3-2,,,Thermal/21_Read_documents/user5/4-3-2,,,,2
21_Read_documents/user5/4-3-3,21_Read_documents,21,user5,4-3-3,,,Thermal/21_Read_documents/user5/4-3-3,,,,2
21_Read_documents/user6/4-1-1,21_Read_documents,21,user6,4-1-1,Depth_Color/21_Read_documents/user6/4-1-1,IR/21_Read_documents/user6/4-1-1,Thermal/21_Read_documents/user6/4-1-1,Skeleton/21_Read_documents/user6/4-1-1,IMU/21_Read_documents/user6/4-1-1,Radar/21_Read_documents/user6/4-1-1,1
21_Read_documents/user6/4-1-2,21_Read_documents,21,user6,4-1-2,Depth_Color/21_Read_documents/user6/4-1-2,IR/21_Read_documents/user6/4-1-2,Thermal/21_Read_documents/user6/4-1-2,Skeleton/21_Read_documents/user6/4-1-2,IMU/21_Read_documents/user6/4-1-2,Radar/21_Read_documents/user6/4-1-2,1
21_Read_documents/user6/4-1-3,21_Read_documents,21,user6,4-1-3,Depth_Color/21_Read_documents/user6/4-1-3,IR/21_Read_documents/user6/4-1-3,Thermal/21_Read_documents/user6/4-1-3,Skeleton/21_Read_documents/user6/4-1-3,IMU/21_Read_documents/user6/4-1-3,Radar/21_Read_documents/user6/4-1-3,1
21_Read_documents/user6/7-3-1,21_Read_documents,21,user6,7-3-1,Depth_Color/21_Read_documents/user6/7-3-1,IR/21_Read_documents/user6/7-3-1,Thermal/21_Read_documents/user6/7-3-1,Skeleton/21_Read_documents/user6/7-3-1,IMU/21_Read_documents/user6/7-3-1,Radar/21_Read_documents/user6/7-3-1,1
21_Read_documents/user6/7-3-2,21_Read_documents,21,user6,7-3-2,Depth_Color/21_Read_documents/user6/7-3-2,IR/21_Read_documents/user6/7-3-2,Thermal/21_Read_documents/user6/7-3-2,Skeleton/21_Read_documents/user6/7-3-2,IMU/21_Read_documents/user6/7-3-2,Radar/21_Read_documents/user6/7-3-2,1
21_Read_documents/user6/7-3-3,21_Read_documents,21,user6,7-3-3,Depth_Color/21_Read_documents/user6/7-3-3,IR/21_Read_documents/user6/7-3-3,Thermal/21_Read_documents/user6/7-3-3,Skeleton/21_Read_documents/user6/7-3-3,IMU/21_Read_documents/user6/7-3-3,Radar/21_Read_documents/user6/7-3-3,1
21_Read_documents/user7/4-1-1,21_Read_documents,21,user7,4-1-1,Depth_Color/21_Read_documents/user7/4-1-1,IR/21_Read_documents/user7/4-1-1,Thermal/21_Read_documents/user7/4-1-1,Skeleton/21_Read_documents/user7/4-1-1,IMU/21_Read_documents/user7/4-1-1,Radar/21_Read_documents/user7/4-1-1,0
21_Read_documents/user7/4-1-2,21_Read_documents,21,user7,4-1-2,Depth_Color/21_Read_documents/user7/4-1-2,IR/21_Read_documents/user7/4-1-2,Thermal/21_Read_documents/user7/4-1-2,Skeleton/21_Read_documents/user7/4-1-2,IMU/21_Read_documents/user7/4-1-2,Radar/21_Read_documents/user7/4-1-2,0
21_Read_documents/user7/4-1-3,21_Read_documents,21,user7,4-1-3,Depth_Color/21_Read_documents/user7/4-1-3,IR/21_Read_documents/user7/4-1-3,Thermal/21_Read_documents/user7/4-1-3,Skeleton/21_Read_documents/user7/4-1-3,IMU/21_Read_documents/user7/4-1-3,Radar/21_Read_documents/user7/4-1-3,0
21_Read_documents/user8/1-2-1,21_Read_documents,21,user8,1-2-1,Depth_Color/21_Read_documents/user8/1-2-1,IR/21_Read_documents/user8/1-2-1,Thermal/21_Read_documents/user8/1-2-1,Skeleton/21_Read_documents/user8/1-2-1,IMU/21_Read_documents/user8/1-2-1,Radar/21_Read_documents/user8/1-2-1,2
21_Read_documents/user8/1-2-2,21_Read_documents,21,user8,1-2-2,Depth_Color/21_Read_documents/user8/1-2-2,IR/21_Read_documents/user8/1-2-2,Thermal/21_Read_documents/user8/1-2-2,Skeleton/21_Read_documents/user8/1-2-2,IMU/21_Read_documents/user8/1-2-2,Radar/21_Read_documents/user8/1-2-2,2
21_Read_documents/user8/1-2-3,21_Read_documents,21,user8,1-2-3,Depth_Color/21_Read_documents/user8/1-2-3,IR/21_Read_documents/user8/1-2-3,Thermal/21_Read_documents/user8/1-2-3,Skeleton/21_Read_documents/user8/1-2-3,IMU/21_Read_documents/user8/1-2-3,Radar/21_Read_documents/user8/1-2-3,2
21_Read_documents/user8/4-1-1,21_Read_documents,21,user8,4-1-1,Depth_Color/21_Read_documents/user8/4-1-1,IR/21_Read_documents/user8/4-1-1,Thermal/21_Read_documents/user8/4-1-1,Skeleton/21_Read_documents/user8/4-1-1,IMU/21_Read_documents/user8/4-1-1,Radar/21_Read_documents/user8/4-1-1,2
21_Read_documents/user8/4-1-2,21_Read_documents,21,user8,4-1-2,Depth_Color/21_Read_documents/user8/4-1-2,IR/21_Read_documents/user8/4-1-2,Thermal/21_Read_documents/user8/4-1-2,Skeleton/21_Read_documents/user8/4-1-2,IMU/21_Read_documents/user8/4-1-2,Radar/21_Read_documents/user8/4-1-2,2
21_Read_documents/user8/4-1-3,21_Read_documents,21,user8,4-1-3,Depth_Color/21_Read_documents/user8/4-1-3,IR/21_Read_documents/user8/4-1-3,Thermal/21_Read_documents/user8/4-1-3,Skeleton/21_Read_documents/user8/4-1-3,IMU/21_Read_documents/user8/4-1-3,Radar/21_Read_documents/user8/4-1-3,2
21_Read_documents/user9/4-1-1,21_Read_documents,21,user9,4-1-1,Depth_Color/21_Read_documents/user9/4-1-1,IR/21_Read_documents/user9/4-1-1,Thermal/21_Read_documents/user9/4-1-1,Skeleton/21_Read_documents/user9/4-1-1,IMU/21_Read_documents/user9/4-1-1,Radar/21_Read_documents/user9/4-1-1,1
21_Read_documents/user9/4-1-2,21_Read_documents,21,user9,4-1-2,Depth_Color/21_Read_documents/user9/4-1-2,IR/21_Read_documents/user9/4-1-2,Thermal/21_Read_documents/user9/4-1-2,Skeleton/21_Read_documents/user9/4-1-2,IMU/21_Read_documents/user9/4-1-2,Radar/21_Read_documents/user9/4-1-2,1
21_Read_documents/user9/4-1-3,21_Read_documents,21,user9,4-1-3,Depth_Color/21_Read_documents/user9/4-1-3,IR/21_Read_documents/user9/4-1-3,Thermal/21_Read_documents/user9/4-1-3,Skeleton/21_Read_documents/user9/4-1-3,IMU/21_Read_documents/user9/4-1-3,Radar/21_Read_documents/user9/4-1-3,1
21_Read_documents/user9/6-1-1,21_Read_documents,21,user9,6-1-1,Depth_Color/21_Read_documents/user9/6-1-1,IR/21_Read_documents/user9/6-1-1,Thermal/21_Read_documents/user9/6-1-1,Skeleton/21_Read_documents/user9/6-1-1,IMU/21_Read_documents/user9/6-1-1,Radar/21_Read_documents/user9/6-1-1,1
21_Read_documents/user9/6-1-2,21_Read_documents,21,user9,6-1-2,Depth_Color/21_Read_documents/user9/6-1-2,IR/21_Read_documents/user9/6-1-2,Thermal/21_Read_documents/user9/6-1-2,Skeleton/21_Read_documents/user9/6-1-2,IMU/21_Read_documents/user9/6-1-2,Radar/21_Read_documents/user9/6-1-2,1
21_Read_documents/user9/6-1-3,21_Read_documents,21,user9,6-1-3,Depth_Color/21_Read_documents/user9/6-1-3,IR/21_Read_documents/user9/6-1-3,Thermal/21_Read_documents/user9/6-1-3,Skeleton/21_Read_documents/user9/6-1-3,IMU/21_Read_documents/user9/6-1-3,Radar/21_Read_documents/user9/6-1-3,1
22_Turn_pages/user1/6-2-1,22_Turn_pages,22,user1,6-2-1,Depth_Color/22_Turn_pages/user1/6-2-1,IR/22_Turn_pages/user1/6-2-1,Thermal/22_Turn_pages/user1/6-2-1,Skeleton/22_Turn_pages/user1/6-2-1,IMU/22_Turn_pages/user1/6-2-1,Radar/22_Turn_pages/user1/6-2-1,1
22_Turn_pages/user1/6-2-2,22_Turn_pages,22,user1,6-2-2,Depth_Color/22_Turn_pages/user1/6-2-2,IR/22_Turn_pages/user1/6-2-2,Thermal/22_Turn_pages/user1/6-2-2,Skeleton/22_Turn_pages/user1/6-2-2,IMU/22_Turn_pages/user1/6-2-2,Radar/22_Turn_pages/user1/6-2-2,1
22_Turn_pages/user1/6-2-3,22_Turn_pages,22,user1,6-2-3,Depth_Color/22_Turn_pages/user1/6-2-3,IR/22_Turn_pages/user1/6-2-3,Thermal/22_Turn_pages/user1/6-2-3,Skeleton/22_Turn_pages/user1/6-2-3,IMU/22_Turn_pages/user1/6-2-3,Radar/22_Turn_pages/user1/6-2-3,1
22_Turn_pages/user16/4-1-1,22_Turn_pages,22,user16,4-1-1,Depth_Color/22_Turn_pages/user16/4-1-1,IR/22_Turn_pages/user16/4-1-1,Thermal/22_Turn_pages/user16/4-1-1,Skeleton/22_Turn_pages/user16/4-1-1,IMU/22_Turn_pages/user16/4-1-1,Radar/22_Turn_pages/user16/4-1-1,0
22_Turn_pages/user16/4-1-2,22_Turn_pages,22,user16,4-1-2,Depth_Color/22_Turn_pages/user16/4-1-2,IR/22_Turn_pages/user16/4-1-2,Thermal/22_Turn_pages/user16/4-1-2,Skeleton/22_Turn_pages/user16/4-1-2,IMU/22_Turn_pages/user16/4-1-2,Radar/22_Turn_pages/user16/4-1-2,0
22_Turn_pages/user16/4-1-3,22_Turn_pages,22,user16,4-1-3,Depth_Color/22_Turn_pages/user16/4-1-3,IR/22_Turn_pages/user16/4-1-3,Thermal/22_Turn_pages/user16/4-1-3,Skeleton/22_Turn_pages/user16/4-1-3,IMU/22_Turn_pages/user16/4-1-3,Radar/22_Turn_pages/user16/4-1-3,0
22_Turn_pages/user16/7-3-1,22_Turn_pages,22,user16,7-3-1,Depth_Color/22_Turn_pages/user16/7-3-1,IR/22_Turn_pages/user16/7-3-1,Thermal/22_Turn_pages/user16/7-3-1,Skeleton/22_Turn_pages/user16/7-3-1,IMU/22_Turn_pages/user16/7-3-1,Radar/22_Turn_pages/user16/7-3-1,0
22_Turn_pages/user16/7-3-2,22_Turn_pages,22,user16,7-3-2,Depth_Color/22_Turn_pages/user16/7-3-2,IR/22_Turn_pages/user16/7-3-2,Thermal/22_Turn_pages/user16/7-3-2,Skeleton/22_Turn_pages/user16/7-3-2,IMU/22_Turn_pages/user16/7-3-2,Radar/22_Turn_pages/user16/7-3-2,0
22_Turn_pages/user16/7-3-3,22_Turn_pages,22,user16,7-3-3,Depth_Color/22_Turn_pages/user16/7-3-3,IR/22_Turn_pages/user16/7-3-3,Thermal/22_Turn_pages/user16/7-3-3,Skeleton/22_Turn_pages/user16/7-3-3,IMU/22_Turn_pages/user16/7-3-3,Radar/22_Turn_pages/user16/7-3-3,0
22_Turn_pages/user18/1-2-1,22_Turn_pages,22,user18,1-2-1,Depth_Color/22_Turn_pages/user18/1-2-1,IR/22_Turn_pages/user18/1-2-1,Thermal/22_Turn_pages/user18/1-2-1,Skeleton/22_Turn_pages/user18/1-2-1,IMU/22_Turn_pages/user18/1-2-1,Radar/22_Turn_pages/user18/1-2-1,1
22_Turn_pages/user18/1-2-2,22_Turn_pages,22,user18,1-2-2,Depth_Color/22_Turn_pages/user18/1-2-2,IR/22_Turn_pages/user18/1-2-2,Thermal/22_Turn_pages/user18/1-2-2,Skeleton/22_Turn_pages/user18/1-2-2,IMU/22_Turn_pages/user18/1-2-2,Radar/22_Turn_pages/user18/1-2-2,1
22_Turn_pages/user18/1-2-3,22_Turn_pages,22,user18,1-2-3,Depth_Color/22_Turn_pages/user18/1-2-3,IR/22_Turn_pages/user18/1-2-3,Thermal/22_Turn_pages/user18/1-2-3,Skeleton/22_Turn_pages/user18/1-2-3,IMU/22_Turn_pages/user18/1-2-3,Radar/22_Turn_pages/user18/1-2-3,1
22_Turn_pages/user18/4-1-1,22_Turn_pages,22,user18,4-1-1,Depth_Color/22_Turn_pages/user18/4-1-1,IR/22_Turn_pages/user18/4-1-1,Thermal/22_Turn_pages/user18/4-1-1,Skeleton/22_Turn_pages/user18/4-1-1,IMU/22_Turn_pages/user18/4-1-1,Radar/22_Turn_pages/user18/4-1-1,1
22_Turn_pages/user18/4-1-2,22_Turn_pages,22,user18,4-1-2,Depth_Color/22_Turn_pages/user18/4-1-2,IR/22_Turn_pages/user18/4-1-2,Thermal/22_Turn_pages/user18/4-1-2,Skeleton/22_Turn_pages/user18/4-1-2,IMU/22_Turn_pages/user18/4-1-2,Radar/22_Turn_pages/user18/4-1-2,1
22_Turn_pages/user18/4-1-3,22_Turn_pages,22,user18,4-1-3,Depth_Color/22_Turn_pages/user18/4-1-3,IR/22_Turn_pages/user18/4-1-3,Thermal/22_Turn_pages/user18/4-1-3,Skeleton/22_Turn_pages/user18/4-1-3,IMU/22_Turn_pages/user18/4-1-3,Radar/22_Turn_pages/user18/4-1-3,1
22_Turn_pages/user2/3-2-2,22_Turn_pages,22,user2,3-2-2,Depth_Color/22_Turn_pages/user2/3-2-2,IR/22_Turn_pages/user2/3-2-2,Thermal/22_Turn_pages/user2/3-2-2,Skeleton/22_Turn_pages/user2/3-2-2,IMU/22_Turn_pages/user2/3-2-2,Radar/22_Turn_pages/user2/3-2-2,0
22_Turn_pages/user2/3-2-3,22_Turn_pages,22,user2,3-2-3,Depth_Color/22_Turn_pages/user2/3-2-3,IR/22_Turn_pages/user2/3-2-3,Thermal/22_Turn_pages/user2/3-2-3,Skeleton/22_Turn_pages/user2/3-2-3,IMU/22_Turn_pages/user2/3-2-3,Radar/22_Turn_pages/user2/3-2-3,0
22_Turn_pages/user20/2-2-1,22_Turn_pages,22,user20,2-2-1,Depth_Color/22_Turn_pages/user20/2-2-1,IR/22_Turn_pages/user20/2-2-1,Thermal/22_Turn_pages/user20/2-2-1,Skeleton/22_Turn_pages/user20/2-2-1,IMU/22_Turn_pages/user20/2-2-1,Radar/22_Turn_pages/user20/2-2-1,0
22_Turn_pages/user20/2-2-2,22_Turn_pages,22,user20,2-2-2,Depth_Color/22_Turn_pages/user20/2-2-2,IR/22_Turn_pages/user20/2-2-2,Thermal/22_Turn_pages/user20/2-2-2,Skeleton/22_Turn_pages/user20/2-2-2,IMU/22_Turn_pages/user20/2-2-2,Radar/22_Turn_pages/user20/2-2-2,0
22_Turn_pages/user20/2-2-3,22_Turn_pages,22,user20,2-2-3,Depth_Color/22_Turn_pages/user20/2-2-3,IR/22_Turn_pages/user20/2-2-3,Thermal/22_Turn_pages/user20/2-2-3,Skeleton/22_Turn_pages/user20/2-2-3,IMU/22_Turn_pages/user20/2-2-3,Radar/22_Turn_pages/user20/2-2-3,0
22_Turn_pages/user20/4-1-1,22_Turn_pages,22,user20,4-1-1,Depth_Color/22_Turn_pages/user20/4-1-1,IR/22_Turn_pages/user20/4-1-1,Thermal/22_Turn_pages/user20/4-1-1,Skeleton/22_Turn_pages/user20/4-1-1,IMU/22_Turn_pages/user20/4-1-1,Radar/22_Turn_pages/user20/4-1-1,0
22_Turn_pages/user20/4-1-2,22_Turn_pages,22,user20,4-1-2,Depth_Color/22_Turn_pages/user20/4-1-2,IR/22_Turn_pages/user20/4-1-2,Thermal/22_Turn_pages/user20/4-1-2,Skeleton/22_Turn_pages/user20/4-1-2,IMU/22_Turn_pages/user20/4-1-2,Radar/22_Turn_pages/user20/4-1-2,0
22_Turn_pages/user20/4-1-3,22_Turn_pages,22,user20,4-1-3,Depth_Color/22_Turn_pages/user20/4-1-3,IR/22_Turn_pages/user20/4-1-3,Thermal/22_Turn_pages/user20/4-1-3,Skeleton/22_Turn_pages/user20/4-1-3,IMU/22_Turn_pages/user20/4-1-3,Radar/22_Turn_pages/user20/4-1-3,0
22_Turn_pages/user21/2-2-1,22_Turn_pages,22,user21,2-2-1,Depth_Color/22_Turn_pages/user21/2-2-1,IR/22_Turn_pages/user21/2-2-1,Thermal/22_Turn_pages/user21/2-2-1,Skeleton/22_Turn_pages/user21/2-2-1,IMU/22_Turn_pages/user21/2-2-1,Radar/22_Turn_pages/user21/2-2-1,0
22_Turn_pages/user21/2-2-2,22_Turn_pages,22,user21,2-2-2,Depth_Color/22_Turn_pages/user21/2-2-2,IR/22_Turn_pages/user21/2-2-2,Thermal/22_Turn_pages/user21/2-2-2,Skeleton/22_Turn_pages/user21/2-2-2,IMU/22_Turn_pages/user21/2-2-2,Radar/22_Turn_pages/user21/2-2-2,0
22_Turn_pages/user21/2-2-3,22_Turn_pages,22,user21,2-2-3,Depth_Color/22_Turn_pages/user21/2-2-3,IR/22_Turn_pages/user21/2-2-3,Thermal/22_Turn_pages/user21/2-2-3,Skeleton/22_Turn_pages/user21/2-2-3,IMU/22_Turn_pages/user21/2-2-3,Radar/22_Turn_pages/user21/2-2-3,0
22_Turn_pages/user22/4-1-1,22_Turn_pages,22,user22,4-1-1,Depth_Color/22_Turn_pages/user22/4-1-1,IR/22_Turn_pages/user22/4-1-1,Thermal/22_Turn_pages/user22/4-1-1,Skeleton/22_Turn_pages/user22/4-1-1,IMU/22_Turn_pages/user22/4-1-1,Radar/22_Turn_pages/user22/4-1-1,1
22_Turn_pages/user22/4-1-2,22_Turn_pages,22,user22,4-1-2,Depth_Color/22_Turn_pages/user22/4-1-2,IR/22_Turn_pages/user22/4-1-2,Thermal/22_Turn_pages/user22/4-1-2,Skeleton/22_Turn_pages/user22/4-1-2,IMU/22_Turn_pages/user22/4-1-2,Radar/22_Turn_pages/user22/4-1-2,1
22_Turn_pages/user22/4-1-3,22_Turn_pages,22,user22,4-1-3,Depth_Color/22_Turn_pages/user22/4-1-3,IR/22_Turn_pages/user22/4-1-3,Thermal/22_Turn_pages/user22/4-1-3,Skeleton/22_Turn_pages/user22/4-1-3,IMU/22_Turn_pages/user22/4-1-3,Radar/22_Turn_pages/user22/4-1-3,1
22_Turn_pages/user24/1-2-1,22_Turn_pages,22,user24,1-2-1,Depth_Color/22_Turn_pages/user24/1-2-1,IR/22_Turn_pages/user24/1-2-1,Thermal/22_Turn_pages/user24/1-2-1,Skeleton/22_Turn_pages/user24/1-2-1,IMU/22_Turn_pages/user24/1-2-1,Radar/22_Turn_pages/user24/1-2-1,2
22_Turn_pages/user24/1-2-2,22_Turn_pages,22,user24,1-2-2,Depth_Color/22_Turn_pages/user24/1-2-2,IR/22_Turn_pages/user24/1-2-2,Thermal/22_Turn_pages/user24/1-2-2,Skeleton/22_Turn_pages/user24/1-2-2,IMU/22_Turn_pages/user24/1-2-2,Radar/22_Turn_pages/user24/1-2-2,2
22_Turn_pages/user24/1-2-3,22_Turn_pages,22,user24,1-2-3,Depth_Color/22_Turn_pages/user24/1-2-3,IR/22_Turn_pages/user24/1-2-3,Thermal/22_Turn_pages/user24/1-2-3,Skeleton/22_Turn_pages/user24/1-2-3,IMU/22_Turn_pages/user24/1-2-3,Radar/22_Turn_pages/user24/1-2-3,2
22_Turn_pages/user24/7-2-1,22_Turn_pages,22,user24,7-2-1,Depth_Color/22_Turn_pages/user24/7-2-1,IR/22_Turn_pages/user24/7-2-1,Thermal/22_Turn_pages/user24/7-2-1,Skeleton/22_Turn_pages/user24/7-2-1,IMU/22_Turn_pages/user24/7-2-1,Radar/22_Turn_pages/user24/7-2-1,2
22_Turn_pages/user24/7-2-2,22_Turn_pages,22,user24,7-2-2,Depth_Color/22_Turn_pages/user24/7-2-2,IR/22_Turn_pages/user24/7-2-2,Thermal/22_Turn_pages/user24/7-2-2,Skeleton/22_Turn_pages/user24/7-2-2,IMU/22_Turn_pages/user24/7-2-2,Radar/22_Turn_pages/user24/7-2-2,2
22_Turn_pages/user24/7-2-3,22_Turn_pages,22,user24,7-2-3,Depth_Color/22_Turn_pages/user24/7-2-3,IR/22_Turn_pages/user24/7-2-3,Thermal/22_Turn_pages/user24/7-2-3,Skeleton/22_Turn_pages/user24/7-2-3,IMU/22_Turn_pages/user24/7-2-3,Radar/22_Turn_pages/user24/7-2-3,2
22_Turn_pages/user3/4-1-1,22_Turn_pages,22,user3,4-1-1,Depth_Color/22_Turn_pages/user3/4-1-1,IR/22_Turn_pages/user3/4-1-1,Thermal/22_Turn_pages/user3/4-1-1,Skeleton/22_Turn_pages/user3/4-1-1,IMU/22_Turn_pages/user3/4-1-1,Radar/22_Turn_pages/user3/4-1-1,2
22_Turn_pages/user3/4-1-2,22_Turn_pages,22,user3,4-1-2,Depth_Color/22_Turn_pages/user3/4-1-2,IR/22_Turn_pages/user3/4-1-2,Thermal/22_Turn_pages/user3/4-1-2,Skeleton/22_Turn_pages/user3/4-1-2,IMU/22_Turn_pages/user3/4-1-2,Radar/22_Turn_pages/user3/4-1-2,2
22_Turn_pages/user3/4-1-3,22_Turn_pages,22,user3,4-1-3,Depth_Color/22_Turn_pages/user3/4-1-3,IR/22_Turn_pages/user3/4-1-3,Thermal/22_Turn_pages/user3/4-1-3,Skeleton/22_Turn_pages/user3/4-1-3,IMU/22_Turn_pages/user3/4-1-3,Radar/22_Turn_pages/user3/4-1-3,2
22_Turn_pages/user3/5-2-1,22_Turn_pages,22,user3,5-2-1,Depth_Color/22_Turn_pages/user3/5-2-1,IR/22_Turn_pages/user3/5-2-1,Thermal/22_Turn_pages/user3/5-2-1,Skeleton/22_Turn_pages/user3/5-2-1,IMU/22_Turn_pages/user3/5-2-1,Radar/22_Turn_pages/user3/5-2-1,2
22_Turn_pages/user3/5-2-2,22_Turn_pages,22,user3,5-2-2,Depth_Color/22_Turn_pages/user3/5-2-2,IR/22_Turn_pages/user3/5-2-2,Thermal/22_Turn_pages/user3/5-2-2,Skeleton/22_Turn_pages/user3/5-2-2,IMU/22_Turn_pages/user3/5-2-2,Radar/22_Turn_pages/user3/5-2-2,2
22_Turn_pages/user3/5-2-3,22_Turn_pages,22,user3,5-2-3,Depth_Color/22_Turn_pages/user3/5-2-3,IR/22_Turn_pages/user3/5-2-3,Thermal/22_Turn_pages/user3/5-2-3,Skeleton/22_Turn_pages/user3/5-2-3,IMU/22_Turn_pages/user3/5-2-3,Radar/22_Turn_pages/user3/5-2-3,2
22_Turn_pages/user4/4-1-1,22_Turn_pages,22,user4,4-1-1,Depth_Color/22_Turn_pages/user4/4-1-1,IR/22_Turn_pages/user4/4-1-1,Thermal/22_Turn_pages/user4/4-1-1,Skeleton/22_Turn_pages/user4/4-1-1,IMU/22_Turn_pages/user4/4-1-1,Radar/22_Turn_pages/user4/4-1-1,1
22_Turn_pages/user4/4-1-2,22_Turn_pages,22,user4,4-1-2,Depth_Color/22_Turn_pages/user4/4-1-2,IR/22_Turn_pages/user4/4-1-2,Thermal/22_Turn_pages/user4/4-1-2,Skeleton/22_Turn_pages/user4/4-1-2,IMU/22_Turn_pages/user4/4-1-2,Radar/22_Turn_pages/user4/4-1-2,1
22_Turn_pages/user4/4-1-3,22_Turn_pages,22,user4,4-1-3,Depth_Color/22_Turn_pages/user4/4-1-3,IR/22_Turn_pages/user4/4-1-3,Thermal/22_Turn_pages/user4/4-1-3,Skeleton/22_Turn_pages/user4/4-1-3,IMU/22_Turn_pages/user4/4-1-3,Radar/22_Turn_pages/user4/4-1-3,1
22_Turn_pages/user5/2-1-1,22_Turn_pages,22,user5,2-1-1,Depth_Color/22_Turn_pages/user5/2-1-1,IR/22_Turn_pages/user5/2-1-1,Thermal/22_Turn_pages/user5/2-1-1,Skeleton/22_Turn_pages/user5/2-1-1,IMU/22_Turn_pages/user5/2-1-1,Radar/22_Turn_pages/user5/2-1-1,2
22_Turn_pages/user5/2-1-2,22_Turn_pages,22,user5,2-1-2,Depth_Color/22_Turn_pages/user5/2-1-2,IR/22_Turn_pages/user5/2-1-2,Thermal/22_Turn_pages/user5/2-1-2,Skeleton/22_Turn_pages/user5/2-1-2,IMU/22_Turn_pages/user5/2-1-2,Radar/22_Turn_pages/user5/2-1-2,2
22_Turn_pages/user5/2-1-3,22_Turn_pages,22,user5,2-1-3,Depth_Color/22_Turn_pages/user5/2-1-3,IR/22_Turn_pages/user5/2-1-3,Thermal/22_Turn_pages/user5/2-1-3,Skeleton/22_Turn_pages/user5/2-1-3,IMU/22_Turn_pages/user5/2-1-3,Radar/22_Turn_pages/user5/2-1-3,2
22_Turn_pages/user6/4-1-1,22_Turn_pages,22,user6,4-1-1,Depth_Color/22_Turn_pages/user6/4-1-1,IR/22_Turn_pages/user6/4-1-1,Thermal/22_Turn_pages/user6/4-1-1,Skeleton/22_Turn_pages/user6/4-1-1,IMU/22_Turn_pages/user6/4-1-1,Radar/22_Turn_pages/user6/4-1-1,1
22_Turn_pages/user6/4-1-2,22_Turn_pages,22,user6,4-1-2,Depth_Color/22_Turn_pages/user6/4-1-2,IR/22_Turn_pages/user6/4-1-2,Thermal/22_Turn_pages/user6/4-1-2,Skeleton/22_Turn_pages/user6/4-1-2,IMU/22_Turn_pages/user6/4-1-2,Radar/22_Turn_pages/user6/4-1-2,1
22_Turn_pages/user6/4-1-3,22_Turn_pages,22,user6,4-1-3,Depth_Color/22_Turn_pages/user6/4-1-3,IR/22_Turn_pages/user6/4-1-3,Thermal/22_Turn_pages/user6/4-1-3,Skeleton/22_Turn_pages/user6/4-1-3,IMU/22_Turn_pages/user6/4-1-3,Radar/22_Turn_pages/user6/4-1-3,1
22_Turn_pages/user6/7-3-1,22_Turn_pages,22,user6,7-3-1,Depth_Color/22_Turn_pages/user6/7-3-1,IR/22_Turn_pages/user6/7-3-1,Thermal/22_Turn_pages/user6/7-3-1,Skeleton/22_Turn_pages/user6/7-3-1,IMU/22_Turn_pages/user6/7-3-1,Radar/22_Turn_pages/user6/7-3-1,1
22_Turn_pages/user6/7-3-2,22_Turn_pages,22,user6,7-3-2,Depth_Color/22_Turn_pages/user6/7-3-2,IR/22_Turn_pages/user6/7-3-2,Thermal/22_Turn_pages/user6/7-3-2,Skeleton/22_Turn_pages/user6/7-3-2,IMU/22_Turn_pages/user6/7-3-2,Radar/22_Turn_pages/user6/7-3-2,1
22_Turn_pages/user6/7-3-3,22_Turn_pages,22,user6,7-3-3,Depth_Color/22_Turn_pages/user6/7-3-3,IR/22_Turn_pages/user6/7-3-3,Thermal/22_Turn_pages/user6/7-3-3,Skeleton/22_Turn_pages/user6/7-3-3,IMU/22_Turn_pages/user6/7-3-3,Radar/22_Turn_pages/user6/7-3-3,1
22_Turn_pages/user8/4-1-1,22_Turn_pages,22,user8,4-1-1,Depth_Color/22_Turn_pages/user8/4-1-1,IR/22_Turn_pages/user8/4-1-1,Thermal/22_Turn_pages/user8/4-1-1,Skeleton/22_Turn_pages/user8/4-1-1,IMU/22_Turn_pages/user8/4-1-1,Radar/22_Turn_pages/user8/4-1-1,2
22_Turn_pages/user8/4-1-2,22_Turn_pages,22,user8,4-1-2,Depth_Color/22_Turn_pages/user8/4-1-2,IR/22_Turn_pages/user8/4-1-2,Thermal/22_Turn_pages/user8/4-1-2,Skeleton/22_Turn_pages/user8/4-1-2,IMU/22_Turn_pages/user8/4-1-2,Radar/22_Turn_pages/user8/4-1-2,2
22_Turn_pages/user8/4-1-3,22_Turn_pages,22,user8,4-1-3,Depth_Color/22_Turn_pages/user8/4-1-3,IR/22_Turn_pages/user8/4-1-3,Thermal/22_Turn_pages/user8/4-1-3,Skeleton/22_Turn_pages/user8/4-1-3,IMU/22_Turn_pages/user8/4-1-3,Radar/22_Turn_pages/user8/4-1-3,2
22_Turn_pages/user8/6-2-1,22_Turn_pages,22,user8,6-2-1,Depth_Color/22_Turn_pages/user8/6-2-1,IR/22_Turn_pages/user8/6-2-1,Thermal/22_Turn_pages/user8/6-2-1,Skeleton/22_Turn_pages/user8/6-2-1,IMU/22_Turn_pages/user8/6-2-1,Radar/22_Turn_pages/user8/6-2-1,2
22_Turn_pages/user8/6-2-2,22_Turn_pages,22,user8,6-2-2,Depth_Color/22_Turn_pages/user8/6-2-2,IR/22_Turn_pages/user8/6-2-2,Thermal/22_Turn_pages/user8/6-2-2,Skeleton/22_Turn_pages/user8/6-2-2,IMU/22_Turn_pages/user8/6-2-2,Radar/22_Turn_pages/user8/6-2-2,2
22_Turn_pages/user8/6-2-3,22_Turn_pages,22,user8,6-2-3,Depth_Color/22_Turn_pages/user8/6-2-3,IR/22_Turn_pages/user8/6-2-3,Thermal/22_Turn_pages/user8/6-2-3,Skeleton/22_Turn_pages/user8/6-2-3,IMU/22_Turn_pages/user8/6-2-3,Radar/22_Turn_pages/user8/6-2-3,2
23_Listen_to_music_with_headphones/user1/5-1-1,23_Listen_to_music_with_headphones,23,user1,5-1-1,Depth_Color/23_Listen_to_music_with_headphones/user1/5-1-1,IR/23_Listen_to_music_with_headphones/user1/5-1-1,Thermal/23_Listen_to_music_with_headphones/user1/5-1-1,Skeleton/23_Listen_to_music_with_headphones/user1/5-1-1,IMU/23_Listen_to_music_with_headphones/user1/5-1-1,Radar/23_Listen_to_music_with_headphones/user1/5-1-1,1
23_Listen_to_music_with_headphones/user1/5-1-2,23_Listen_to_music_with_headphones,23,user1,5-1-2,Depth_Color/23_Listen_to_music_with_headphones/user1/5-1-2,IR/23_Listen_to_music_with_headphones/user1/5-1-2,Thermal/23_Listen_to_music_with_headphones/user1/5-1-2,Skeleton/23_Listen_to_music_with_headphones/user1/5-1-2,IMU/23_Listen_to_music_with_headphones/user1/5-1-2,Radar/23_Listen_to_music_with_headphones/user1/5-1-2,1
23_Listen_to_music_with_headphones/user1/5-1-3,23_Listen_to_music_with_headphones,23,user1,5-1-3,Depth_Color/23_Listen_to_music_with_headphones/user1/5-1-3,IR/23_Listen_to_music_with_headphones/user1/5-1-3,Thermal/23_Listen_to_music_with_headphones/user1/5-1-3,Skeleton/23_Listen_to_music_with_headphones/user1/5-1-3,IMU/23_Listen_to_music_with_headphones/user1/5-1-3,Radar/23_Listen_to_music_with_headphones/user1/5-1-3,1
23_Listen_to_music_with_headphones/user16/4-1-1,23_Listen_to_music_with_headphones,23,user16,4-1-1,Depth_Color/23_Listen_to_music_with_headphones/user16/4-1-1,IR/23_Listen_to_music_with_headphones/user16/4-1-1,Thermal/23_Listen_to_music_with_headphones/user16/4-1-1,Skeleton/23_Listen_to_music_with_headphones/user16/4-1-1,IMU/23_Listen_to_music_with_headphones/user16/4-1-1,Radar/23_Listen_to_music_with_headphones/user16/4-1-1,0
23_Listen_to_music_with_headphones/user16/4-1-2,23_Listen_to_music_with_headphones,23,user16,4-1-2,Depth_Color/23_Listen_to_music_with_headphones/user16/4-1-2,IR/23_Listen_to_music_with_headphones/user16/4-1-2,Thermal/23_Listen_to_music_with_headphones/user16/4-1-2,Skeleton/23_Listen_to_music_with_headphones/user16/4-1-2,IMU/23_Listen_to_music_with_headphones/user16/4-1-2,Radar/23_Listen_to_music_with_headphones/user16/4-1-2,0
23_Listen_to_music_with_headphones/user16/4-1-3,23_Listen_to_music_with_headphones,23,user16,4-1-3,Depth_Color/23_Listen_to_music_with_headphones/user16/4-1-3,IR/23_Listen_to_music_with_headphones/user16/4-1-3,Thermal/23_Listen_to_music_with_headphones/user16/4-1-3,Skeleton/23_Listen_to_music_with_headphones/user16/4-1-3,IMU/23_Listen_to_music_with_headphones/user16/4-1-3,Radar/23_Listen_to_music_with_headphones/user16/4-1-3,0
23_Listen_to_music_with_headphones/user16/5-1-1,23_Listen_to_music_with_headphones,23,user16,5-1-1,Depth_Color/23_Listen_to_music_with_headphones/user16/5-1-1,IR/23_Listen_to_music_with_headphones/user16/5-1-1,Thermal/23_Listen_to_music_with_headphones/user16/5-1-1,Skeleton/23_Listen_to_music_with_headphones/user16/5-1-1,IMU/23_Listen_to_music_with_headphones/user16/5-1-1,Radar/23_Listen_to_music_with_headphones/user16/5-1-1,0
23_Listen_to_music_with_headphones/user16/5-1-2,23_Listen_to_music_with_headphones,23,user16,5-1-2,Depth_Color/23_Listen_to_music_with_headphones/user16/5-1-2,IR/23_Listen_to_music_with_headphones/user16/5-1-2,Thermal/23_Listen_to_music_with_headphones/user16/5-1-2,Skeleton/23_Listen_to_music_with_headphones/user16/5-1-2,IMU/23_Listen_to_music_with_headphones/user16/5-1-2,Radar/23_Listen_to_music_with_headphones/user16/5-1-2,0
23_Listen_to_music_with_headphones/user16/5-1-3,23_Listen_to_music_with_headphones,23,user16,5-1-3,Depth_Color/23_Listen_to_music_with_headphones/user16/5-1-3,IR/23_Listen_to_music_with_headphones/user16/5-1-3,Thermal/23_Listen_to_music_with_headphones/user16/5-1-3,Skeleton/23_Listen_to_music_with_headphones/user16/5-1-3,IMU/23_Listen_to_music_with_headphones/user16/5-1-3,Radar/23_Listen_to_music_with_headphones/user16/5-1-3,0
23_Listen_to_music_with_headphones/user17/6-2-1,23_Listen_to_music_with_headphones,23,user17,6-2-1,Depth_Color/23_Listen_to_music_with_headphones/user17/6-2-1,IR/23_Listen_to_music_with_headphones/user17/6-2-1,Thermal/23_Listen_to_music_with_headphones/user17/6-2-1,Skeleton/23_Listen_to_music_with_headphones/user17/6-2-1,IMU/23_Listen_to_music_with_headphones/user17/6-2-1,Radar/23_Listen_to_music_with_headphones/user17/6-2-1,2
23_Listen_to_music_with_headphones/user17/6-2-2,23_Listen_to_music_with_headphones,23,user17,6-2-2,Depth_Color/23_Listen_to_music_with_headphones/user17/6-2-2,IR/23_Listen_to_music_with_headphones/user17/6-2-2,Thermal/23_Listen_to_music_with_headphones/user17/6-2-2,Skeleton/23_Listen_to_music_with_headphones/user17/6-2-2,IMU/23_Listen_to_music_with_headphones/user17/6-2-2,Radar/23_Listen_to_music_with_headphones/user17/6-2-2,2
23_Listen_to_music_with_headphones/user17/6-2-3,23_Listen_to_music_with_headphones,23,user17,6-2-3,Depth_Color/23_Listen_to_music_with_headphones/user17/6-2-3,IR/23_Listen_to_music_with_headphones/user17/6-2-3,Thermal/23_Listen_to_music_with_headphones/user17/6-2-3,Skeleton/23_Listen_to_music_with_headphones/user17/6-2-3,IMU/23_Listen_to_music_with_headphones/user17/6-2-3,Radar/23_Listen_to_music_with_headphones/user17/6-2-3,2
23_Listen_to_music_with_headphones/user17/7-1-1,23_Listen_to_music_with_headphones,23,user17,7-1-1,Depth_Color/23_Listen_to_music_with_headphones/user17/7-1-1,IR/23_Listen_to_music_with_headphones/user17/7-1-1,Thermal/23_Listen_to_music_with_headphones/user17/7-1-1,Skeleton/23_Listen_to_music_with_headphones/user17/7-1-1,IMU/23_Listen_to_music_with_headphones/user17/7-1-1,Radar/23_Listen_to_music_with_headphones/user17/7-1-1,2
23_Listen_to_music_with_headphones/user17/7-1-2,23_Listen_to_music_with_headphones,23,user17,7-1-2,Depth_Color/23_Listen_to_music_with_headphones/user17/7-1-2,IR/23_Listen_to_music_with_headphones/user17/7-1-2,Thermal/23_Listen_to_music_with_headphones/user17/7-1-2,Skeleton/23_Listen_to_music_with_headphones/user17/7-1-2,IMU/23_Listen_to_music_with_headphones/user17/7-1-2,Radar/23_Listen_to_music_with_headphones/user17/7-1-2,2
23_Listen_to_music_with_headphones/user17/7-1-3,23_Listen_to_music_with_headphones,23,user17,7-1-3,Depth_Color/23_Listen_to_music_with_headphones/user17/7-1-3,IR/23_Listen_to_music_with_headphones/user17/7-1-3,Thermal/23_Listen_to_music_with_headphones/user17/7-1-3,Skeleton/23_Listen_to_music_with_headphones/user17/7-1-3,IMU/23_Listen_to_music_with_headphones/user17/7-1-3,Radar/23_Listen_to_music_with_headphones/user17/7-1-3,2
23_Listen_to_music_with_headphones/user18/1-2-1,23_Listen_to_music_with_headphones,23,user18,1-2-1,Depth_Color/23_Listen_to_music_with_headphones/user18/1-2-1,IR/23_Listen_to_music_with_headphones/user18/1-2-1,Thermal/23_Listen_to_music_with_headphones/user18/1-2-1,Skeleton/23_Listen_to_music_with_headphones/user18/1-2-1,IMU/23_Listen_to_music_with_headphones/user18/1-2-1,Radar/23_Listen_to_music_with_headphones/user18/1-2-1,1
23_Listen_to_music_with_headphones/user18/1-2-2,23_Listen_to_music_with_headphones,23,user18,1-2-2,Depth_Color/23_Listen_to_music_with_headphones/user18/1-2-2,IR/23_Listen_to_music_with_headphones/user18/1-2-2,Thermal/23_Listen_to_music_with_headphones/user18/1-2-2,Skeleton/23_Listen_to_music_with_headphones/user18/1-2-2,IMU/23_Listen_to_music_with_headphones/user18/1-2-2,Radar/23_Listen_to_music_with_headphones/user18/1-2-2,1
23_Listen_to_music_with_headphones/user18/1-2-3,23_Listen_to_music_with_headphones,23,user18,1-2-3,Depth_Color/23_Listen_to_music_with_headphones/user18/1-2-3,IR/23_Listen_to_music_with_headphones/user18/1-2-3,Thermal/23_Listen_to_music_with_headphones/user18/1-2-3,Skeleton/23_Listen_to_music_with_headphones/user18/1-2-3,IMU/23_Listen_to_music_with_headphones/user18/1-2-3,Radar/23_Listen_to_music_with_headphones/user18/1-2-3,1
23_Listen_to_music_with_headphones/user19/1-2-1,23_Listen_to_music_with_headphones,23,user19,1-2-1,Depth_Color/23_Listen_to_music_with_headphones/user19/1-2-1,IR/23_Listen_to_music_with_headphones/user19/1-2-1,Thermal/23_Listen_to_music_with_headphones/user19/1-2-1,Skeleton/23_Listen_to_music_with_headphones/user19/1-2-1,IMU/23_Listen_to_music_with_headphones/user19/1-2-1,Radar/23_Listen_to_music_with_headphones/user19/1-2-1,2
23_Listen_to_music_with_headphones/user19/1-2-2,23_Listen_to_music_with_headphones,23,user19,1-2-2,Depth_Color/23_Listen_to_music_with_headphones/user19/1-2-2,IR/23_Listen_to_music_with_headphones/user19/1-2-2,Thermal/23_Listen_to_music_with_headphones/user19/1-2-2,Skeleton/23_Listen_to_music_with_headphones/user19/1-2-2,IMU/23_Listen_to_music_with_headphones/user19/1-2-2,Radar/23_Listen_to_music_with_headphones/user19/1-2-2,2
23_Listen_to_music_with_headphones/user19/1-2-3,23_Listen_to_music_with_headphones,23,user19,1-2-3,Depth_Color/23_Listen_to_music_with_headphones/user19/1-2-3,IR/23_Listen_to_music_with_headphones/user19/1-2-3,Thermal/23_Listen_to_music_with_headphones/user19/1-2-3,Skeleton/23_Listen_to_music_with_headphones/user19/1-2-3,IMU/23_Listen_to_music_with_headphones/user19/1-2-3,Radar/23_Listen_to_music_with_headphones/user19/1-2-3,2
23_Listen_to_music_with_headphones/user19/3-3-1,23_Listen_to_music_with_headphones,23,user19,3-3-1,Depth_Color/23_Listen_to_music_with_headphones/user19/3-3-1,IR/23_Listen_to_music_with_headphones/user19/3-3-1,Thermal/23_Listen_to_music_with_headphones/user19/3-3-1,Skeleton/23_Listen_to_music_with_headphones/user19/3-3-1,IMU/23_Listen_to_music_with_headphones/user19/3-3-1,Radar/23_Listen_to_music_with_headphones/user19/3-3-1,2
23_Listen_to_music_with_headphones/user19/3-3-2,23_Listen_to_music_with_headphones,23,user19,3-3-2,Depth_Color/23_Listen_to_music_with_headphones/user19/3-3-2,IR/23_Listen_to_music_with_headphones/user19/3-3-2,Thermal/23_Listen_to_music_with_headphones/user19/3-3-2,Skeleton/23_Listen_to_music_with_headphones/user19/3-3-2,IMU/23_Listen_to_music_with_headphones/user19/3-3-2,Radar/23_Listen_to_music_with_headphones/user19/3-3-2,2
23_Listen_to_music_with_headphones/user19/3-3-3,23_Listen_to_music_with_headphones,23,user19,3-3-3,Depth_Color/23_Listen_to_music_with_headphones/user19/3-3-3,IR/23_Listen_to_music_with_headphones/user19/3-3-3,Thermal/23_Listen_to_music_with_headphones/user19/3-3-3,Skeleton/23_Listen_to_music_with_headphones/user19/3-3-3,IMU/23_Listen_to_music_with_headphones/user19/3-3-3,Radar/23_Listen_to_music_with_headphones/user19/3-3-3,2
23_Listen_to_music_with_headphones/user2/6-1-2,23_Listen_to_music_with_headphones,23,user2,6-1-2,Depth_Color/23_Listen_to_music_with_headphones/user2/6-1-2,IR/23_Listen_to_music_with_headphones/user2/6-1-2,Thermal/23_Listen_to_music_with_headphones/user2/6-1-2,Skeleton/23_Listen_to_music_with_headphones/user2/6-1-2,IMU/23_Listen_to_music_with_headphones/user2/6-1-2,Radar/23_Listen_to_music_with_headphones/user2/6-1-2,0
23_Listen_to_music_with_headphones/user2/7-3-1,23_Listen_to_music_with_headphones,23,user2,7-3-1,Depth_Color/23_Listen_to_music_with_headphones/user2/7-3-1,IR/23_Listen_to_music_with_headphones/user2/7-3-1,Thermal/23_Listen_to_music_with_headphones/user2/7-3-1,Skeleton/23_Listen_to_music_with_headphones/user2/7-3-1,IMU/23_Listen_to_music_with_headphones/user2/7-3-1,Radar/23_Listen_to_music_with_headphones/user2/7-3-1,0
23_Listen_to_music_with_headphones/user2/7-3-2,23_Listen_to_music_with_headphones,23,user2,7-3-2,Depth_Color/23_Listen_to_music_with_headphones/user2/7-3-2,IR/23_Listen_to_music_with_headphones/user2/7-3-2,Thermal/23_Listen_to_music_with_headphones/user2/7-3-2,Skeleton/23_Listen_to_music_with_headphones/user2/7-3-2,IMU/23_Listen_to_music_with_headphones/user2/7-3-2,Radar/23_Listen_to_music_with_headphones/user2/7-3-2,0
23_Listen_to_music_with_headphones/user2/7-3-3,23_Listen_to_music_with_headphones,23,user2,7-3-3,Depth_Color/23_Listen_to_music_with_headphones/user2/7-3-3,IR/23_Listen_to_music_with_headphones/user2/7-3-3,Thermal/23_Listen_to_music_with_headphones/user2/7-3-3,Skeleton/23_Listen_to_music_with_headphones/user2/7-3-3,IMU/23_Listen_to_music_with_headphones/user2/7-3-3,Radar/23_Listen_to_music_with_headphones/user2/7-3-3,0
23_Listen_to_music_with_headphones/user20/6-3-1,23_Listen_to_music_with_headphones,23,user20,6-3-1,Depth_Color/23_Listen_to_music_with_headphones/user20/6-3-1,IR/23_Listen_to_music_with_headphones/user20/6-3-1,Thermal/23_Listen_to_music_with_headphones/user20/6-3-1,Skeleton/23_Listen_to_music_with_headphones/user20/6-3-1,IMU/23_Listen_to_music_with_headphones/user20/6-3-1,Radar/23_Listen_to_music_with_headphones/user20/6-3-1,0
23_Listen_to_music_with_headphones/user20/6-3-2,23_Listen_to_music_with_headphones,23,user20,6-3-2,Depth_Color/23_Listen_to_music_with_headphones/user20/6-3-2,IR/23_Listen_to_music_with_headphones/user20/6-3-2,Thermal/23_Listen_to_music_with_headphones/user20/6-3-2,Skeleton/23_Listen_to_music_with_headphones/user20/6-3-2,IMU/23_Listen_to_music_with_headphones/user20/6-3-2,Radar/23_Listen_to_music_with_headphones/user20/6-3-2,0
23_Listen_to_music_with_headphones/user20/6-3-3,23_Listen_to_music_with_headphones,23,user20,6-3-3,Depth_Color/23_Listen_to_music_with_headphones/user20/6-3-3,IR/23_Listen_to_music_with_headphones/user20/6-3-3,Thermal/23_Listen_to_music_with_headphones/user20/6-3-3,Skeleton/23_Listen_to_music_with_headphones/user20/6-3-3,IMU/23_Listen_to_music_with_headphones/user20/6-3-3,Radar/23_Listen_to_music_with_headphones/user20/6-3-3,0
23_Listen_to_music_with_headphones/user21/1-2-1,23_Listen_to_music_with_headphones,23,user21,1-2-1,Depth_Color/23_Listen_to_music_with_headphones/user21/1-2-1,IR/23_Listen_to_music_with_headphones/user21/1-2-1,Thermal/23_Listen_to_music_with_headphones/user21/1-2-1,Skeleton/23_Listen_to_music_with_headphones/user21/1-2-1,IMU/23_Listen_to_music_with_headphones/user21/1-2-1,Radar/23_Listen_to_music_with_headphones/user21/1-2-1,0
23_Listen_to_music_with_headphones/user21/1-2-2,23_Listen_to_music_with_headphones,23,user21,1-2-2,Depth_Color/23_Listen_to_music_with_headphones/user21/1-2-2,IR/23_Listen_to_music_with_headphones/user21/1-2-2,Thermal/23_Listen_to_music_with_headphones/user21/1-2-2,Skeleton/23_Listen_to_music_with_headphones/user21/1-2-2,,Radar/23_Listen_to_music_with_headphones/user21/1-2-2,0
23_Listen_to_music_with_headphones/user21/1-2-3,23_Listen_to_music_with_headphones,23,user21,1-2-3,Depth_Color/23_Listen_to_music_with_headphones/user21/1-2-3,IR/23_Listen_to_music_with_headphones/user21/1-2-3,Thermal/23_Listen_to_music_with_headphones/user21/1-2-3,Skeleton/23_Listen_to_music_with_headphones/user21/1-2-3,IMU/23_Listen_to_music_with_headphones/user21/1-2-3,Radar/23_Listen_to_music_with_headphones/user21/1-2-3,0
23_Listen_to_music_with_headphones/user21/5-2-1,23_Listen_to_music_with_headphones,23,user21,5-2-1,Depth_Color/23_Listen_to_music_with_headphones/user21/5-2-1,IR/23_Listen_to_music_with_headphones/user21/5-2-1,Thermal/23_Listen_to_music_with_headphones/user21/5-2-1,Skeleton/23_Listen_to_music_with_headphones/user21/5-2-1,IMU/23_Listen_to_music_with_headphones/user21/5-2-1,Radar/23_Listen_to_music_with_headphones/user21/5-2-1,0
23_Listen_to_music_with_headphones/user21/5-2-2,23_Listen_to_music_with_headphones,23,user21,5-2-2,Depth_Color/23_Listen_to_music_with_headphones/user21/5-2-2,IR/23_Listen_to_music_with_headphones/user21/5-2-2,Thermal/23_Listen_to_music_with_headphones/user21/5-2-2,Skeleton/23_Listen_to_music_with_headphones/user21/5-2-2,IMU/23_Listen_to_music_with_headphones/user21/5-2-2,Radar/23_Listen_to_music_with_headphones/user21/5-2-2,0
23_Listen_to_music_with_headphones/user21/5-2-3,23_Listen_to_music_with_headphones,23,user21,5-2-3,Depth_Color/23_Listen_to_music_with_headphones/user21/5-2-3,IR/23_Listen_to_music_with_headphones/user21/5-2-3,Thermal/23_Listen_to_music_with_headphones/user21/5-2-3,Skeleton/23_Listen_to_music_with_headphones/user21/5-2-3,IMU/23_Listen_to_music_with_headphones/user21/5-2-3,Radar/23_Listen_to_music_with_headphones/user21/5-2-3,0
23_Listen_to_music_with_headphones/user22/1-2-1,23_Listen_to_music_with_headphones,23,user22,1-2-1,Depth_Color/23_Listen_to_music_with_headphones/user22/1-2-1,IR/23_Listen_to_music_with_headphones/user22/1-2-1,Thermal/23_Listen_to_music_with_headphones/user22/1-2-1,Skeleton/23_Listen_to_music_with_headphones/user22/1-2-1,IMU/23_Listen_to_music_with_headphones/user22/1-2-1,Radar/23_Listen_to_music_with_headphones/user22/1-2-1,1
23_Listen_to_music_with_headphones/user22/1-2-2,23_Listen_to_music_with_headphones,23,user22,1-2-2,Depth_Color/23_Listen_to_music_with_headphones/user22/1-2-2,IR/23_Listen_to_music_with_headphones/user22/1-2-2,,Skeleton/23_Listen_to_music_with_headphones/user22/1-2-2,IMU/23_Listen_to_music_with_headphones/user22/1-2-2,Radar/23_Listen_to_music_with_headphones/user22/1-2-2,1
23_Listen_to_music_with_headphones/user22/1-2-3,23_Listen_to_music_with_headphones,23,user22,1-2-3,Depth_Color/23_Listen_to_music_with_headphones/user22/1-2-3,IR/23_Listen_to_music_with_headphones/user22/1-2-3,Thermal/23_Listen_to_music_with_headphones/user22/1-2-3,Skeleton/23_Listen_to_music_with_headphones/user22/1-2-3,IMU/23_Listen_to_music_with_headphones/user22/1-2-3,Radar/23_Listen_to_music_with_headphones/user22/1-2-3,1
23_Listen_to_music_with_headphones/user23/4-2-1,23_Listen_to_music_with_headphones,23,user23,4-2-1,Depth_Color/23_Listen_to_music_with_headphones/user23/4-2-1,IR/23_Listen_to_music_with_headphones/user23/4-2-1,Thermal/23_Listen_to_music_with_headphones/user23/4-2-1,Skeleton/23_Listen_to_music_with_headphones/user23/4-2-1,IMU/23_Listen_to_music_with_headphones/user23/4-2-1,Radar/23_Listen_to_music_with_headphones/user23/4-2-1,0
23_Listen_to_music_with_headphones/user23/4-2-2,23_Listen_to_music_with_headphones,23,user23,4-2-2,Depth_Color/23_Listen_to_music_with_headphones/user23/4-2-2,IR/23_Listen_to_music_with_headphones/user23/4-2-2,Thermal/23_Listen_to_music_with_headphones/user23/4-2-2,Skeleton/23_Listen_to_music_with_headphones/user23/4-2-2,IMU/23_Listen_to_music_with_headphones/user23/4-2-2,Radar/23_Listen_to_music_with_headphones/user23/4-2-2,0
23_Listen_to_music_with_headphones/user23/4-2-3,23_Listen_to_music_with_headphones,23,user23,4-2-3,Depth_Color/23_Listen_to_music_with_headphones/user23/4-2-3,IR/23_Listen_to_music_with_headphones/user23/4-2-3,Thermal/23_Listen_to_music_with_headphones/user23/4-2-3,Skeleton/23_Listen_to_music_with_headphones/user23/4-2-3,IMU/23_Listen_to_music_with_headphones/user23/4-2-3,Radar/23_Listen_to_music_with_headphones/user23/4-2-3,0
23_Listen_to_music_with_headphones/user23/5-1-1,23_Listen_to_music_with_headphones,23,user23,5-1-1,Depth_Color/23_Listen_to_music_with_headphones/user23/5-1-1,IR/23_Listen_to_music_with_headphones/user23/5-1-1,Thermal/23_Listen_to_music_with_headphones/user23/5-1-1,Skeleton/23_Listen_to_music_with_headphones/user23/5-1-1,IMU/23_Listen_to_music_with_headphones/user23/5-1-1,Radar/23_Listen_to_music_with_headphones/user23/5-1-1,0
23_Listen_to_music_with_headphones/user23/5-1-2,23_Listen_to_music_with_headphones,23,user23,5-1-2,Depth_Color/23_Listen_to_music_with_headphones/user23/5-1-2,IR/23_Listen_to_music_with_headphones/user23/5-1-2,Thermal/23_Listen_to_music_with_headphones/user23/5-1-2,Skeleton/23_Listen_to_music_with_headphones/user23/5-1-2,IMU/23_Listen_to_music_with_headphones/user23/5-1-2,Radar/23_Listen_to_music_with_headphones/user23/5-1-2,0
23_Listen_to_music_with_headphones/user24/5-1-1,23_Listen_to_music_with_headphones,23,user24,5-1-1,Depth_Color/23_Listen_to_music_with_headphones/user24/5-1-1,IR/23_Listen_to_music_with_headphones/user24/5-1-1,Thermal/23_Listen_to_music_with_headphones/user24/5-1-1,Skeleton/23_Listen_to_music_with_headphones/user24/5-1-1,IMU/23_Listen_to_music_with_headphones/user24/5-1-1,Radar/23_Listen_to_music_with_headphones/user24/5-1-1,2
23_Listen_to_music_with_headphones/user24/5-1-2,23_Listen_to_music_with_headphones,23,user24,5-1-2,Depth_Color/23_Listen_to_music_with_headphones/user24/5-1-2,IR/23_Listen_to_music_with_headphones/user24/5-1-2,Thermal/23_Listen_to_music_with_headphones/user24/5-1-2,Skeleton/23_Listen_to_music_with_headphones/user24/5-1-2,IMU/23_Listen_to_music_with_headphones/user24/5-1-2,Radar/23_Listen_to_music_with_headphones/user24/5-1-2,2
23_Listen_to_music_with_headphones/user24/5-1-3,23_Listen_to_music_with_headphones,23,user24,5-1-3,Depth_Color/23_Listen_to_music_with_headphones/user24/5-1-3,IR/23_Listen_to_music_with_headphones/user24/5-1-3,Thermal/23_Listen_to_music_with_headphones/user24/5-1-3,Skeleton/23_Listen_to_music_with_headphones/user24/5-1-3,IMU/23_Listen_to_music_with_headphones/user24/5-1-3,Radar/23_Listen_to_music_with_headphones/user24/5-1-3,2
23_Listen_to_music_with_headphones/user24/7-2-1,23_Listen_to_music_with_headphones,23,user24,7-2-1,Depth_Color/23_Listen_to_music_with_headphones/user24/7-2-1,IR/23_Listen_to_music_with_headphones/user24/7-2-1,Thermal/23_Listen_to_music_with_headphones/user24/7-2-1,Skeleton/23_Listen_to_music_with_headphones/user24/7-2-1,IMU/23_Listen_to_music_with_headphones/user24/7-2-1,Radar/23_Listen_to_music_with_headphones/user24/7-2-1,2
23_Listen_to_music_with_headphones/user24/7-2-2,23_Listen_to_music_with_headphones,23,user24,7-2-2,Depth_Color/23_Listen_to_music_with_headphones/user24/7-2-2,IR/23_Listen_to_music_with_headphones/user24/7-2-2,Thermal/23_Listen_to_music_with_headphones/user24/7-2-2,Skeleton/23_Listen_to_music_with_headphones/user24/7-2-2,IMU/23_Listen_to_music_with_headphones/user24/7-2-2,Radar/23_Listen_to_music_with_headphones/user24/7-2-2,2
23_Listen_to_music_with_headphones/user24/7-2-3,23_Listen_to_music_with_headphones,23,user24,7-2-3,Depth_Color/23_Listen_to_music_with_headphones/user24/7-2-3,IR/23_Listen_to_music_with_headphones/user24/7-2-3,Thermal/23_Listen_to_music_with_headphones/user24/7-2-3,Skeleton/23_Listen_to_music_with_headphones/user24/7-2-3,IMU/23_Listen_to_music_with_headphones/user24/7-2-3,Radar/23_Listen_to_music_with_headphones/user24/7-2-3,2
23_Listen_to_music_with_headphones/user3/1-2-1,23_Listen_to_music_with_headphones,23,user3,1-2-1,Depth_Color/23_Listen_to_music_with_headphones/user3/1-2-1,IR/23_Listen_to_music_with_headphones/user3/1-2-1,Thermal/23_Listen_to_music_with_headphones/user3/1-2-1,Skeleton/23_Listen_to_music_with_headphones/user3/1-2-1,IMU/23_Listen_to_music_with_headphones/user3/1-2-1,Radar/23_Listen_to_music_with_headphones/user3/1-2-1,2
23_Listen_to_music_with_headphones/user3/1-2-2,23_Listen_to_music_with_headphones,23,user3,1-2-2,Depth_Color/23_Listen_to_music_with_headphones/user3/1-2-2,IR/23_Listen_to_music_with_headphones/user3/1-2-2,Thermal/23_Listen_to_music_with_headphones/user3/1-2-2,Skeleton/23_Listen_to_music_with_headphones/user3/1-2-2,IMU/23_Listen_to_music_with_headphones/user3/1-2-2,Radar/23_Listen_to_music_with_headphones/user3/1-2-2,2
23_Listen_to_music_with_headphones/user3/3-2-1,23_Listen_to_music_with_headphones,23,user3,3-2-1,Depth_Color/23_Listen_to_music_with_headphones/user3/3-2-1,IR/23_Listen_to_music_with_headphones/user3/3-2-1,Thermal/23_Listen_to_music_with_headphones/user3/3-2-1,Skeleton/23_Listen_to_music_with_headphones/user3/3-2-1,IMU/23_Listen_to_music_with_headphones/user3/3-2-1,Radar/23_Listen_to_music_with_headphones/user3/3-2-1,2
23_Listen_to_music_with_headphones/user3/3-2-2,23_Listen_to_music_with_headphones,23,user3,3-2-2,Depth_Color/23_Listen_to_music_with_headphones/user3/3-2-2,IR/23_Listen_to_music_with_headphones/user3/3-2-2,Thermal/23_Listen_to_music_with_headphones/user3/3-2-2,Skeleton/23_Listen_to_music_with_headphones/user3/3-2-2,IMU/23_Listen_to_music_with_headphones/user3/3-2-2,Radar/23_Listen_to_music_with_headphones/user3/3-2-2,2
23_Listen_to_music_with_headphones/user3/3-2-3,23_Listen_to_music_with_headphones,23,user3,3-2-3,Depth_Color/23_Listen_to_music_with_headphones/user3/3-2-3,IR/23_Listen_to_music_with_headphones/user3/3-2-3,Thermal/23_Listen_to_music_with_headphones/user3/3-2-3,Skeleton/23_Listen_to_music_with_headphones/user3/3-2-3,IMU/23_Listen_to_music_with_headphones/user3/3-2-3,Radar/23_Listen_to_music_with_headphones/user3/3-2-3,2
23_Listen_to_music_with_headphones/user4/6-1-1,23_Listen_to_music_with_headphones,23,user4,6-1-1,,,Thermal/23_Listen_to_music_with_headphones/user4/6-1-1,,,,1
23_Listen_to_music_with_headphones/user4/6-1-2,23_Listen_to_music_with_headphones,23,user4,6-1-2,,,Thermal/23_Listen_to_music_with_headphones/user4/6-1-2,,,,1
23_Listen_to_music_with_headphones/user4/6-1-3,23_Listen_to_music_with_headphones,23,user4,6-1-3,,,Thermal/23_Listen_to_music_with_headphones/user4/6-1-3,,,,1
23_Listen_to_music_with_headphones/user6/4-1-1,23_Listen_to_music_with_headphones,23,user6,4-1-1,Depth_Color/23_Listen_to_music_with_headphones/user6/4-1-1,IR/23_Listen_to_music_with_headphones/user6/4-1-1,Thermal/23_Listen_to_music_with_headphones/user6/4-1-1,Skeleton/23_Listen_to_music_with_headphones/user6/4-1-1,IMU/23_Listen_to_music_with_headphones/user6/4-1-1,Radar/23_Listen_to_music_with_headphones/user6/4-1-1,1
23_Listen_to_music_with_headphones/user6/4-1-2,23_Listen_to_music_with_headphones,23,user6,4-1-2,Depth_Color/23_Listen_to_music_with_headphones/user6/4-1-2,IR/23_Listen_to_music_with_headphones/user6/4-1-2,Thermal/23_Listen_to_music_with_headphones/user6/4-1-2,Skeleton/23_Listen_to_music_with_headphones/user6/4-1-2,IMU/23_Listen_to_music_with_headphones/user6/4-1-2,Radar/23_Listen_to_music_with_headphones/user6/4-1-2,1
23_Listen_to_music_with_headphones/user6/4-1-3,23_Listen_to_music_with_headphones,23,user6,4-1-3,Depth_Color/23_Listen_to_music_with_headphones/user6/4-1-3,IR/23_Listen_to_music_with_headphones/user6/4-1-3,Thermal/23_Listen_to_music_with_headphones/user6/4-1-3,Skeleton/23_Listen_to_music_with_headphones/user6/4-1-3,IMU/23_Listen_to_music_with_headphones/user6/4-1-3,Radar/23_Listen_to_music_with_headphones/user6/4-1-3,1
23_Listen_to_music_with_headphones/user7/6-2-1,23_Listen_to_music_with_headphones,23,user7,6-2-1,Depth_Color/23_Listen_to_music_with_headphones/user7/6-2-1,IR/23_Listen_to_music_with_headphones/user7/6-2-1,Thermal/23_Listen_to_music_with_headphones/user7/6-2-1,Skeleton/23_Listen_to_music_with_headphones/user7/6-2-1,IMU/23_Listen_to_music_with_headphones/user7/6-2-1,Radar/23_Listen_to_music_with_headphones/user7/6-2-1,0
23_Listen_to_music_with_headphones/user7/6-2-2,23_Listen_to_music_with_headphones,23,user7,6-2-2,Depth_Color/23_Listen_to_music_with_headphones/user7/6-2-2,IR/23_Listen_to_music_with_headphones/user7/6-2-2,Thermal/23_Listen_to_music_with_headphones/user7/6-2-2,Skeleton/23_Listen_to_music_with_headphones/user7/6-2-2,IMU/23_Listen_to_music_with_headphones/user7/6-2-2,Radar/23_Listen_to_music_with_headphones/user7/6-2-2,0
23_Listen_to_music_with_headphones/user7/6-2-3,23_Listen_to_music_with_headphones,23,user7,6-2-3,Depth_Color/23_Listen_to_music_with_headphones/user7/6-2-3,IR/23_Listen_to_music_with_headphones/user7/6-2-3,Thermal/23_Listen_to_music_with_headphones/user7/6-2-3,Skeleton/23_Listen_to_music_with_headphones/user7/6-2-3,IMU/23_Listen_to_music_with_headphones/user7/6-2-3,Radar/23_Listen_to_music_with_headphones/user7/6-2-3,0
23_Listen_to_music_with_headphones/user7/7-1-1,23_Listen_to_music_with_headphones,23,user7,7-1-1,Depth_Color/23_Listen_to_music_with_headphones/user7/7-1-1,IR/23_Listen_to_music_with_headphones/user7/7-1-1,Thermal/23_Listen_to_music_with_headphones/user7/7-1-1,Skeleton/23_Listen_to_music_with_headphones/user7/7-1-1,IMU/23_Listen_to_music_with_headphones/user7/7-1-1,Radar/23_Listen_to_music_with_headphones/user7/7-1-1,0
23_Listen_to_music_with_headphones/user7/7-1-2,23_Listen_to_music_with_headphones,23,user7,7-1-2,Depth_Color/23_Listen_to_music_with_headphones/user7/7-1-2,IR/23_Listen_to_music_with_headphones/user7/7-1-2,Thermal/23_Listen_to_music_with_headphones/user7/7-1-2,Skeleton/23_Listen_to_music_with_headphones/user7/7-1-2,IMU/23_Listen_to_music_with_headphones/user7/7-1-2,Radar/23_Listen_to_music_with_headphones/user7/7-1-2,0
23_Listen_to_music_with_headphones/user7/7-1-3,23_Listen_to_music_with_headphones,23,user7,7-1-3,Depth_Color/23_Listen_to_music_with_headphones/user7/7-1-3,IR/23_Listen_to_music_with_headphones/user7/7-1-3,Thermal/23_Listen_to_music_with_headphones/user7/7-1-3,Skeleton/23_Listen_to_music_with_headphones/user7/7-1-3,IMU/23_Listen_to_music_with_headphones/user7/7-1-3,Radar/23_Listen_to_music_with_headphones/user7/7-1-3,0
23_Listen_to_music_with_headphones/user8/2-1-1,23_Listen_to_music_with_headphones,23,user8,2-1-1,Depth_Color/23_Listen_to_music_with_headphones/user8/2-1-1,IR/23_Listen_to_music_with_headphones/user8/2-1-1,Thermal/23_Listen_to_music_with_headphones/user8/2-1-1,Skeleton/23_Listen_to_music_with_headphones/user8/2-1-1,IMU/23_Listen_to_music_with_headphones/user8/2-1-1,Radar/23_Listen_to_music_with_headphones/user8/2-1-1,2
23_Listen_to_music_with_headphones/user8/2-1-2,23_Listen_to_music_with_headphones,23,user8,2-1-2,Depth_Color/23_Listen_to_music_with_headphones/user8/2-1-2,IR/23_Listen_to_music_with_headphones/user8/2-1-2,Thermal/23_Listen_to_music_with_headphones/user8/2-1-2,Skeleton/23_Listen_to_music_with_headphones/user8/2-1-2,IMU/23_Listen_to_music_with_headphones/user8/2-1-2,Radar/23_Listen_to_music_with_headphones/user8/2-1-2,2
23_Listen_to_music_with_headphones/user8/2-1-3,23_Listen_to_music_with_headphones,23,user8,2-1-3,Depth_Color/23_Listen_to_music_with_headphones/user8/2-1-3,IR/23_Listen_to_music_with_headphones/user8/2-1-3,Thermal/23_Listen_to_music_with_headphones/user8/2-1-3,Skeleton/23_Listen_to_music_with_headphones/user8/2-1-3,IMU/23_Listen_to_music_with_headphones/user8/2-1-3,Radar/23_Listen_to_music_with_headphones/user8/2-1-3,2
23_Listen_to_music_with_headphones/user8/4-1-3,23_Listen_to_music_with_headphones,23,user8,4-1-3,Depth_Color/23_Listen_to_music_with_headphones/user8/4-1-3,IR/23_Listen_to_music_with_headphones/user8/4-1-3,Thermal/23_Listen_to_music_with_headphones/user8/4-1-3,Skeleton/23_Listen_to_music_with_headphones/user8/4-1-3,IMU/23_Listen_to_music_with_headphones/user8/4-1-3,Radar/23_Listen_to_music_with_headphones/user8/4-1-3,2
23_Listen_to_music_with_headphones/user9/1-2-1,23_Listen_to_music_with_headphones,23,user9,1-2-1,Depth_Color/23_Listen_to_music_with_headphones/user9/1-2-1,IR/23_Listen_to_music_with_headphones/user9/1-2-1,Thermal/23_Listen_to_music_with_headphones/user9/1-2-1,Skeleton/23_Listen_to_music_with_headphones/user9/1-2-1,IMU/23_Listen_to_music_with_headphones/user9/1-2-1,Radar/23_Listen_to_music_with_headphones/user9/1-2-1,1
23_Listen_to_music_with_headphones/user9/1-2-2,23_Listen_to_music_with_headphones,23,user9,1-2-2,Depth_Color/23_Listen_to_music_with_headphones/user9/1-2-2,IR/23_Listen_to_music_with_headphones/user9/1-2-2,Thermal/23_Listen_to_music_with_headphones/user9/1-2-2,Skeleton/23_Listen_to_music_with_headphones/user9/1-2-2,IMU/23_Listen_to_music_with_headphones/user9/1-2-2,Radar/23_Listen_to_music_with_headphones/user9/1-2-2,1
23_Listen_to_music_with_headphones/user9/1-2-3,23_Listen_to_music_with_headphones,23,user9,1-2-3,Depth_Color/23_Listen_to_music_with_headphones/user9/1-2-3,IR/23_Listen_to_music_with_headphones/user9/1-2-3,Thermal/23_Listen_to_music_with_headphones/user9/1-2-3,Skeleton/23_Listen_to_music_with_headphones/user9/1-2-3,IMU/23_Listen_to_music_with_headphones/user9/1-2-3,Radar/23_Listen_to_music_with_headphones/user9/1-2-3,1
23_Listen_to_music_with_headphones/user9/3-3-1,23_Listen_to_music_with_headphones,23,user9,3-3-1,Depth_Color/23_Listen_to_music_with_headphones/user9/3-3-1,IR/23_Listen_to_music_with_headphones/user9/3-3-1,Thermal/23_Listen_to_music_with_headphones/user9/3-3-1,Skeleton/23_Listen_to_music_with_headphones/user9/3-3-1,IMU/23_Listen_to_music_with_headphones/user9/3-3-1,Radar/23_Listen_to_music_with_headphones/user9/3-3-1,1
23_Listen_to_music_with_headphones/user9/3-3-2,23_Listen_to_music_with_headphones,23,user9,3-3-2,Depth_Color/23_Listen_to_music_with_headphones/user9/3-3-2,IR/23_Listen_to_music_with_headphones/user9/3-3-2,Thermal/23_Listen_to_music_with_headphones/user9/3-3-2,Skeleton/23_Listen_to_music_with_headphones/user9/3-3-2,IMU/23_Listen_to_music_with_headphones/user9/3-3-2,Radar/23_Listen_to_music_with_headphones/user9/3-3-2,1
23_Listen_to_music_with_headphones/user9/3-3-3,23_Listen_to_music_with_headphones,23,user9,3-3-3,Depth_Color/23_Listen_to_music_with_headphones/user9/3-3-3,IR/23_Listen_to_music_with_headphones/user9/3-3-3,Thermal/23_Listen_to_music_with_headphones/user9/3-3-3,Skeleton/23_Listen_to_music_with_headphones/user9/3-3-3,IMU/23_Listen_to_music_with_headphones/user9/3-3-3,Radar/23_Listen_to_music_with_headphones/user9/3-3-3,1
24_Use_a_mobile_phone/user16/6-2-1,24_Use_a_mobile_phone,24,user16,6-2-1,Depth_Color/24_Use_a_mobile_phone/user16/6-2-1,IR/24_Use_a_mobile_phone/user16/6-2-1,Thermal/24_Use_a_mobile_phone/user16/6-2-1,Skeleton/24_Use_a_mobile_phone/user16/6-2-1,IMU/24_Use_a_mobile_phone/user16/6-2-1,Radar/24_Use_a_mobile_phone/user16/6-2-1,0
24_Use_a_mobile_phone/user16/6-2-2,24_Use_a_mobile_phone,24,user16,6-2-2,Depth_Color/24_Use_a_mobile_phone/user16/6-2-2,IR/24_Use_a_mobile_phone/user16/6-2-2,Thermal/24_Use_a_mobile_phone/user16/6-2-2,Skeleton/24_Use_a_mobile_phone/user16/6-2-2,IMU/24_Use_a_mobile_phone/user16/6-2-2,Radar/24_Use_a_mobile_phone/user16/6-2-2,0
24_Use_a_mobile_phone/user16/6-2-3,24_Use_a_mobile_phone,24,user16,6-2-3,Depth_Color/24_Use_a_mobile_phone/user16/6-2-3,IR/24_Use_a_mobile_phone/user16/6-2-3,Thermal/24_Use_a_mobile_phone/user16/6-2-3,Skeleton/24_Use_a_mobile_phone/user16/6-2-3,IMU/24_Use_a_mobile_phone/user16/6-2-3,Radar/24_Use_a_mobile_phone/user16/6-2-3,0
24_Use_a_mobile_phone/user17/1-2-3,24_Use_a_mobile_phone,24,user17,1-2-3,Depth_Color/24_Use_a_mobile_phone/user17/1-2-3,IR/24_Use_a_mobile_phone/user17/1-2-3,Thermal/24_Use_a_mobile_phone/user17/1-2-3,Skeleton/24_Use_a_mobile_phone/user17/1-2-3,IMU/24_Use_a_mobile_phone/user17/1-2-3,Radar/24_Use_a_mobile_phone/user17/1-2-3,2
24_Use_a_mobile_phone/user2/6-1-1,24_Use_a_mobile_phone,24,user2,6-1-1,Depth_Color/24_Use_a_mobile_phone/user2/6-1-1,IR/24_Use_a_mobile_phone/user2/6-1-1,Thermal/24_Use_a_mobile_phone/user2/6-1-1,Skeleton/24_Use_a_mobile_phone/user2/6-1-1,IMU/24_Use_a_mobile_phone/user2/6-1-1,Radar/24_Use_a_mobile_phone/user2/6-1-1,0
24_Use_a_mobile_phone/user2/6-1-2,24_Use_a_mobile_phone,24,user2,6-1-2,Depth_Color/24_Use_a_mobile_phone/user2/6-1-2,IR/24_Use_a_mobile_phone/user2/6-1-2,Thermal/24_Use_a_mobile_phone/user2/6-1-2,Skeleton/24_Use_a_mobile_phone/user2/6-1-2,IMU/24_Use_a_mobile_phone/user2/6-1-2,Radar/24_Use_a_mobile_phone/user2/6-1-2,0
24_Use_a_mobile_phone/user2/7-3-1,24_Use_a_mobile_phone,24,user2,7-3-1,Depth_Color/24_Use_a_mobile_phone/user2/7-3-1,IR/24_Use_a_mobile_phone/user2/7-3-1,Thermal/24_Use_a_mobile_phone/user2/7-3-1,Skeleton/24_Use_a_mobile_phone/user2/7-3-1,IMU/24_Use_a_mobile_phone/user2/7-3-1,Radar/24_Use_a_mobile_phone/user2/7-3-1,0
24_Use_a_mobile_phone/user2/7-3-2,24_Use_a_mobile_phone,24,user2,7-3-2,Depth_Color/24_Use_a_mobile_phone/user2/7-3-2,IR/24_Use_a_mobile_phone/user2/7-3-2,Thermal/24_Use_a_mobile_phone/user2/7-3-2,Skeleton/24_Use_a_mobile_phone/user2/7-3-2,IMU/24_Use_a_mobile_phone/user2/7-3-2,Radar/24_Use_a_mobile_phone/user2/7-3-2,0
24_Use_a_mobile_phone/user2/7-3-3,24_Use_a_mobile_phone,24,user2,7-3-3,Depth_Color/24_Use_a_mobile_phone/user2/7-3-3,IR/24_Use_a_mobile_phone/user2/7-3-3,Thermal/24_Use_a_mobile_phone/user2/7-3-3,Skeleton/24_Use_a_mobile_phone/user2/7-3-3,IMU/24_Use_a_mobile_phone/user2/7-3-3,Radar/24_Use_a_mobile_phone/user2/7-3-3,0
24_Use_a_mobile_phone/user20/4-1-1,24_Use_a_mobile_phone,24,user20,4-1-1,Depth_Color/24_Use_a_mobile_phone/user20/4-1-1,IR/24_Use_a_mobile_phone/user20/4-1-1,Thermal/24_Use_a_mobile_phone/user20/4-1-1,Skeleton/24_Use_a_mobile_phone/user20/4-1-1,IMU/24_Use_a_mobile_phone/user20/4-1-1,Radar/24_Use_a_mobile_phone/user20/4-1-1,0
24_Use_a_mobile_phone/user20/4-1-2,24_Use_a_mobile_phone,24,user20,4-1-2,Depth_Color/24_Use_a_mobile_phone/user20/4-1-2,IR/24_Use_a_mobile_phone/user20/4-1-2,Thermal/24_Use_a_mobile_phone/user20/4-1-2,Skeleton/24_Use_a_mobile_phone/user20/4-1-2,IMU/24_Use_a_mobile_phone/user20/4-1-2,Radar/24_Use_a_mobile_phone/user20/4-1-2,0
24_Use_a_mobile_phone/user20/4-1-3,24_Use_a_mobile_phone,24,user20,4-1-3,Depth_Color/24_Use_a_mobile_phone/user20/4-1-3,IR/24_Use_a_mobile_phone/user20/4-1-3,Thermal/24_Use_a_mobile_phone/user20/4-1-3,Skeleton/24_Use_a_mobile_phone/user20/4-1-3,IMU/24_Use_a_mobile_phone/user20/4-1-3,Radar/24_Use_a_mobile_phone/user20/4-1-3,0
24_Use_a_mobile_phone/user21/1-2-1,24_Use_a_mobile_phone,24,user21,1-2-1,Depth_Color/24_Use_a_mobile_phone/user21/1-2-1,IR/24_Use_a_mobile_phone/user21/1-2-1,Thermal/24_Use_a_mobile_phone/user21/1-2-1,Skeleton/24_Use_a_mobile_phone/user21/1-2-1,IMU/24_Use_a_mobile_phone/user21/1-2-1,Radar/24_Use_a_mobile_phone/user21/1-2-1,0
24_Use_a_mobile_phone/user21/1-2-2,24_Use_a_mobile_phone,24,user21,1-2-2,Depth_Color/24_Use_a_mobile_phone/user21/1-2-2,IR/24_Use_a_mobile_phone/user21/1-2-2,Thermal/24_Use_a_mobile_phone/user21/1-2-2,Skeleton/24_Use_a_mobile_phone/user21/1-2-2,,Radar/24_Use_a_mobile_phone/user21/1-2-2,0
24_Use_a_mobile_phone/user21/1-2-3,24_Use_a_mobile_phone,24,user21,1-2-3,Depth_Color/24_Use_a_mobile_phone/user21/1-2-3,IR/24_Use_a_mobile_phone/user21/1-2-3,Thermal/24_Use_a_mobile_phone/user21/1-2-3,Skeleton/24_Use_a_mobile_phone/user21/1-2-3,IMU/24_Use_a_mobile_phone/user21/1-2-3,Radar/24_Use_a_mobile_phone/user21/1-2-3,0
24_Use_a_mobile_phone/user21/4-1-1,24_Use_a_mobile_phone,24,user21,4-1-1,Depth_Color/24_Use_a_mobile_phone/user21/4-1-1,IR/24_Use_a_mobile_phone/user21/4-1-1,Thermal/24_Use_a_mobile_phone/user21/4-1-1,Skeleton/24_Use_a_mobile_phone/user21/4-1-1,IMU/24_Use_a_mobile_phone/user21/4-1-1,Radar/24_Use_a_mobile_phone/user21/4-1-1,0
24_Use_a_mobile_phone/user21/4-1-2,24_Use_a_mobile_phone,24,user21,4-1-2,Depth_Color/24_Use_a_mobile_phone/user21/4-1-2,IR/24_Use_a_mobile_phone/user21/4-1-2,Thermal/24_Use_a_mobile_phone/user21/4-1-2,Skeleton/24_Use_a_mobile_phone/user21/4-1-2,IMU/24_Use_a_mobile_phone/user21/4-1-2,Radar/24_Use_a_mobile_phone/user21/4-1-2,0
24_Use_a_mobile_phone/user21/4-1-3,24_Use_a_mobile_phone,24,user21,4-1-3,Depth_Color/24_Use_a_mobile_phone/user21/4-1-3,IR/24_Use_a_mobile_phone/user21/4-1-3,Thermal/24_Use_a_mobile_phone/user21/4-1-3,Skeleton/24_Use_a_mobile_phone/user21/4-1-3,IMU/24_Use_a_mobile_phone/user21/4-1-3,Radar/24_Use_a_mobile_phone/user21/4-1-3,0
24_Use_a_mobile_phone/user21/5-2-1,24_Use_a_mobile_phone,24,user21,5-2-1,Depth_Color/24_Use_a_mobile_phone/user21/5-2-1,IR/24_Use_a_mobile_phone/user21/5-2-1,Thermal/24_Use_a_mobile_phone/user21/5-2-1,Skeleton/24_Use_a_mobile_phone/user21/5-2-1,IMU/24_Use_a_mobile_phone/user21/5-2-1,Radar/24_Use_a_mobile_phone/user21/5-2-1,0
24_Use_a_mobile_phone/user21/5-2-2,24_Use_a_mobile_phone,24,user21,5-2-2,Depth_Color/24_Use_a_mobile_phone/user21/5-2-2,IR/24_Use_a_mobile_phone/user21/5-2-2,Thermal/24_Use_a_mobile_phone/user21/5-2-2,Skeleton/24_Use_a_mobile_phone/user21/5-2-2,IMU/24_Use_a_mobile_phone/user21/5-2-2,Radar/24_Use_a_mobile_phone/user21/5-2-2,0
24_Use_a_mobile_phone/user21/5-2-3,24_Use_a_mobile_phone,24,user21,5-2-3,Depth_Color/24_Use_a_mobile_phone/user21/5-2-3,IR/24_Use_a_mobile_phone/user21/5-2-3,Thermal/24_Use_a_mobile_phone/user21/5-2-3,Skeleton/24_Use_a_mobile_phone/user21/5-2-3,IMU/24_Use_a_mobile_phone/user21/5-2-3,Radar/24_Use_a_mobile_phone/user21/5-2-3,0
24_Use_a_mobile_phone/user22/5-2-1,24_Use_a_mobile_phone,24,user22,5-2-1,Depth_Color/24_Use_a_mobile_phone/user22/5-2-1,IR/24_Use_a_mobile_phone/user22/5-2-1,,Skeleton/24_Use_a_mobile_phone/user22/5-2-1,IMU/24_Use_a_mobile_phone/user22/5-2-1,Radar/24_Use_a_mobile_phone/user22/5-2-1,1
24_Use_a_mobile_phone/user22/5-2-2,24_Use_a_mobile_phone,24,user22,5-2-2,Depth_Color/24_Use_a_mobile_phone/user22/5-2-2,IR/24_Use_a_mobile_phone/user22/5-2-2,,Skeleton/24_Use_a_mobile_phone/user22/5-2-2,IMU/24_Use_a_mobile_phone/user22/5-2-2,Radar/24_Use_a_mobile_phone/user22/5-2-2,1
24_Use_a_mobile_phone/user22/5-2-3,24_Use_a_mobile_phone,24,user22,5-2-3,Depth_Color/24_Use_a_mobile_phone/user22/5-2-3,IR/24_Use_a_mobile_phone/user22/5-2-3,,Skeleton/24_Use_a_mobile_phone/user22/5-2-3,IMU/24_Use_a_mobile_phone/user22/5-2-3,Radar/24_Use_a_mobile_phone/user22/5-2-3,1
24_Use_a_mobile_phone/user23/7-3-1,24_Use_a_mobile_phone,24,user23,7-3-1,Depth_Color/24_Use_a_mobile_phone/user23/7-3-1,IR/24_Use_a_mobile_phone/user23/7-3-1,Thermal/24_Use_a_mobile_phone/user23/7-3-1,Skeleton/24_Use_a_mobile_phone/user23/7-3-1,IMU/24_Use_a_mobile_phone/user23/7-3-1,Radar/24_Use_a_mobile_phone/user23/7-3-1,0
24_Use_a_mobile_phone/user23/7-3-2,24_Use_a_mobile_phone,24,user23,7-3-2,Depth_Color/24_Use_a_mobile_phone/user23/7-3-2,IR/24_Use_a_mobile_phone/user23/7-3-2,Thermal/24_Use_a_mobile_phone/user23/7-3-2,Skeleton/24_Use_a_mobile_phone/user23/7-3-2,IMU/24_Use_a_mobile_phone/user23/7-3-2,Radar/24_Use_a_mobile_phone/user23/7-3-2,0
24_Use_a_mobile_phone/user23/7-3-3,24_Use_a_mobile_phone,24,user23,7-3-3,Depth_Color/24_Use_a_mobile_phone/user23/7-3-3,IR/24_Use_a_mobile_phone/user23/7-3-3,Thermal/24_Use_a_mobile_phone/user23/7-3-3,Skeleton/24_Use_a_mobile_phone/user23/7-3-3,IMU/24_Use_a_mobile_phone/user23/7-3-3,Radar/24_Use_a_mobile_phone/user23/7-3-3,0
24_Use_a_mobile_phone/user24/4-1-1,24_Use_a_mobile_phone,24,user24,4-1-1,Depth_Color/24_Use_a_mobile_phone/user24/4-1-1,IR/24_Use_a_mobile_phone/user24/4-1-1,Thermal/24_Use_a_mobile_phone/user24/4-1-1,Skeleton/24_Use_a_mobile_phone/user24/4-1-1,IMU/24_Use_a_mobile_phone/user24/4-1-1,Radar/24_Use_a_mobile_phone/user24/4-1-1,2
24_Use_a_mobile_phone/user24/4-1-2,24_Use_a_mobile_phone,24,user24,4-1-2,Depth_Color/24_Use_a_mobile_phone/user24/4-1-2,IR/24_Use_a_mobile_phone/user24/4-1-2,Thermal/24_Use_a_mobile_phone/user24/4-1-2,Skeleton/24_Use_a_mobile_phone/user24/4-1-2,IMU/24_Use_a_mobile_phone/user24/4-1-2,Radar/24_Use_a_mobile_phone/user24/4-1-2,2
24_Use_a_mobile_phone/user24/4-1-3,24_Use_a_mobile_phone,24,user24,4-1-3,Depth_Color/24_Use_a_mobile_phone/user24/4-1-3,IR/24_Use_a_mobile_phone/user24/4-1-3,Thermal/24_Use_a_mobile_phone/user24/4-1-3,Skeleton/24_Use_a_mobile_phone/user24/4-1-3,IMU/24_Use_a_mobile_phone/user24/4-1-3,Radar/24_Use_a_mobile_phone/user24/4-1-3,2
24_Use_a_mobile_phone/user24/5-1-1,24_Use_a_mobile_phone,24,user24,5-1-1,Depth_Color/24_Use_a_mobile_phone/user24/5-1-1,IR/24_Use_a_mobile_phone/user24/5-1-1,Thermal/24_Use_a_mobile_phone/user24/5-1-1,Skeleton/24_Use_a_mobile_phone/user24/5-1-1,IMU/24_Use_a_mobile_phone/user24/5-1-1,Radar/24_Use_a_mobile_phone/user24/5-1-1,2
24_Use_a_mobile_phone/user24/5-1-2,24_Use_a_mobile_phone,24,user24,5-1-2,Depth_Color/24_Use_a_mobile_phone/user24/5-1-2,IR/24_Use_a_mobile_phone/user24/5-1-2,Thermal/24_Use_a_mobile_phone/user24/5-1-2,Skeleton/24_Use_a_mobile_phone/user24/5-1-2,IMU/24_Use_a_mobile_phone/user24/5-1-2,Radar/24_Use_a_mobile_phone/user24/5-1-2,2
24_Use_a_mobile_phone/user24/5-1-3,24_Use_a_mobile_phone,24,user24,5-1-3,Depth_Color/24_Use_a_mobile_phone/user24/5-1-3,IR/24_Use_a_mobile_phone/user24/5-1-3,Thermal/24_Use_a_mobile_phone/user24/5-1-3,Skeleton/24_Use_a_mobile_phone/user24/5-1-3,IMU/24_Use_a_mobile_phone/user24/5-1-3,Radar/24_Use_a_mobile_phone/user24/5-1-3,2
24_Use_a_mobile_phone/user4/3-2-1,24_Use_a_mobile_phone,24,user4,3-2-1,Depth_Color/24_Use_a_mobile_phone/user4/3-2-1,IR/24_Use_a_mobile_phone/user4/3-2-1,Thermal/24_Use_a_mobile_phone/user4/3-2-1,Skeleton/24_Use_a_mobile_phone/user4/3-2-1,IMU/24_Use_a_mobile_phone/user4/3-2-1,Radar/24_Use_a_mobile_phone/user4/3-2-1,1
24_Use_a_mobile_phone/user4/3-2-2,24_Use_a_mobile_phone,24,user4,3-2-2,Depth_Color/24_Use_a_mobile_phone/user4/3-2-2,IR/24_Use_a_mobile_phone/user4/3-2-2,Thermal/24_Use_a_mobile_phone/user4/3-2-2,Skeleton/24_Use_a_mobile_phone/user4/3-2-2,IMU/24_Use_a_mobile_phone/user4/3-2-2,Radar/24_Use_a_mobile_phone/user4/3-2-2,1
24_Use_a_mobile_phone/user4/3-2-3,24_Use_a_mobile_phone,24,user4,3-2-3,Depth_Color/24_Use_a_mobile_phone/user4/3-2-3,IR/24_Use_a_mobile_phone/user4/3-2-3,Thermal/24_Use_a_mobile_phone/user4/3-2-3,Skeleton/24_Use_a_mobile_phone/user4/3-2-3,IMU/24_Use_a_mobile_phone/user4/3-2-3,Radar/24_Use_a_mobile_phone/user4/3-2-3,1
24_Use_a_mobile_phone/user4/6-1-1,24_Use_a_mobile_phone,24,user4,6-1-1,Depth_Color/24_Use_a_mobile_phone/user4/6-1-1,IR/24_Use_a_mobile_phone/user4/6-1-1,Thermal/24_Use_a_mobile_phone/user4/6-1-1,Skeleton/24_Use_a_mobile_phone/user4/6-1-1,IMU/24_Use_a_mobile_phone/user4/6-1-1,Radar/24_Use_a_mobile_phone/user4/6-1-1,1
24_Use_a_mobile_phone/user4/6-1-2,24_Use_a_mobile_phone,24,user4,6-1-2,Depth_Color/24_Use_a_mobile_phone/user4/6-1-2,IR/24_Use_a_mobile_phone/user4/6-1-2,Thermal/24_Use_a_mobile_phone/user4/6-1-2,Skeleton/24_Use_a_mobile_phone/user4/6-1-2,IMU/24_Use_a_mobile_phone/user4/6-1-2,Radar/24_Use_a_mobile_phone/user4/6-1-2,1
24_Use_a_mobile_phone/user4/6-1-3,24_Use_a_mobile_phone,24,user4,6-1-3,Depth_Color/24_Use_a_mobile_phone/user4/6-1-3,IR/24_Use_a_mobile_phone/user4/6-1-3,Thermal/24_Use_a_mobile_phone/user4/6-1-3,Skeleton/24_Use_a_mobile_phone/user4/6-1-3,IMU/24_Use_a_mobile_phone/user4/6-1-3,Radar/24_Use_a_mobile_phone/user4/6-1-3,1
24_Use_a_mobile_phone/user6/5-1-1,24_Use_a_mobile_phone,24,user6,5-1-1,Depth_Color/24_Use_a_mobile_phone/user6/5-1-1,IR/24_Use_a_mobile_phone/user6/5-1-1,Thermal/24_Use_a_mobile_phone/user6/5-1-1,Skeleton/24_Use_a_mobile_phone/user6/5-1-1,IMU/24_Use_a_mobile_phone/user6/5-1-1,Radar/24_Use_a_mobile_phone/user6/5-1-1,1
24_Use_a_mobile_phone/user6/5-1-2,24_Use_a_mobile_phone,24,user6,5-1-2,Depth_Color/24_Use_a_mobile_phone/user6/5-1-2,IR/24_Use_a_mobile_phone/user6/5-1-2,Thermal/24_Use_a_mobile_phone/user6/5-1-2,Skeleton/24_Use_a_mobile_phone/user6/5-1-2,IMU/24_Use_a_mobile_phone/user6/5-1-2,Radar/24_Use_a_mobile_phone/user6/5-1-2,1
24_Use_a_mobile_phone/user6/5-1-3,24_Use_a_mobile_phone,24,user6,5-1-3,Depth_Color/24_Use_a_mobile_phone/user6/5-1-3,IR/24_Use_a_mobile_phone/user6/5-1-3,Thermal/24_Use_a_mobile_phone/user6/5-1-3,Skeleton/24_Use_a_mobile_phone/user6/5-1-3,IMU/24_Use_a_mobile_phone/user6/5-1-3,Radar/24_Use_a_mobile_phone/user6/5-1-3,1
24_Use_a_mobile_phone/user6/6-2-1,24_Use_a_mobile_phone,24,user6,6-2-1,Depth_Color/24_Use_a_mobile_phone/user6/6-2-1,IR/24_Use_a_mobile_phone/user6/6-2-1,Thermal/24_Use_a_mobile_phone/user6/6-2-1,Skeleton/24_Use_a_mobile_phone/user6/6-2-1,IMU/24_Use_a_mobile_phone/user6/6-2-1,Radar/24_Use_a_mobile_phone/user6/6-2-1,1
24_Use_a_mobile_phone/user6/6-2-2,24_Use_a_mobile_phone,24,user6,6-2-2,Depth_Color/24_Use_a_mobile_phone/user6/6-2-2,IR/24_Use_a_mobile_phone/user6/6-2-2,Thermal/24_Use_a_mobile_phone/user6/6-2-2,Skeleton/24_Use_a_mobile_phone/user6/6-2-2,IMU/24_Use_a_mobile_phone/user6/6-2-2,Radar/24_Use_a_mobile_phone/user6/6-2-2,1
24_Use_a_mobile_phone/user6/6-2-3,24_Use_a_mobile_phone,24,user6,6-2-3,Depth_Color/24_Use_a_mobile_phone/user6/6-2-3,IR/24_Use_a_mobile_phone/user6/6-2-3,Thermal/24_Use_a_mobile_phone/user6/6-2-3,Skeleton/24_Use_a_mobile_phone/user6/6-2-3,IMU/24_Use_a_mobile_phone/user6/6-2-3,Radar/24_Use_a_mobile_phone/user6/6-2-3,1
24_Use_a_mobile_phone/user7/1-2-1,24_Use_a_mobile_phone,24,user7,1-2-1,Depth_Color/24_Use_a_mobile_phone/user7/1-2-1,IR/24_Use_a_mobile_phone/user7/1-2-1,Thermal/24_Use_a_mobile_phone/user7/1-2-1,Skeleton/24_Use_a_mobile_phone/user7/1-2-1,IMU/24_Use_a_mobile_phone/user7/1-2-1,Radar/24_Use_a_mobile_phone/user7/1-2-1,0
24_Use_a_mobile_phone/user7/1-2-2,24_Use_a_mobile_phone,24,user7,1-2-2,Depth_Color/24_Use_a_mobile_phone/user7/1-2-2,IR/24_Use_a_mobile_phone/user7/1-2-2,Thermal/24_Use_a_mobile_phone/user7/1-2-2,Skeleton/24_Use_a_mobile_phone/user7/1-2-2,IMU/24_Use_a_mobile_phone/user7/1-2-2,Radar/24_Use_a_mobile_phone/user7/1-2-2,0
24_Use_a_mobile_phone/user7/1-2-3,24_Use_a_mobile_phone,24,user7,1-2-3,Depth_Color/24_Use_a_mobile_phone/user7/1-2-3,IR/24_Use_a_mobile_phone/user7/1-2-3,Thermal/24_Use_a_mobile_phone/user7/1-2-3,Skeleton/24_Use_a_mobile_phone/user7/1-2-3,IMU/24_Use_a_mobile_phone/user7/1-2-3,Radar/24_Use_a_mobile_phone/user7/1-2-3,0
25_Watch_TV/user1/5-1-1,25_Watch_TV,25,user1,5-1-1,Depth_Color/25_Watch_TV/user1/5-1-1,IR/25_Watch_TV/user1/5-1-1,Thermal/25_Watch_TV/user1/5-1-1,Skeleton/25_Watch_TV/user1/5-1-1,IMU/25_Watch_TV/user1/5-1-1,Radar/25_Watch_TV/user1/5-1-1,1
25_Watch_TV/user1/5-1-2,25_Watch_TV,25,user1,5-1-2,Depth_Color/25_Watch_TV/user1/5-1-2,IR/25_Watch_TV/user1/5-1-2,Thermal/25_Watch_TV/user1/5-1-2,Skeleton/25_Watch_TV/user1/5-1-2,IMU/25_Watch_TV/user1/5-1-2,Radar/25_Watch_TV/user1/5-1-2,1
25_Watch_TV/user1/5-1-3,25_Watch_TV,25,user1,5-1-3,Depth_Color/25_Watch_TV/user1/5-1-3,IR/25_Watch_TV/user1/5-1-3,Thermal/25_Watch_TV/user1/5-1-3,Skeleton/25_Watch_TV/user1/5-1-3,IMU/25_Watch_TV/user1/5-1-3,Radar/25_Watch_TV/user1/5-1-3,1
25_Watch_TV/user24/2-2-1,25_Watch_TV,25,user24,2-2-1,Depth_Color/25_Watch_TV/user24/2-2-1,IR/25_Watch_TV/user24/2-2-1,Thermal/25_Watch_TV/user24/2-2-1,Skeleton/25_Watch_TV/user24/2-2-1,IMU/25_Watch_TV/user24/2-2-1,Radar/25_Watch_TV/user24/2-2-1,2
25_Watch_TV/user24/2-2-2,25_Watch_TV,25,user24,2-2-2,Depth_Color/25_Watch_TV/user24/2-2-2,IR/25_Watch_TV/user24/2-2-2,Thermal/25_Watch_TV/user24/2-2-2,Skeleton/25_Watch_TV/user24/2-2-2,IMU/25_Watch_TV/user24/2-2-2,Radar/25_Watch_TV/user24/2-2-2,2
25_Watch_TV/user24/2-2-3,25_Watch_TV,25,user24,2-2-3,Depth_Color/25_Watch_TV/user24/2-2-3,IR/25_Watch_TV/user24/2-2-3,Thermal/25_Watch_TV/user24/2-2-3,Skeleton/25_Watch_TV/user24/2-2-3,IMU/25_Watch_TV/user24/2-2-3,Radar/25_Watch_TV/user24/2-2-3,2
25_Watch_TV/user24/5-3-1,25_Watch_TV,25,user24,5-3-1,Depth_Color/25_Watch_TV/user24/5-3-1,IR/25_Watch_TV/user24/5-3-1,,Skeleton/25_Watch_TV/user24/5-3-1,IMU/25_Watch_TV/user24/5-3-1,Radar/25_Watch_TV/user24/5-3-1,2
25_Watch_TV/user24/5-3-2,25_Watch_TV,25,user24,5-3-2,Depth_Color/25_Watch_TV/user24/5-3-2,IR/25_Watch_TV/user24/5-3-2,Thermal/25_Watch_TV/user24/5-3-2,Skeleton/25_Watch_TV/user24/5-3-2,IMU/25_Watch_TV/user24/5-3-2,Radar/25_Watch_TV/user24/5-3-2,2
25_Watch_TV/user24/5-3-3,25_Watch_TV,25,user24,5-3-3,Depth_Color/25_Watch_TV/user24/5-3-3,IR/25_Watch_TV/user24/5-3-3,Thermal/25_Watch_TV/user24/5-3-3,Skeleton/25_Watch_TV/user24/5-3-3,IMU/25_Watch_TV/user24/5-3-3,Radar/25_Watch_TV/user24/5-3-3,2
25_Watch_TV/user7/5-1-1,25_Watch_TV,25,user7,5-1-1,Depth_Color/25_Watch_TV/user7/5-1-1,IR/25_Watch_TV/user7/5-1-1,Thermal/25_Watch_TV/user7/5-1-1,Skeleton/25_Watch_TV/user7/5-1-1,IMU/25_Watch_TV/user7/5-1-1,Radar/25_Watch_TV/user7/5-1-1,0
25_Watch_TV/user7/5-1-2,25_Watch_TV,25,user7,5-1-2,Depth_Color/25_Watch_TV/user7/5-1-2,IR/25_Watch_TV/user7/5-1-2,Thermal/25_Watch_TV/user7/5-1-2,Skeleton/25_Watch_TV/user7/5-1-2,IMU/25_Watch_TV/user7/5-1-2,Radar/25_Watch_TV/user7/5-1-2,0
25_Watch_TV/user7/5-1-3,25_Watch_TV,25,user7,5-1-3,Depth_Color/25_Watch_TV/user7/5-1-3,IR/25_Watch_TV/user7/5-1-3,Thermal/25_Watch_TV/user7/5-1-3,Skeleton/25_Watch_TV/user7/5-1-3,IMU/25_Watch_TV/user7/5-1-3,Radar/25_Watch_TV/user7/5-1-3,0
26_Play_games/user16/5-3-1,26_Play_games,26,user16,5-3-1,Depth_Color/26_Play_games/user16/5-3-1,IR/26_Play_games/user16/5-3-1,Thermal/26_Play_games/user16/5-3-1,Skeleton/26_Play_games/user16/5-3-1,IMU/26_Play_games/user16/5-3-1,Radar/26_Play_games/user16/5-3-1,0
26_Play_games/user16/5-3-2,26_Play_games,26,user16,5-3-2,Depth_Color/26_Play_games/user16/5-3-2,IR/26_Play_games/user16/5-3-2,Thermal/26_Play_games/user16/5-3-2,Skeleton/26_Play_games/user16/5-3-2,IMU/26_Play_games/user16/5-3-2,Radar/26_Play_games/user16/5-3-2,0
26_Play_games/user16/5-3-3,26_Play_games,26,user16,5-3-3,Depth_Color/26_Play_games/user16/5-3-3,IR/26_Play_games/user16/5-3-3,Thermal/26_Play_games/user16/5-3-3,Skeleton/26_Play_games/user16/5-3-3,IMU/26_Play_games/user16/5-3-3,Radar/26_Play_games/user16/5-3-3,0
26_Play_games/user19/3-1-1,26_Play_games,26,user19,3-1-1,Depth_Color/26_Play_games/user19/3-1-1,IR/26_Play_games/user19/3-1-1,Thermal/26_Play_games/user19/3-1-1,Skeleton/26_Play_games/user19/3-1-1,IMU/26_Play_games/user19/3-1-1,Radar/26_Play_games/user19/3-1-1,2
26_Play_games/user19/3-1-2,26_Play_games,26,user19,3-1-2,Depth_Color/26_Play_games/user19/3-1-2,IR/26_Play_games/user19/3-1-2,Thermal/26_Play_games/user19/3-1-2,Skeleton/26_Play_games/user19/3-1-2,IMU/26_Play_games/user19/3-1-2,Radar/26_Play_games/user19/3-1-2,2
26_Play_games/user19/3-1-3,26_Play_games,26,user19,3-1-3,Depth_Color/26_Play_games/user19/3-1-3,IR/26_Play_games/user19/3-1-3,Thermal/26_Play_games/user19/3-1-3,Skeleton/26_Play_games/user19/3-1-3,IMU/26_Play_games/user19/3-1-3,Radar/26_Play_games/user19/3-1-3,2
26_Play_games/user19/5-1-1,26_Play_games,26,user19,5-1-1,Depth_Color/26_Play_games/user19/5-1-1,IR/26_Play_games/user19/5-1-1,Thermal/26_Play_games/user19/5-1-1,Skeleton/26_Play_games/user19/5-1-1,IMU/26_Play_games/user19/5-1-1,Radar/26_Play_games/user19/5-1-1,2
26_Play_games/user19/5-1-2,26_Play_games,26,user19,5-1-2,Depth_Color/26_Play_games/user19/5-1-2,IR/26_Play_games/user19/5-1-2,Thermal/26_Play_games/user19/5-1-2,Skeleton/26_Play_games/user19/5-1-2,IMU/26_Play_games/user19/5-1-2,Radar/26_Play_games/user19/5-1-2,2
26_Play_games/user19/5-1-3,26_Play_games,26,user19,5-1-3,Depth_Color/26_Play_games/user19/5-1-3,IR/26_Play_games/user19/5-1-3,Thermal/26_Play_games/user19/5-1-3,Skeleton/26_Play_games/user19/5-1-3,IMU/26_Play_games/user19/5-1-3,Radar/26_Play_games/user19/5-1-3,2
26_Play_games/user19/5-3-1,26_Play_games,26,user19,5-3-1,Depth_Color/26_Play_games/user19/5-3-1,IR/26_Play_games/user19/5-3-1,Thermal/26_Play_games/user19/5-3-1,Skeleton/26_Play_games/user19/5-3-1,IMU/26_Play_games/user19/5-3-1,Radar/26_Play_games/user19/5-3-1,2
26_Play_games/user19/5-3-2,26_Play_games,26,user19,5-3-2,Depth_Color/26_Play_games/user19/5-3-2,IR/26_Play_games/user19/5-3-2,Thermal/26_Play_games/user19/5-3-2,Skeleton/26_Play_games/user19/5-3-2,IMU/26_Play_games/user19/5-3-2,Radar/26_Play_games/user19/5-3-2,2
26_Play_games/user19/6-2-1,26_Play_games,26,user19,6-2-1,Depth_Color/26_Play_games/user19/6-2-1,IR/26_Play_games/user19/6-2-1,Thermal/26_Play_games/user19/6-2-1,Skeleton/26_Play_games/user19/6-2-1,IMU/26_Play_games/user19/6-2-1,Radar/26_Play_games/user19/6-2-1,2
26_Play_games/user19/6-2-2,26_Play_games,26,user19,6-2-2,Depth_Color/26_Play_games/user19/6-2-2,IR/26_Play_games/user19/6-2-2,Thermal/26_Play_games/user19/6-2-2,Skeleton/26_Play_games/user19/6-2-2,IMU/26_Play_games/user19/6-2-2,Radar/26_Play_games/user19/6-2-2,2
26_Play_games/user19/6-2-3,26_Play_games,26,user19,6-2-3,Depth_Color/26_Play_games/user19/6-2-3,IR/26_Play_games/user19/6-2-3,Thermal/26_Play_games/user19/6-2-3,Skeleton/26_Play_games/user19/6-2-3,IMU/26_Play_games/user19/6-2-3,Radar/26_Play_games/user19/6-2-3,2
26_Play_games/user23/5-1-1,26_Play_games,26,user23,5-1-1,Depth_Color/26_Play_games/user23/5-1-1,IR/26_Play_games/user23/5-1-1,Thermal/26_Play_games/user23/5-1-1,Skeleton/26_Play_games/user23/5-1-1,IMU/26_Play_games/user23/5-1-1,Radar/26_Play_games/user23/5-1-1,0
26_Play_games/user23/5-1-2,26_Play_games,26,user23,5-1-2,Depth_Color/26_Play_games/user23/5-1-2,IR/26_Play_games/user23/5-1-2,Thermal/26_Play_games/user23/5-1-2,Skeleton/26_Play_games/user23/5-1-2,IMU/26_Play_games/user23/5-1-2,Radar/26_Play_games/user23/5-1-2,0
26_Play_games/user23/5-1-3,26_Play_games,26,user23,5-1-3,Depth_Color/26_Play_games/user23/5-1-3,IR/26_Play_games/user23/5-1-3,Thermal/26_Play_games/user23/5-1-3,Skeleton/26_Play_games/user23/5-1-3,IMU/26_Play_games/user23/5-1-3,Radar/26_Play_games/user23/5-1-3,0
26_Play_games/user24/4-1-1,26_Play_games,26,user24,4-1-1,Depth_Color/26_Play_games/user24/4-1-1,IR/26_Play_games/user24/4-1-1,Thermal/26_Play_games/user24/4-1-1,Skeleton/26_Play_games/user24/4-1-1,IMU/26_Play_games/user24/4-1-1,Radar/26_Play_games/user24/4-1-1,2
26_Play_games/user24/4-1-2,26_Play_games,26,user24,4-1-2,Depth_Color/26_Play_games/user24/4-1-2,IR/26_Play_games/user24/4-1-2,Thermal/26_Play_games/user24/4-1-2,Skeleton/26_Play_games/user24/4-1-2,IMU/26_Play_games/user24/4-1-2,Radar/26_Play_games/user24/4-1-2,2
26_Play_games/user24/4-1-3,26_Play_games,26,user24,4-1-3,Depth_Color/26_Play_games/user24/4-1-3,IR/26_Play_games/user24/4-1-3,Thermal/26_Play_games/user24/4-1-3,Skeleton/26_Play_games/user24/4-1-3,IMU/26_Play_games/user24/4-1-3,Radar/26_Play_games/user24/4-1-3,2
26_Play_games/user24/4-3-1,26_Play_games,26,user24,4-3-1,Depth_Color/26_Play_games/user24/4-3-1,IR/26_Play_games/user24/4-3-1,Thermal/26_Play_games/user24/4-3-1,Skeleton/26_Play_games/user24/4-3-1,IMU/26_Play_games/user24/4-3-1,Radar/26_Play_games/user24/4-3-1,2
26_Play_games/user24/4-3-2,26_Play_games,26,user24,4-3-2,Depth_Color/26_Play_games/user24/4-3-2,IR/26_Play_games/user24/4-3-2,Thermal/26_Play_games/user24/4-3-2,Skeleton/26_Play_games/user24/4-3-2,IMU/26_Play_games/user24/4-3-2,Radar/26_Play_games/user24/4-3-2,2
26_Play_games/user24/4-3-3,26_Play_games,26,user24,4-3-3,Depth_Color/26_Play_games/user24/4-3-3,IR/26_Play_games/user24/4-3-3,Thermal/26_Play_games/user24/4-3-3,Skeleton/26_Play_games/user24/4-3-3,IMU/26_Play_games/user24/4-3-3,Radar/26_Play_games/user24/4-3-3,2
26_Play_games/user24/5-3-1,26_Play_games,26,user24,5-3-1,Depth_Color/26_Play_games/user24/5-3-1,IR/26_Play_games/user24/5-3-1,Thermal/26_Play_games/user24/5-3-1,Skeleton/26_Play_games/user24/5-3-1,IMU/26_Play_games/user24/5-3-1,Radar/26_Play_games/user24/5-3-1,2
26_Play_games/user24/5-3-2,26_Play_games,26,user24,5-3-2,Depth_Color/26_Play_games/user24/5-3-2,IR/26_Play_games/user24/5-3-2,Thermal/26_Play_games/user24/5-3-2,Skeleton/26_Play_games/user24/5-3-2,IMU/26_Play_games/user24/5-3-2,Radar/26_Play_games/user24/5-3-2,2
26_Play_games/user24/5-3-3,26_Play_games,26,user24,5-3-3,Depth_Color/26_Play_games/user24/5-3-3,IR/26_Play_games/user24/5-3-3,Thermal/26_Play_games/user24/5-3-3,Skeleton/26_Play_games/user24/5-3-3,IMU/26_Play_games/user24/5-3-3,Radar/26_Play_games/user24/5-3-3,2
26_Play_games/user6/5-3-1,26_Play_games,26,user6,5-3-1,Depth_Color/26_Play_games/user6/5-3-1,IR/26_Play_games/user6/5-3-1,Thermal/26_Play_games/user6/5-3-1,Skeleton/26_Play_games/user6/5-3-1,IMU/26_Play_games/user6/5-3-1,Radar/26_Play_games/user6/5-3-1,1
26_Play_games/user6/5-3-2,26_Play_games,26,user6,5-3-2,Depth_Color/26_Play_games/user6/5-3-2,IR/26_Play_games/user6/5-3-2,Thermal/26_Play_games/user6/5-3-2,Skeleton/26_Play_games/user6/5-3-2,IMU/26_Play_games/user6/5-3-2,Radar/26_Play_games/user6/5-3-2,1
26_Play_games/user9/3-1-1,26_Play_games,26,user9,3-1-1,Depth_Color/26_Play_games/user9/3-1-1,IR/26_Play_games/user9/3-1-1,Thermal/26_Play_games/user9/3-1-1,Skeleton/26_Play_games/user9/3-1-1,IMU/26_Play_games/user9/3-1-1,Radar/26_Play_games/user9/3-1-1,1
26_Play_games/user9/3-1-2,26_Play_games,26,user9,3-1-2,Depth_Color/26_Play_games/user9/3-1-2,IR/26_Play_games/user9/3-1-2,Thermal/26_Play_games/user9/3-1-2,Skeleton/26_Play_games/user9/3-1-2,IMU/26_Play_games/user9/3-1-2,Radar/26_Play_games/user9/3-1-2,1
26_Play_games/user9/3-1-3,26_Play_games,26,user9,3-1-3,Depth_Color/26_Play_games/user9/3-1-3,IR/26_Play_games/user9/3-1-3,Thermal/26_Play_games/user9/3-1-3,Skeleton/26_Play_games/user9/3-1-3,IMU/26_Play_games/user9/3-1-3,Radar/26_Play_games/user9/3-1-3,1
26_Play_games/user9/5-1-1,26_Play_games,26,user9,5-1-1,Depth_Color/26_Play_games/user9/5-1-1,IR/26_Play_games/user9/5-1-1,Thermal/26_Play_games/user9/5-1-1,Skeleton/26_Play_games/user9/5-1-1,IMU/26_Play_games/user9/5-1-1,Radar/26_Play_games/user9/5-1-1,1
26_Play_games/user9/5-1-2,26_Play_games,26,user9,5-1-2,Depth_Color/26_Play_games/user9/5-1-2,IR/26_Play_games/user9/5-1-2,Thermal/26_Play_games/user9/5-1-2,Skeleton/26_Play_games/user9/5-1-2,IMU/26_Play_games/user9/5-1-2,Radar/26_Play_games/user9/5-1-2,1
26_Play_games/user9/5-1-3,26_Play_games,26,user9,5-1-3,Depth_Color/26_Play_games/user9/5-1-3,IR/26_Play_games/user9/5-1-3,Thermal/26_Play_games/user9/5-1-3,Skeleton/26_Play_games/user9/5-1-3,IMU/26_Play_games/user9/5-1-3,Radar/26_Play_games/user9/5-1-3,1
26_Play_games/user9/5-3-1,26_Play_games,26,user9,5-3-1,Depth_Color/26_Play_games/user9/5-3-1,IR/26_Play_games/user9/5-3-1,Thermal/26_Play_games/user9/5-3-1,Skeleton/26_Play_games/user9/5-3-1,IMU/26_Play_games/user9/5-3-1,Radar/26_Play_games/user9/5-3-1,1
26_Play_games/user9/5-3-2,26_Play_games,26,user9,5-3-2,Depth_Color/26_Play_games/user9/5-3-2,IR/26_Play_games/user9/5-3-2,Thermal/26_Play_games/user9/5-3-2,Skeleton/26_Play_games/user9/5-3-2,IMU/26_Play_games/user9/5-3-2,Radar/26_Play_games/user9/5-3-2,1
26_Play_games/user9/5-3-3,26_Play_games,26,user9,5-3-3,Depth_Color/26_Play_games/user9/5-3-3,IR/26_Play_games/user9/5-3-3,Thermal/26_Play_games/user9/5-3-3,Skeleton/26_Play_games/user9/5-3-3,IMU/26_Play_games/user9/5-3-3,Radar/26_Play_games/user9/5-3-3,1
26_Play_games/user9/6-2-1,26_Play_games,26,user9,6-2-1,Depth_Color/26_Play_games/user9/6-2-1,IR/26_Play_games/user9/6-2-1,Thermal/26_Play_games/user9/6-2-1,Skeleton/26_Play_games/user9/6-2-1,IMU/26_Play_games/user9/6-2-1,Radar/26_Play_games/user9/6-2-1,1
26_Play_games/user9/6-2-2,26_Play_games,26,user9,6-2-2,Depth_Color/26_Play_games/user9/6-2-2,IR/26_Play_games/user9/6-2-2,Thermal/26_Play_games/user9/6-2-2,Skeleton/26_Play_games/user9/6-2-2,IMU/26_Play_games/user9/6-2-2,Radar/26_Play_games/user9/6-2-2,1
26_Play_games/user9/6-2-3,26_Play_games,26,user9,6-2-3,Depth_Color/26_Play_games/user9/6-2-3,IR/26_Play_games/user9/6-2-3,Thermal/26_Play_games/user9/6-2-3,Skeleton/26_Play_games/user9/6-2-3,IMU/26_Play_games/user9/6-2-3,Radar/26_Play_games/user9/6-2-3,1
27_Take_a_selfie/user1/5-1-1,27_Take_a_selfie,27,user1,5-1-1,Depth_Color/27_Take_a_selfie/user1/5-1-1,IR/27_Take_a_selfie/user1/5-1-1,Thermal/27_Take_a_selfie/user1/5-1-1,Skeleton/27_Take_a_selfie/user1/5-1-1,IMU/27_Take_a_selfie/user1/5-1-1,Radar/27_Take_a_selfie/user1/5-1-1,1
27_Take_a_selfie/user1/5-1-2,27_Take_a_selfie,27,user1,5-1-2,Depth_Color/27_Take_a_selfie/user1/5-1-2,IR/27_Take_a_selfie/user1/5-1-2,Thermal/27_Take_a_selfie/user1/5-1-2,Skeleton/27_Take_a_selfie/user1/5-1-2,IMU/27_Take_a_selfie/user1/5-1-2,Radar/27_Take_a_selfie/user1/5-1-2,1
27_Take_a_selfie/user1/5-1-3,27_Take_a_selfie,27,user1,5-1-3,Depth_Color/27_Take_a_selfie/user1/5-1-3,IR/27_Take_a_selfie/user1/5-1-3,Thermal/27_Take_a_selfie/user1/5-1-3,Skeleton/27_Take_a_selfie/user1/5-1-3,IMU/27_Take_a_selfie/user1/5-1-3,Radar/27_Take_a_selfie/user1/5-1-3,1
27_Take_a_selfie/user17/1-2-1,27_Take_a_selfie,27,user17,1-2-1,Depth_Color/27_Take_a_selfie/user17/1-2-1,IR/27_Take_a_selfie/user17/1-2-1,Thermal/27_Take_a_selfie/user17/1-2-1,Skeleton/27_Take_a_selfie/user17/1-2-1,IMU/27_Take_a_selfie/user17/1-2-1,Radar/27_Take_a_selfie/user17/1-2-1,2
27_Take_a_selfie/user17/1-2-2,27_Take_a_selfie,27,user17,1-2-2,Depth_Color/27_Take_a_selfie/user17/1-2-2,IR/27_Take_a_selfie/user17/1-2-2,Thermal/27_Take_a_selfie/user17/1-2-2,Skeleton/27_Take_a_selfie/user17/1-2-2,IMU/27_Take_a_selfie/user17/1-2-2,Radar/27_Take_a_selfie/user17/1-2-2,2
27_Take_a_selfie/user17/1-2-3,27_Take_a_selfie,27,user17,1-2-3,Depth_Color/27_Take_a_selfie/user17/1-2-3,IR/27_Take_a_selfie/user17/1-2-3,Thermal/27_Take_a_selfie/user17/1-2-3,Skeleton/27_Take_a_selfie/user17/1-2-3,IMU/27_Take_a_selfie/user17/1-2-3,Radar/27_Take_a_selfie/user17/1-2-3,2
27_Take_a_selfie/user18/1-2-1,27_Take_a_selfie,27,user18,1-2-1,Depth_Color/27_Take_a_selfie/user18/1-2-1,IR/27_Take_a_selfie/user18/1-2-1,Thermal/27_Take_a_selfie/user18/1-2-1,Skeleton/27_Take_a_selfie/user18/1-2-1,IMU/27_Take_a_selfie/user18/1-2-1,Radar/27_Take_a_selfie/user18/1-2-1,1
27_Take_a_selfie/user18/1-2-2,27_Take_a_selfie,27,user18,1-2-2,Depth_Color/27_Take_a_selfie/user18/1-2-2,IR/27_Take_a_selfie/user18/1-2-2,Thermal/27_Take_a_selfie/user18/1-2-2,Skeleton/27_Take_a_selfie/user18/1-2-2,IMU/27_Take_a_selfie/user18/1-2-2,Radar/27_Take_a_selfie/user18/1-2-2,1
27_Take_a_selfie/user18/1-2-3,27_Take_a_selfie,27,user18,1-2-3,Depth_Color/27_Take_a_selfie/user18/1-2-3,IR/27_Take_a_selfie/user18/1-2-3,Thermal/27_Take_a_selfie/user18/1-2-3,Skeleton/27_Take_a_selfie/user18/1-2-3,IMU/27_Take_a_selfie/user18/1-2-3,Radar/27_Take_a_selfie/user18/1-2-3,1
27_Take_a_selfie/user19/6-2-1,27_Take_a_selfie,27,user19,6-2-1,Depth_Color/27_Take_a_selfie/user19/6-2-1,IR/27_Take_a_selfie/user19/6-2-1,Thermal/27_Take_a_selfie/user19/6-2-1,Skeleton/27_Take_a_selfie/user19/6-2-1,IMU/27_Take_a_selfie/user19/6-2-1,Radar/27_Take_a_selfie/user19/6-2-1,2
27_Take_a_selfie/user19/6-2-2,27_Take_a_selfie,27,user19,6-2-2,Depth_Color/27_Take_a_selfie/user19/6-2-2,IR/27_Take_a_selfie/user19/6-2-2,Thermal/27_Take_a_selfie/user19/6-2-2,Skeleton/27_Take_a_selfie/user19/6-2-2,IMU/27_Take_a_selfie/user19/6-2-2,Radar/27_Take_a_selfie/user19/6-2-2,2
27_Take_a_selfie/user19/6-2-3,27_Take_a_selfie,27,user19,6-2-3,Depth_Color/27_Take_a_selfie/user19/6-2-3,IR/27_Take_a_selfie/user19/6-2-3,Thermal/27_Take_a_selfie/user19/6-2-3,Skeleton/27_Take_a_selfie/user19/6-2-3,IMU/27_Take_a_selfie/user19/6-2-3,Radar/27_Take_a_selfie/user19/6-2-3,2
27_Take_a_selfie/user20/7-2-1,27_Take_a_selfie,27,user20,7-2-1,Depth_Color/27_Take_a_selfie/user20/7-2-1,IR/27_Take_a_selfie/user20/7-2-1,Thermal/27_Take_a_selfie/user20/7-2-1,Skeleton/27_Take_a_selfie/user20/7-2-1,IMU/27_Take_a_selfie/user20/7-2-1,Radar/27_Take_a_selfie/user20/7-2-1,0
27_Take_a_selfie/user20/7-2-2,27_Take_a_selfie,27,user20,7-2-2,Depth_Color/27_Take_a_selfie/user20/7-2-2,IR/27_Take_a_selfie/user20/7-2-2,Thermal/27_Take_a_selfie/user20/7-2-2,Skeleton/27_Take_a_selfie/user20/7-2-2,IMU/27_Take_a_selfie/user20/7-2-2,Radar/27_Take_a_selfie/user20/7-2-2,0
27_Take_a_selfie/user20/7-2-3,27_Take_a_selfie,27,user20,7-2-3,Depth_Color/27_Take_a_selfie/user20/7-2-3,IR/27_Take_a_selfie/user20/7-2-3,Thermal/27_Take_a_selfie/user20/7-2-3,Skeleton/27_Take_a_selfie/user20/7-2-3,IMU/27_Take_a_selfie/user20/7-2-3,Radar/27_Take_a_selfie/user20/7-2-3,0
27_Take_a_selfie/user21/5-1-1,27_Take_a_selfie,27,user21,5-1-1,Depth_Color/27_Take_a_selfie/user21/5-1-1,IR/27_Take_a_selfie/user21/5-1-1,Thermal/27_Take_a_selfie/user21/5-1-1,Skeleton/27_Take_a_selfie/user21/5-1-1,IMU/27_Take_a_selfie/user21/5-1-1,Radar/27_Take_a_selfie/user21/5-1-1,0
27_Take_a_selfie/user21/5-1-2,27_Take_a_selfie,27,user21,5-1-2,Depth_Color/27_Take_a_selfie/user21/5-1-2,IR/27_Take_a_selfie/user21/5-1-2,Thermal/27_Take_a_selfie/user21/5-1-2,Skeleton/27_Take_a_selfie/user21/5-1-2,IMU/27_Take_a_selfie/user21/5-1-2,Radar/27_Take_a_selfie/user21/5-1-2,0
27_Take_a_selfie/user21/5-1-3,27_Take_a_selfie,27,user21,5-1-3,Depth_Color/27_Take_a_selfie/user21/5-1-3,IR/27_Take_a_selfie/user21/5-1-3,Thermal/27_Take_a_selfie/user21/5-1-3,Skeleton/27_Take_a_selfie/user21/5-1-3,IMU/27_Take_a_selfie/user21/5-1-3,Radar/27_Take_a_selfie/user21/5-1-3,0
27_Take_a_selfie/user22/4-2-1,27_Take_a_selfie,27,user22,4-2-1,Depth_Color/27_Take_a_selfie/user22/4-2-1,IR/27_Take_a_selfie/user22/4-2-1,Thermal/27_Take_a_selfie/user22/4-2-1,Skeleton/27_Take_a_selfie/user22/4-2-1,IMU/27_Take_a_selfie/user22/4-2-1,Radar/27_Take_a_selfie/user22/4-2-1,1
27_Take_a_selfie/user22/4-2-2,27_Take_a_selfie,27,user22,4-2-2,Depth_Color/27_Take_a_selfie/user22/4-2-2,IR/27_Take_a_selfie/user22/4-2-2,Thermal/27_Take_a_selfie/user22/4-2-2,Skeleton/27_Take_a_selfie/user22/4-2-2,IMU/27_Take_a_selfie/user22/4-2-2,Radar/27_Take_a_selfie/user22/4-2-2,1
27_Take_a_selfie/user22/4-2-3,27_Take_a_selfie,27,user22,4-2-3,Depth_Color/27_Take_a_selfie/user22/4-2-3,IR/27_Take_a_selfie/user22/4-2-3,Thermal/27_Take_a_selfie/user22/4-2-3,Skeleton/27_Take_a_selfie/user22/4-2-3,IMU/27_Take_a_selfie/user22/4-2-3,Radar/27_Take_a_selfie/user22/4-2-3,1
27_Take_a_selfie/user23/3-2-2,27_Take_a_selfie,27,user23,3-2-2,Depth_Color/27_Take_a_selfie/user23/3-2-2,IR/27_Take_a_selfie/user23/3-2-2,Thermal/27_Take_a_selfie/user23/3-2-2,Skeleton/27_Take_a_selfie/user23/3-2-2,IMU/27_Take_a_selfie/user23/3-2-2,Radar/27_Take_a_selfie/user23/3-2-2,0
27_Take_a_selfie/user23/3-2-3,27_Take_a_selfie,27,user23,3-2-3,Depth_Color/27_Take_a_selfie/user23/3-2-3,IR/27_Take_a_selfie/user23/3-2-3,Thermal/27_Take_a_selfie/user23/3-2-3,Skeleton/27_Take_a_selfie/user23/3-2-3,IMU/27_Take_a_selfie/user23/3-2-3,Radar/27_Take_a_selfie/user23/3-2-3,0
27_Take_a_selfie/user23/4-2-1,27_Take_a_selfie,27,user23,4-2-1,Depth_Color/27_Take_a_selfie/user23/4-2-1,IR/27_Take_a_selfie/user23/4-2-1,Thermal/27_Take_a_selfie/user23/4-2-1,Skeleton/27_Take_a_selfie/user23/4-2-1,IMU/27_Take_a_selfie/user23/4-2-1,Radar/27_Take_a_selfie/user23/4-2-1,0
27_Take_a_selfie/user23/4-2-2,27_Take_a_selfie,27,user23,4-2-2,Depth_Color/27_Take_a_selfie/user23/4-2-2,IR/27_Take_a_selfie/user23/4-2-2,Thermal/27_Take_a_selfie/user23/4-2-2,Skeleton/27_Take_a_selfie/user23/4-2-2,IMU/27_Take_a_selfie/user23/4-2-2,Radar/27_Take_a_selfie/user23/4-2-2,0
27_Take_a_selfie/user23/4-2-3,27_Take_a_selfie,27,user23,4-2-3,Depth_Color/27_Take_a_selfie/user23/4-2-3,IR/27_Take_a_selfie/user23/4-2-3,Thermal/27_Take_a_selfie/user23/4-2-3,Skeleton/27_Take_a_selfie/user23/4-2-3,IMU/27_Take_a_selfie/user23/4-2-3,Radar/27_Take_a_selfie/user23/4-2-3,0
27_Take_a_selfie/user24/1-1-1,27_Take_a_selfie,27,user24,1-1-1,Depth_Color/27_Take_a_selfie/user24/1-1-1,IR/27_Take_a_selfie/user24/1-1-1,Thermal/27_Take_a_selfie/user24/1-1-1,Skeleton/27_Take_a_selfie/user24/1-1-1,IMU/27_Take_a_selfie/user24/1-1-1,Radar/27_Take_a_selfie/user24/1-1-1,2
27_Take_a_selfie/user24/1-1-2,27_Take_a_selfie,27,user24,1-1-2,Depth_Color/27_Take_a_selfie/user24/1-1-2,IR/27_Take_a_selfie/user24/1-1-2,Thermal/27_Take_a_selfie/user24/1-1-2,Skeleton/27_Take_a_selfie/user24/1-1-2,IMU/27_Take_a_selfie/user24/1-1-2,Radar/27_Take_a_selfie/user24/1-1-2,2
27_Take_a_selfie/user24/1-1-3,27_Take_a_selfie,27,user24,1-1-3,Depth_Color/27_Take_a_selfie/user24/1-1-3,IR/27_Take_a_selfie/user24/1-1-3,Thermal/27_Take_a_selfie/user24/1-1-3,Skeleton/27_Take_a_selfie/user24/1-1-3,IMU/27_Take_a_selfie/user24/1-1-3,Radar/27_Take_a_selfie/user24/1-1-3,2
27_Take_a_selfie/user4/3-2-1,27_Take_a_selfie,27,user4,3-2-1,Depth_Color/27_Take_a_selfie/user4/3-2-1,IR/27_Take_a_selfie/user4/3-2-1,Thermal/27_Take_a_selfie/user4/3-2-1,Skeleton/27_Take_a_selfie/user4/3-2-1,IMU/27_Take_a_selfie/user4/3-2-1,Radar/27_Take_a_selfie/user4/3-2-1,1
27_Take_a_selfie/user4/3-2-2,27_Take_a_selfie,27,user4,3-2-2,Depth_Color/27_Take_a_selfie/user4/3-2-2,IR/27_Take_a_selfie/user4/3-2-2,Thermal/27_Take_a_selfie/user4/3-2-2,Skeleton/27_Take_a_selfie/user4/3-2-2,IMU/27_Take_a_selfie/user4/3-2-2,Radar/27_Take_a_selfie/user4/3-2-2,1
27_Take_a_selfie/user4/3-2-3,27_Take_a_selfie,27,user4,3-2-3,Depth_Color/27_Take_a_selfie/user4/3-2-3,IR/27_Take_a_selfie/user4/3-2-3,Thermal/27_Take_a_selfie/user4/3-2-3,Skeleton/27_Take_a_selfie/user4/3-2-3,IMU/27_Take_a_selfie/user4/3-2-3,Radar/27_Take_a_selfie/user4/3-2-3,1
27_Take_a_selfie/user7/1-2-1,27_Take_a_selfie,27,user7,1-2-1,Depth_Color/27_Take_a_selfie/user7/1-2-1,IR/27_Take_a_selfie/user7/1-2-1,Thermal/27_Take_a_selfie/user7/1-2-1,Skeleton/27_Take_a_selfie/user7/1-2-1,IMU/27_Take_a_selfie/user7/1-2-1,Radar/27_Take_a_selfie/user7/1-2-1,0
27_Take_a_selfie/user7/1-2-2,27_Take_a_selfie,27,user7,1-2-2,Depth_Color/27_Take_a_selfie/user7/1-2-2,IR/27_Take_a_selfie/user7/1-2-2,Thermal/27_Take_a_selfie/user7/1-2-2,Skeleton/27_Take_a_selfie/user7/1-2-2,IMU/27_Take_a_selfie/user7/1-2-2,Radar/27_Take_a_selfie/user7/1-2-2,0
27_Take_a_selfie/user7/1-2-3,27_Take_a_selfie,27,user7,1-2-3,Depth_Color/27_Take_a_selfie/user7/1-2-3,IR/27_Take_a_selfie/user7/1-2-3,Thermal/27_Take_a_selfie/user7/1-2-3,Skeleton/27_Take_a_selfie/user7/1-2-3,IMU/27_Take_a_selfie/user7/1-2-3,Radar/27_Take_a_selfie/user7/1-2-3,0
27_Take_a_selfie/user8/1-2-1,27_Take_a_selfie,27,user8,1-2-1,Depth_Color/27_Take_a_selfie/user8/1-2-1,IR/27_Take_a_selfie/user8/1-2-1,Thermal/27_Take_a_selfie/user8/1-2-1,Skeleton/27_Take_a_selfie/user8/1-2-1,IMU/27_Take_a_selfie/user8/1-2-1,Radar/27_Take_a_selfie/user8/1-2-1,2
27_Take_a_selfie/user8/1-2-2,27_Take_a_selfie,27,user8,1-2-2,Depth_Color/27_Take_a_selfie/user8/1-2-2,IR/27_Take_a_selfie/user8/1-2-2,Thermal/27_Take_a_selfie/user8/1-2-2,Skeleton/27_Take_a_selfie/user8/1-2-2,IMU/27_Take_a_selfie/user8/1-2-2,Radar/27_Take_a_selfie/user8/1-2-2,2
27_Take_a_selfie/user8/1-2-3,27_Take_a_selfie,27,user8,1-2-3,Depth_Color/27_Take_a_selfie/user8/1-2-3,IR/27_Take_a_selfie/user8/1-2-3,Thermal/27_Take_a_selfie/user8/1-2-3,Skeleton/27_Take_a_selfie/user8/1-2-3,IMU/27_Take_a_selfie/user8/1-2-3,Radar/27_Take_a_selfie/user8/1-2-3,2
27_Take_a_selfie/user9/6-2-1,27_Take_a_selfie,27,user9,6-2-1,Depth_Color/27_Take_a_selfie/user9/6-2-1,IR/27_Take_a_selfie/user9/6-2-1,Thermal/27_Take_a_selfie/user9/6-2-1,Skeleton/27_Take_a_selfie/user9/6-2-1,IMU/27_Take_a_selfie/user9/6-2-1,Radar/27_Take_a_selfie/user9/6-2-1,1
27_Take_a_selfie/user9/6-2-2,27_Take_a_selfie,27,user9,6-2-2,Depth_Color/27_Take_a_selfie/user9/6-2-2,IR/27_Take_a_selfie/user9/6-2-2,Thermal/27_Take_a_selfie/user9/6-2-2,Skeleton/27_Take_a_selfie/user9/6-2-2,IMU/27_Take_a_selfie/user9/6-2-2,Radar/27_Take_a_selfie/user9/6-2-2,1
27_Take_a_selfie/user9/6-2-3,27_Take_a_selfie,27,user9,6-2-3,Depth_Color/27_Take_a_selfie/user9/6-2-3,IR/27_Take_a_selfie/user9/6-2-3,Thermal/27_Take_a_selfie/user9/6-2-3,Skeleton/27_Take_a_selfie/user9/6-2-3,IMU/27_Take_a_selfie/user9/6-2-3,Radar/27_Take_a_selfie/user9/6-2-3,1
28_Jog_in_place/user16/4-1-1,28_Jog_in_place,28,user16,4-1-1,Depth_Color/28_Jog_in_place/user16/4-1-1,IR/28_Jog_in_place/user16/4-1-1,Thermal/28_Jog_in_place/user16/4-1-1,Skeleton/28_Jog_in_place/user16/4-1-1,IMU/28_Jog_in_place/user16/4-1-1,Radar/28_Jog_in_place/user16/4-1-1,0
28_Jog_in_place/user16/4-1-2,28_Jog_in_place,28,user16,4-1-2,Depth_Color/28_Jog_in_place/user16/4-1-2,IR/28_Jog_in_place/user16/4-1-2,Thermal/28_Jog_in_place/user16/4-1-2,Skeleton/28_Jog_in_place/user16/4-1-2,IMU/28_Jog_in_place/user16/4-1-2,Radar/28_Jog_in_place/user16/4-1-2,0
28_Jog_in_place/user16/4-1-3,28_Jog_in_place,28,user16,4-1-3,Depth_Color/28_Jog_in_place/user16/4-1-3,IR/28_Jog_in_place/user16/4-1-3,Thermal/28_Jog_in_place/user16/4-1-3,Skeleton/28_Jog_in_place/user16/4-1-3,IMU/28_Jog_in_place/user16/4-1-3,Radar/28_Jog_in_place/user16/4-1-3,0
28_Jog_in_place/user17/3-1-1,28_Jog_in_place,28,user17,3-1-1,Depth_Color/28_Jog_in_place/user17/3-1-1,IR/28_Jog_in_place/user17/3-1-1,Thermal/28_Jog_in_place/user17/3-1-1,Skeleton/28_Jog_in_place/user17/3-1-1,IMU/28_Jog_in_place/user17/3-1-1,Radar/28_Jog_in_place/user17/3-1-1,2
28_Jog_in_place/user17/3-1-2,28_Jog_in_place,28,user17,3-1-2,Depth_Color/28_Jog_in_place/user17/3-1-2,IR/28_Jog_in_place/user17/3-1-2,Thermal/28_Jog_in_place/user17/3-1-2,Skeleton/28_Jog_in_place/user17/3-1-2,IMU/28_Jog_in_place/user17/3-1-2,Radar/28_Jog_in_place/user17/3-1-2,2
28_Jog_in_place/user17/3-1-3,28_Jog_in_place,28,user17,3-1-3,Depth_Color/28_Jog_in_place/user17/3-1-3,IR/28_Jog_in_place/user17/3-1-3,Thermal/28_Jog_in_place/user17/3-1-3,Skeleton/28_Jog_in_place/user17/3-1-3,IMU/28_Jog_in_place/user17/3-1-3,Radar/28_Jog_in_place/user17/3-1-3,2
28_Jog_in_place/user18/5-1-1,28_Jog_in_place,28,user18,5-1-1,Depth_Color/28_Jog_in_place/user18/5-1-1,IR/28_Jog_in_place/user18/5-1-1,Thermal/28_Jog_in_place/user18/5-1-1,Skeleton/28_Jog_in_place/user18/5-1-1,IMU/28_Jog_in_place/user18/5-1-1,Radar/28_Jog_in_place/user18/5-1-1,1
28_Jog_in_place/user18/5-1-2,28_Jog_in_place,28,user18,5-1-2,Depth_Color/28_Jog_in_place/user18/5-1-2,IR/28_Jog_in_place/user18/5-1-2,Thermal/28_Jog_in_place/user18/5-1-2,Skeleton/28_Jog_in_place/user18/5-1-2,IMU/28_Jog_in_place/user18/5-1-2,Radar/28_Jog_in_place/user18/5-1-2,1
28_Jog_in_place/user18/5-1-3,28_Jog_in_place,28,user18,5-1-3,Depth_Color/28_Jog_in_place/user18/5-1-3,IR/28_Jog_in_place/user18/5-1-3,Thermal/28_Jog_in_place/user18/5-1-3,Skeleton/28_Jog_in_place/user18/5-1-3,IMU/28_Jog_in_place/user18/5-1-3,Radar/28_Jog_in_place/user18/5-1-3,1
28_Jog_in_place/user2/5-1-1,28_Jog_in_place,28,user2,5-1-1,Depth_Color/28_Jog_in_place/user2/5-1-1,IR/28_Jog_in_place/user2/5-1-1,Thermal/28_Jog_in_place/user2/5-1-1,Skeleton/28_Jog_in_place/user2/5-1-1,IMU/28_Jog_in_place/user2/5-1-1,Radar/28_Jog_in_place/user2/5-1-1,0
28_Jog_in_place/user2/5-1-2,28_Jog_in_place,28,user2,5-1-2,Depth_Color/28_Jog_in_place/user2/5-1-2,IR/28_Jog_in_place/user2/5-1-2,Thermal/28_Jog_in_place/user2/5-1-2,Skeleton/28_Jog_in_place/user2/5-1-2,IMU/28_Jog_in_place/user2/5-1-2,Radar/28_Jog_in_place/user2/5-1-2,0
28_Jog_in_place/user2/5-1-3,28_Jog_in_place,28,user2,5-1-3,Depth_Color/28_Jog_in_place/user2/5-1-3,IR/28_Jog_in_place/user2/5-1-3,Thermal/28_Jog_in_place/user2/5-1-3,Skeleton/28_Jog_in_place/user2/5-1-3,IMU/28_Jog_in_place/user2/5-1-3,Radar/28_Jog_in_place/user2/5-1-3,0
28_Jog_in_place/user2/6-1-1,28_Jog_in_place,28,user2,6-1-1,Depth_Color/28_Jog_in_place/user2/6-1-1,IR/28_Jog_in_place/user2/6-1-1,Thermal/28_Jog_in_place/user2/6-1-1,Skeleton/28_Jog_in_place/user2/6-1-1,IMU/28_Jog_in_place/user2/6-1-1,Radar/28_Jog_in_place/user2/6-1-1,0
28_Jog_in_place/user2/6-1-2,28_Jog_in_place,28,user2,6-1-2,Depth_Color/28_Jog_in_place/user2/6-1-2,IR/28_Jog_in_place/user2/6-1-2,Thermal/28_Jog_in_place/user2/6-1-2,Skeleton/28_Jog_in_place/user2/6-1-2,IMU/28_Jog_in_place/user2/6-1-2,Radar/28_Jog_in_place/user2/6-1-2,0
28_Jog_in_place/user22/7-2-1,28_Jog_in_place,28,user22,7-2-1,Depth_Color/28_Jog_in_place/user22/7-2-1,IR/28_Jog_in_place/user22/7-2-1,Thermal/28_Jog_in_place/user22/7-2-1,Skeleton/28_Jog_in_place/user22/7-2-1,IMU/28_Jog_in_place/user22/7-2-1,Radar/28_Jog_in_place/user22/7-2-1,1
28_Jog_in_place/user22/7-2-2,28_Jog_in_place,28,user22,7-2-2,Depth_Color/28_Jog_in_place/user22/7-2-2,IR/28_Jog_in_place/user22/7-2-2,Thermal/28_Jog_in_place/user22/7-2-2,Skeleton/28_Jog_in_place/user22/7-2-2,IMU/28_Jog_in_place/user22/7-2-2,Radar/28_Jog_in_place/user22/7-2-2,1
28_Jog_in_place/user22/7-2-3,28_Jog_in_place,28,user22,7-2-3,Depth_Color/28_Jog_in_place/user22/7-2-3,IR/28_Jog_in_place/user22/7-2-3,Thermal/28_Jog_in_place/user22/7-2-3,Skeleton/28_Jog_in_place/user22/7-2-3,IMU/28_Jog_in_place/user22/7-2-3,Radar/28_Jog_in_place/user22/7-2-3,1
28_Jog_in_place/user23/3-2-2,28_Jog_in_place,28,user23,3-2-2,Depth_Color/28_Jog_in_place/user23/3-2-2,IR/28_Jog_in_place/user23/3-2-2,Thermal/28_Jog_in_place/user23/3-2-2,Skeleton/28_Jog_in_place/user23/3-2-2,IMU/28_Jog_in_place/user23/3-2-2,Radar/28_Jog_in_place/user23/3-2-2,0
28_Jog_in_place/user23/3-2-3,28_Jog_in_place,28,user23,3-2-3,Depth_Color/28_Jog_in_place/user23/3-2-3,IR/28_Jog_in_place/user23/3-2-3,Thermal/28_Jog_in_place/user23/3-2-3,Skeleton/28_Jog_in_place/user23/3-2-3,IMU/28_Jog_in_place/user23/3-2-3,Radar/28_Jog_in_place/user23/3-2-3,0
28_Jog_in_place/user24/3-2-1,28_Jog_in_place,28,user24,3-2-1,Depth_Color/28_Jog_in_place/user24/3-2-1,IR/28_Jog_in_place/user24/3-2-1,Thermal/28_Jog_in_place/user24/3-2-1,Skeleton/28_Jog_in_place/user24/3-2-1,IMU/28_Jog_in_place/user24/3-2-1,Radar/28_Jog_in_place/user24/3-2-1,2
28_Jog_in_place/user24/3-2-2,28_Jog_in_place,28,user24,3-2-2,Depth_Color/28_Jog_in_place/user24/3-2-2,IR/28_Jog_in_place/user24/3-2-2,Thermal/28_Jog_in_place/user24/3-2-2,Skeleton/28_Jog_in_place/user24/3-2-2,IMU/28_Jog_in_place/user24/3-2-2,Radar/28_Jog_in_place/user24/3-2-2,2
28_Jog_in_place/user24/3-2-3,28_Jog_in_place,28,user24,3-2-3,Depth_Color/28_Jog_in_place/user24/3-2-3,IR/28_Jog_in_place/user24/3-2-3,,Skeleton/28_Jog_in_place/user24/3-2-3,IMU/28_Jog_in_place/user24/3-2-3,Radar/28_Jog_in_place/user24/3-2-3,2
28_Jog_in_place/user3/2-1-1,28_Jog_in_place,28,user3,2-1-1,Depth_Color/28_Jog_in_place/user3/2-1-1,IR/28_Jog_in_place/user3/2-1-1,Thermal/28_Jog_in_place/user3/2-1-1,Skeleton/28_Jog_in_place/user3/2-1-1,IMU/28_Jog_in_place/user3/2-1-1,Radar/28_Jog_in_place/user3/2-1-1,2
28_Jog_in_place/user3/2-1-2,28_Jog_in_place,28,user3,2-1-2,Depth_Color/28_Jog_in_place/user3/2-1-2,IR/28_Jog_in_place/user3/2-1-2,Thermal/28_Jog_in_place/user3/2-1-2,Skeleton/28_Jog_in_place/user3/2-1-2,IMU/28_Jog_in_place/user3/2-1-2,Radar/28_Jog_in_place/user3/2-1-2,2
28_Jog_in_place/user3/2-1-3,28_Jog_in_place,28,user3,2-1-3,Depth_Color/28_Jog_in_place/user3/2-1-3,IR/28_Jog_in_place/user3/2-1-3,Thermal/28_Jog_in_place/user3/2-1-3,Skeleton/28_Jog_in_place/user3/2-1-3,IMU/28_Jog_in_place/user3/2-1-3,Radar/28_Jog_in_place/user3/2-1-3,2
28_Jog_in_place/user4/3-2-1,28_Jog_in_place,28,user4,3-2-1,Depth_Color/28_Jog_in_place/user4/3-2-1,IR/28_Jog_in_place/user4/3-2-1,Thermal/28_Jog_in_place/user4/3-2-1,Skeleton/28_Jog_in_place/user4/3-2-1,IMU/28_Jog_in_place/user4/3-2-1,Radar/28_Jog_in_place/user4/3-2-1,1
28_Jog_in_place/user4/3-2-2,28_Jog_in_place,28,user4,3-2-2,Depth_Color/28_Jog_in_place/user4/3-2-2,IR/28_Jog_in_place/user4/3-2-2,Thermal/28_Jog_in_place/user4/3-2-2,Skeleton/28_Jog_in_place/user4/3-2-2,IMU/28_Jog_in_place/user4/3-2-2,Radar/28_Jog_in_place/user4/3-2-2,1
28_Jog_in_place/user4/3-2-3,28_Jog_in_place,28,user4,3-2-3,Depth_Color/28_Jog_in_place/user4/3-2-3,IR/28_Jog_in_place/user4/3-2-3,Thermal/28_Jog_in_place/user4/3-2-3,Skeleton/28_Jog_in_place/user4/3-2-3,IMU/28_Jog_in_place/user4/3-2-3,Radar/28_Jog_in_place/user4/3-2-3,1
28_Jog_in_place/user6/4-1-1,28_Jog_in_place,28,user6,4-1-1,Depth_Color/28_Jog_in_place/user6/4-1-1,IR/28_Jog_in_place/user6/4-1-1,Thermal/28_Jog_in_place/user6/4-1-1,Skeleton/28_Jog_in_place/user6/4-1-1,IMU/28_Jog_in_place/user6/4-1-1,Radar/28_Jog_in_place/user6/4-1-1,1
28_Jog_in_place/user6/4-1-2,28_Jog_in_place,28,user6,4-1-2,Depth_Color/28_Jog_in_place/user6/4-1-2,IR/28_Jog_in_place/user6/4-1-2,Thermal/28_Jog_in_place/user6/4-1-2,Skeleton/28_Jog_in_place/user6/4-1-2,IMU/28_Jog_in_place/user6/4-1-2,Radar/28_Jog_in_place/user6/4-1-2,1
28_Jog_in_place/user6/4-1-3,28_Jog_in_place,28,user6,4-1-3,Depth_Color/28_Jog_in_place/user6/4-1-3,IR/28_Jog_in_place/user6/4-1-3,Thermal/28_Jog_in_place/user6/4-1-3,Skeleton/28_Jog_in_place/user6/4-1-3,IMU/28_Jog_in_place/user6/4-1-3,Radar/28_Jog_in_place/user6/4-1-3,1
28_Jog_in_place/user7/3-1-1,28_Jog_in_place,28,user7,3-1-1,Depth_Color/28_Jog_in_place/user7/3-1-1,IR/28_Jog_in_place/user7/3-1-1,Thermal/28_Jog_in_place/user7/3-1-1,Skeleton/28_Jog_in_place/user7/3-1-1,IMU/28_Jog_in_place/user7/3-1-1,Radar/28_Jog_in_place/user7/3-1-1,0
28_Jog_in_place/user7/3-1-2,28_Jog_in_place,28,user7,3-1-2,Depth_Color/28_Jog_in_place/user7/3-1-2,IR/28_Jog_in_place/user7/3-1-2,Thermal/28_Jog_in_place/user7/3-1-2,Skeleton/28_Jog_in_place/user7/3-1-2,IMU/28_Jog_in_place/user7/3-1-2,Radar/28_Jog_in_place/user7/3-1-2,0
28_Jog_in_place/user7/3-1-3,28_Jog_in_place,28,user7,3-1-3,Depth_Color/28_Jog_in_place/user7/3-1-3,IR/28_Jog_in_place/user7/3-1-3,Thermal/28_Jog_in_place/user7/3-1-3,Skeleton/28_Jog_in_place/user7/3-1-3,IMU/28_Jog_in_place/user7/3-1-3,Radar/28_Jog_in_place/user7/3-1-3,0
28_Jog_in_place/user8/5-1-1,28_Jog_in_place,28,user8,5-1-1,Depth_Color/28_Jog_in_place/user8/5-1-1,IR/28_Jog_in_place/user8/5-1-1,Thermal/28_Jog_in_place/user8/5-1-1,Skeleton/28_Jog_in_place/user8/5-1-1,IMU/28_Jog_in_place/user8/5-1-1,Radar/28_Jog_in_place/user8/5-1-1,2
28_Jog_in_place/user8/5-1-2,28_Jog_in_place,28,user8,5-1-2,Depth_Color/28_Jog_in_place/user8/5-1-2,IR/28_Jog_in_place/user8/5-1-2,Thermal/28_Jog_in_place/user8/5-1-2,Skeleton/28_Jog_in_place/user8/5-1-2,IMU/28_Jog_in_place/user8/5-1-2,Radar/28_Jog_in_place/user8/5-1-2,2
28_Jog_in_place/user8/5-1-3,28_Jog_in_place,28,user8,5-1-3,Depth_Color/28_Jog_in_place/user8/5-1-3,IR/28_Jog_in_place/user8/5-1-3,Thermal/28_Jog_in_place/user8/5-1-3,Skeleton/28_Jog_in_place/user8/5-1-3,IMU/28_Jog_in_place/user8/5-1-3,Radar/28_Jog_in_place/user8/5-1-3,2
29_Do_squats/user1/1-1-1,29_Do_squats,29,user1,1-1-1,Depth_Color/29_Do_squats/user1/1-1-1,IR/29_Do_squats/user1/1-1-1,Thermal/29_Do_squats/user1/1-1-1,Skeleton/29_Do_squats/user1/1-1-1,IMU/29_Do_squats/user1/1-1-1,Radar/29_Do_squats/user1/1-1-1,1
29_Do_squats/user1/1-1-2,29_Do_squats,29,user1,1-1-2,Depth_Color/29_Do_squats/user1/1-1-2,IR/29_Do_squats/user1/1-1-2,Thermal/29_Do_squats/user1/1-1-2,Skeleton/29_Do_squats/user1/1-1-2,IMU/29_Do_squats/user1/1-1-2,Radar/29_Do_squats/user1/1-1-2,1
29_Do_squats/user1/1-1-3,29_Do_squats,29,user1,1-1-3,Depth_Color/29_Do_squats/user1/1-1-3,IR/29_Do_squats/user1/1-1-3,Thermal/29_Do_squats/user1/1-1-3,Skeleton/29_Do_squats/user1/1-1-3,IMU/29_Do_squats/user1/1-1-3,Radar/29_Do_squats/user1/1-1-3,1
29_Do_squats/user1/3-2-1,29_Do_squats,29,user1,3-2-1,Depth_Color/29_Do_squats/user1/3-2-1,IR/29_Do_squats/user1/3-2-1,Thermal/29_Do_squats/user1/3-2-1,Skeleton/29_Do_squats/user1/3-2-1,IMU/29_Do_squats/user1/3-2-1,Radar/29_Do_squats/user1/3-2-1,1
29_Do_squats/user1/3-2-2,29_Do_squats,29,user1,3-2-2,Depth_Color/29_Do_squats/user1/3-2-2,IR/29_Do_squats/user1/3-2-2,Thermal/29_Do_squats/user1/3-2-2,Skeleton/29_Do_squats/user1/3-2-2,IMU/29_Do_squats/user1/3-2-2,Radar/29_Do_squats/user1/3-2-2,1
29_Do_squats/user1/3-2-3,29_Do_squats,29,user1,3-2-3,Depth_Color/29_Do_squats/user1/3-2-3,IR/29_Do_squats/user1/3-2-3,Thermal/29_Do_squats/user1/3-2-3,Skeleton/29_Do_squats/user1/3-2-3,IMU/29_Do_squats/user1/3-2-3,Radar/29_Do_squats/user1/3-2-3,1
29_Do_squats/user16/3-1-1,29_Do_squats,29,user16,3-1-1,Depth_Color/29_Do_squats/user16/3-1-1,IR/29_Do_squats/user16/3-1-1,Thermal/29_Do_squats/user16/3-1-1,Skeleton/29_Do_squats/user16/3-1-1,IMU/29_Do_squats/user16/3-1-1,Radar/29_Do_squats/user16/3-1-1,0
29_Do_squats/user16/3-1-2,29_Do_squats,29,user16,3-1-2,Depth_Color/29_Do_squats/user16/3-1-2,IR/29_Do_squats/user16/3-1-2,Thermal/29_Do_squats/user16/3-1-2,Skeleton/29_Do_squats/user16/3-1-2,IMU/29_Do_squats/user16/3-1-2,Radar/29_Do_squats/user16/3-1-2,0
29_Do_squats/user16/3-1-3,29_Do_squats,29,user16,3-1-3,Depth_Color/29_Do_squats/user16/3-1-3,IR/29_Do_squats/user16/3-1-3,Thermal/29_Do_squats/user16/3-1-3,Skeleton/29_Do_squats/user16/3-1-3,IMU/29_Do_squats/user16/3-1-3,Radar/29_Do_squats/user16/3-1-3,0
29_Do_squats/user17/4-1-1,29_Do_squats,29,user17,4-1-1,Depth_Color/29_Do_squats/user17/4-1-1,IR/29_Do_squats/user17/4-1-1,Thermal/29_Do_squats/user17/4-1-1,Skeleton/29_Do_squats/user17/4-1-1,IMU/29_Do_squats/user17/4-1-1,Radar/29_Do_squats/user17/4-1-1,2
29_Do_squats/user17/4-1-2,29_Do_squats,29,user17,4-1-2,Depth_Color/29_Do_squats/user17/4-1-2,IR/29_Do_squats/user17/4-1-2,Thermal/29_Do_squats/user17/4-1-2,Skeleton/29_Do_squats/user17/4-1-2,IMU/29_Do_squats/user17/4-1-2,Radar/29_Do_squats/user17/4-1-2,2
29_Do_squats/user17/4-1-3,29_Do_squats,29,user17,4-1-3,Depth_Color/29_Do_squats/user17/4-1-3,IR/29_Do_squats/user17/4-1-3,Thermal/29_Do_squats/user17/4-1-3,Skeleton/29_Do_squats/user17/4-1-3,IMU/29_Do_squats/user17/4-1-3,Radar/29_Do_squats/user17/4-1-3,2
29_Do_squats/user18/6-1-1,29_Do_squats,29,user18,6-1-1,Depth_Color/29_Do_squats/user18/6-1-1,IR/29_Do_squats/user18/6-1-1,Thermal/29_Do_squats/user18/6-1-1,Skeleton/29_Do_squats/user18/6-1-1,IMU/29_Do_squats/user18/6-1-1,Radar/29_Do_squats/user18/6-1-1,1
29_Do_squats/user18/6-1-2,29_Do_squats,29,user18,6-1-2,Depth_Color/29_Do_squats/user18/6-1-2,IR/29_Do_squats/user18/6-1-2,Thermal/29_Do_squats/user18/6-1-2,Skeleton/29_Do_squats/user18/6-1-2,IMU/29_Do_squats/user18/6-1-2,Radar/29_Do_squats/user18/6-1-2,1
29_Do_squats/user18/6-1-3,29_Do_squats,29,user18,6-1-3,Depth_Color/29_Do_squats/user18/6-1-3,IR/29_Do_squats/user18/6-1-3,Thermal/29_Do_squats/user18/6-1-3,Skeleton/29_Do_squats/user18/6-1-3,IMU/29_Do_squats/user18/6-1-3,Radar/29_Do_squats/user18/6-1-3,1
29_Do_squats/user19/2-2-1,29_Do_squats,29,user19,2-2-1,Depth_Color/29_Do_squats/user19/2-2-1,IR/29_Do_squats/user19/2-2-1,Thermal/29_Do_squats/user19/2-2-1,Skeleton/29_Do_squats/user19/2-2-1,IMU/29_Do_squats/user19/2-2-1,Radar/29_Do_squats/user19/2-2-1,2
29_Do_squats/user19/2-2-2,29_Do_squats,29,user19,2-2-2,Depth_Color/29_Do_squats/user19/2-2-2,IR/29_Do_squats/user19/2-2-2,Thermal/29_Do_squats/user19/2-2-2,Skeleton/29_Do_squats/user19/2-2-2,IMU/29_Do_squats/user19/2-2-2,Radar/29_Do_squats/user19/2-2-2,2
29_Do_squats/user19/2-2-3,29_Do_squats,29,user19,2-2-3,Depth_Color/29_Do_squats/user19/2-2-3,IR/29_Do_squats/user19/2-2-3,Thermal/29_Do_squats/user19/2-2-3,Skeleton/29_Do_squats/user19/2-2-3,IMU/29_Do_squats/user19/2-2-3,Radar/29_Do_squats/user19/2-2-3,2
29_Do_squats/user19/3-3-1,29_Do_squats,29,user19,3-3-1,Depth_Color/29_Do_squats/user19/3-3-1,IR/29_Do_squats/user19/3-3-1,Thermal/29_Do_squats/user19/3-3-1,Skeleton/29_Do_squats/user19/3-3-1,IMU/29_Do_squats/user19/3-3-1,Radar/29_Do_squats/user19/3-3-1,2
29_Do_squats/user19/3-3-2,29_Do_squats,29,user19,3-3-2,Depth_Color/29_Do_squats/user19/3-3-2,IR/29_Do_squats/user19/3-3-2,Thermal/29_Do_squats/user19/3-3-2,Skeleton/29_Do_squats/user19/3-3-2,IMU/29_Do_squats/user19/3-3-2,Radar/29_Do_squats/user19/3-3-2,2
29_Do_squats/user19/3-3-3,29_Do_squats,29,user19,3-3-3,Depth_Color/29_Do_squats/user19/3-3-3,IR/29_Do_squats/user19/3-3-3,Thermal/29_Do_squats/user19/3-3-3,Skeleton/29_Do_squats/user19/3-3-3,IMU/29_Do_squats/user19/3-3-3,Radar/29_Do_squats/user19/3-3-3,2
29_Do_squats/user19/4-2-1,29_Do_squats,29,user19,4-2-1,Depth_Color/29_Do_squats/user19/4-2-1,IR/29_Do_squats/user19/4-2-1,Thermal/29_Do_squats/user19/4-2-1,Skeleton/29_Do_squats/user19/4-2-1,IMU/29_Do_squats/user19/4-2-1,Radar/29_Do_squats/user19/4-2-1,2
29_Do_squats/user19/4-2-2,29_Do_squats,29,user19,4-2-2,Depth_Color/29_Do_squats/user19/4-2-2,IR/29_Do_squats/user19/4-2-2,Thermal/29_Do_squats/user19/4-2-2,Skeleton/29_Do_squats/user19/4-2-2,IMU/29_Do_squats/user19/4-2-2,Radar/29_Do_squats/user19/4-2-2,2
29_Do_squats/user19/4-2-3,29_Do_squats,29,user19,4-2-3,Depth_Color/29_Do_squats/user19/4-2-3,IR/29_Do_squats/user19/4-2-3,Thermal/29_Do_squats/user19/4-2-3,Skeleton/29_Do_squats/user19/4-2-3,IMU/29_Do_squats/user19/4-2-3,Radar/29_Do_squats/user19/4-2-3,2
29_Do_squats/user19/5-3-1,29_Do_squats,29,user19,5-3-1,Depth_Color/29_Do_squats/user19/5-3-1,IR/29_Do_squats/user19/5-3-1,Thermal/29_Do_squats/user19/5-3-1,Skeleton/29_Do_squats/user19/5-3-1,IMU/29_Do_squats/user19/5-3-1,Radar/29_Do_squats/user19/5-3-1,2
29_Do_squats/user19/5-3-2,29_Do_squats,29,user19,5-3-2,Depth_Color/29_Do_squats/user19/5-3-2,IR/29_Do_squats/user19/5-3-2,Thermal/29_Do_squats/user19/5-3-2,Skeleton/29_Do_squats/user19/5-3-2,IMU/29_Do_squats/user19/5-3-2,Radar/29_Do_squats/user19/5-3-2,2
29_Do_squats/user19/5-3-3,29_Do_squats,29,user19,5-3-3,Depth_Color/29_Do_squats/user19/5-3-3,IR/29_Do_squats/user19/5-3-3,Thermal/29_Do_squats/user19/5-3-3,Skeleton/29_Do_squats/user19/5-3-3,IMU/29_Do_squats/user19/5-3-3,Radar/29_Do_squats/user19/5-3-3,2
29_Do_squats/user2/2-2-1,29_Do_squats,29,user2,2-2-1,Depth_Color/29_Do_squats/user2/2-2-1,IR/29_Do_squats/user2/2-2-1,Thermal/29_Do_squats/user2/2-2-1,Skeleton/29_Do_squats/user2/2-2-1,IMU/29_Do_squats/user2/2-2-1,Radar/29_Do_squats/user2/2-2-1,0
29_Do_squats/user2/2-2-2,29_Do_squats,29,user2,2-2-2,Depth_Color/29_Do_squats/user2/2-2-2,IR/29_Do_squats/user2/2-2-2,Thermal/29_Do_squats/user2/2-2-2,Skeleton/29_Do_squats/user2/2-2-2,IMU/29_Do_squats/user2/2-2-2,Radar/29_Do_squats/user2/2-2-2,0
29_Do_squats/user2/2-2-3,29_Do_squats,29,user2,2-2-3,Depth_Color/29_Do_squats/user2/2-2-3,IR/29_Do_squats/user2/2-2-3,Thermal/29_Do_squats/user2/2-2-3,Skeleton/29_Do_squats/user2/2-2-3,IMU/29_Do_squats/user2/2-2-3,Radar/29_Do_squats/user2/2-2-3,0
29_Do_squats/user2/5-1-1,29_Do_squats,29,user2,5-1-1,Depth_Color/29_Do_squats/user2/5-1-1,IR/29_Do_squats/user2/5-1-1,Thermal/29_Do_squats/user2/5-1-1,Skeleton/29_Do_squats/user2/5-1-1,IMU/29_Do_squats/user2/5-1-1,Radar/29_Do_squats/user2/5-1-1,0
29_Do_squats/user2/5-1-2,29_Do_squats,29,user2,5-1-2,Depth_Color/29_Do_squats/user2/5-1-2,IR/29_Do_squats/user2/5-1-2,Thermal/29_Do_squats/user2/5-1-2,Skeleton/29_Do_squats/user2/5-1-2,IMU/29_Do_squats/user2/5-1-2,Radar/29_Do_squats/user2/5-1-2,0
29_Do_squats/user2/5-1-3,29_Do_squats,29,user2,5-1-3,Depth_Color/29_Do_squats/user2/5-1-3,IR/29_Do_squats/user2/5-1-3,Thermal/29_Do_squats/user2/5-1-3,Skeleton/29_Do_squats/user2/5-1-3,IMU/29_Do_squats/user2/5-1-3,Radar/29_Do_squats/user2/5-1-3,0
29_Do_squats/user20/1-2-1,29_Do_squats,29,user20,1-2-1,Depth_Color/29_Do_squats/user20/1-2-1,IR/29_Do_squats/user20/1-2-1,Thermal/29_Do_squats/user20/1-2-1,Skeleton/29_Do_squats/user20/1-2-1,IMU/29_Do_squats/user20/1-2-1,Radar/29_Do_squats/user20/1-2-1,0
29_Do_squats/user20/1-2-2,29_Do_squats,29,user20,1-2-2,Depth_Color/29_Do_squats/user20/1-2-2,IR/29_Do_squats/user20/1-2-2,Thermal/29_Do_squats/user20/1-2-2,Skeleton/29_Do_squats/user20/1-2-2,IMU/29_Do_squats/user20/1-2-2,Radar/29_Do_squats/user20/1-2-2,0
29_Do_squats/user20/1-2-3,29_Do_squats,29,user20,1-2-3,Depth_Color/29_Do_squats/user20/1-2-3,IR/29_Do_squats/user20/1-2-3,Thermal/29_Do_squats/user20/1-2-3,Skeleton/29_Do_squats/user20/1-2-3,IMU/29_Do_squats/user20/1-2-3,Radar/29_Do_squats/user20/1-2-3,0
29_Do_squats/user20/6-1-1,29_Do_squats,29,user20,6-1-1,Depth_Color/29_Do_squats/user20/6-1-1,IR/29_Do_squats/user20/6-1-1,Thermal/29_Do_squats/user20/6-1-1,Skeleton/29_Do_squats/user20/6-1-1,IMU/29_Do_squats/user20/6-1-1,Radar/29_Do_squats/user20/6-1-1,0
29_Do_squats/user20/6-1-2,29_Do_squats,29,user20,6-1-2,Depth_Color/29_Do_squats/user20/6-1-2,IR/29_Do_squats/user20/6-1-2,Thermal/29_Do_squats/user20/6-1-2,Skeleton/29_Do_squats/user20/6-1-2,IMU/29_Do_squats/user20/6-1-2,Radar/29_Do_squats/user20/6-1-2,0
29_Do_squats/user20/6-1-3,29_Do_squats,29,user20,6-1-3,Depth_Color/29_Do_squats/user20/6-1-3,IR/29_Do_squats/user20/6-1-3,Thermal/29_Do_squats/user20/6-1-3,Skeleton/29_Do_squats/user20/6-1-3,IMU/29_Do_squats/user20/6-1-3,Radar/29_Do_squats/user20/6-1-3,0
29_Do_squats/user21/3-2-1,29_Do_squats,29,user21,3-2-1,Depth_Color/29_Do_squats/user21/3-2-1,IR/29_Do_squats/user21/3-2-1,Thermal/29_Do_squats/user21/3-2-1,Skeleton/29_Do_squats/user21/3-2-1,IMU/29_Do_squats/user21/3-2-1,Radar/29_Do_squats/user21/3-2-1,0
29_Do_squats/user21/3-2-2,29_Do_squats,29,user21,3-2-2,Depth_Color/29_Do_squats/user21/3-2-2,IR/29_Do_squats/user21/3-2-2,Thermal/29_Do_squats/user21/3-2-2,Skeleton/29_Do_squats/user21/3-2-2,IMU/29_Do_squats/user21/3-2-2,Radar/29_Do_squats/user21/3-2-2,0
29_Do_squats/user21/3-2-3,29_Do_squats,29,user21,3-2-3,Depth_Color/29_Do_squats/user21/3-2-3,IR/29_Do_squats/user21/3-2-3,Thermal/29_Do_squats/user21/3-2-3,Skeleton/29_Do_squats/user21/3-2-3,IMU/29_Do_squats/user21/3-2-3,Radar/29_Do_squats/user21/3-2-3,0
29_Do_squats/user22/6-2-1,29_Do_squats,29,user22,6-2-1,Depth_Color/29_Do_squats/user22/6-2-1,IR/29_Do_squats/user22/6-2-1,Thermal/29_Do_squats/user22/6-2-1,Skeleton/29_Do_squats/user22/6-2-1,IMU/29_Do_squats/user22/6-2-1,Radar/29_Do_squats/user22/6-2-1,1
29_Do_squats/user22/6-2-2,29_Do_squats,29,user22,6-2-2,Depth_Color/29_Do_squats/user22/6-2-2,IR/29_Do_squats/user22/6-2-2,,Skeleton/29_Do_squats/user22/6-2-2,IMU/29_Do_squats/user22/6-2-2,Radar/29_Do_squats/user22/6-2-2,1
29_Do_squats/user22/6-2-3,29_Do_squats,29,user22,6-2-3,Depth_Color/29_Do_squats/user22/6-2-3,IR/29_Do_squats/user22/6-2-3,Thermal/29_Do_squats/user22/6-2-3,Skeleton/29_Do_squats/user22/6-2-3,IMU/29_Do_squats/user22/6-2-3,Radar/29_Do_squats/user22/6-2-3,1
29_Do_squats/user23/1-2-1,29_Do_squats,29,user23,1-2-1,Depth_Color/29_Do_squats/user23/1-2-1,IR/29_Do_squats/user23/1-2-1,,Skeleton/29_Do_squats/user23/1-2-1,IMU/29_Do_squats/user23/1-2-1,Radar/29_Do_squats/user23/1-2-1,0
29_Do_squats/user23/1-2-2,29_Do_squats,29,user23,1-2-2,Depth_Color/29_Do_squats/user23/1-2-2,IR/29_Do_squats/user23/1-2-2,,Skeleton/29_Do_squats/user23/1-2-2,IMU/29_Do_squats/user23/1-2-2,Radar/29_Do_squats/user23/1-2-2,0
29_Do_squats/user23/1-2-3,29_Do_squats,29,user23,1-2-3,Depth_Color/29_Do_squats/user23/1-2-3,IR/29_Do_squats/user23/1-2-3,,Skeleton/29_Do_squats/user23/1-2-3,IMU/29_Do_squats/user23/1-2-3,Radar/29_Do_squats/user23/1-2-3,0
29_Do_squats/user23/6-1-1,29_Do_squats,29,user23,6-1-1,Depth_Color/29_Do_squats/user23/6-1-1,IR/29_Do_squats/user23/6-1-1,Thermal/29_Do_squats/user23/6-1-1,Skeleton/29_Do_squats/user23/6-1-1,IMU/29_Do_squats/user23/6-1-1,Radar/29_Do_squats/user23/6-1-1,0
29_Do_squats/user23/6-1-2,29_Do_squats,29,user23,6-1-2,Depth_Color/29_Do_squats/user23/6-1-2,IR/29_Do_squats/user23/6-1-2,Thermal/29_Do_squats/user23/6-1-2,Skeleton/29_Do_squats/user23/6-1-2,IMU/29_Do_squats/user23/6-1-2,Radar/29_Do_squats/user23/6-1-2,0
29_Do_squats/user23/6-1-3,29_Do_squats,29,user23,6-1-3,Depth_Color/29_Do_squats/user23/6-1-3,IR/29_Do_squats/user23/6-1-3,Thermal/29_Do_squats/user23/6-1-3,Skeleton/29_Do_squats/user23/6-1-3,IMU/29_Do_squats/user23/6-1-3,Radar/29_Do_squats/user23/6-1-3,0
29_Do_squats/user23/6-3-1,29_Do_squats,29,user23,6-3-1,Depth_Color/29_Do_squats/user23/6-3-1,IR/29_Do_squats/user23/6-3-1,Thermal/29_Do_squats/user23/6-3-1,Skeleton/29_Do_squats/user23/6-3-1,IMU/29_Do_squats/user23/6-3-1,Radar/29_Do_squats/user23/6-3-1,0
29_Do_squats/user23/6-3-2,29_Do_squats,29,user23,6-3-2,Depth_Color/29_Do_squats/user23/6-3-2,IR/29_Do_squats/user23/6-3-2,Thermal/29_Do_squats/user23/6-3-2,Skeleton/29_Do_squats/user23/6-3-2,IMU/29_Do_squats/user23/6-3-2,Radar/29_Do_squats/user23/6-3-2,0
29_Do_squats/user23/6-3-3,29_Do_squats,29,user23,6-3-3,Depth_Color/29_Do_squats/user23/6-3-3,IR/29_Do_squats/user23/6-3-3,Thermal/29_Do_squats/user23/6-3-3,Skeleton/29_Do_squats/user23/6-3-3,IMU/29_Do_squats/user23/6-3-3,Radar/29_Do_squats/user23/6-3-3,0
29_Do_squats/user24/6-3-1,29_Do_squats,29,user24,6-3-1,Depth_Color/29_Do_squats/user24/6-3-1,IR/29_Do_squats/user24/6-3-1,Thermal/29_Do_squats/user24/6-3-1,Skeleton/29_Do_squats/user24/6-3-1,IMU/29_Do_squats/user24/6-3-1,Radar/29_Do_squats/user24/6-3-1,2
29_Do_squats/user24/6-3-2,29_Do_squats,29,user24,6-3-2,Depth_Color/29_Do_squats/user24/6-3-2,IR/29_Do_squats/user24/6-3-2,Thermal/29_Do_squats/user24/6-3-2,Skeleton/29_Do_squats/user24/6-3-2,IMU/29_Do_squats/user24/6-3-2,Radar/29_Do_squats/user24/6-3-2,2
29_Do_squats/user24/6-3-3,29_Do_squats,29,user24,6-3-3,Depth_Color/29_Do_squats/user24/6-3-3,IR/29_Do_squats/user24/6-3-3,Thermal/29_Do_squats/user24/6-3-3,Skeleton/29_Do_squats/user24/6-3-3,IMU/29_Do_squats/user24/6-3-3,Radar/29_Do_squats/user24/6-3-3,2
29_Do_squats/user3/2-1-1,29_Do_squats,29,user3,2-1-1,Depth_Color/29_Do_squats/user3/2-1-1,IR/29_Do_squats/user3/2-1-1,Thermal/29_Do_squats/user3/2-1-1,Skeleton/29_Do_squats/user3/2-1-1,IMU/29_Do_squats/user3/2-1-1,Radar/29_Do_squats/user3/2-1-1,2
29_Do_squats/user3/2-1-2,29_Do_squats,29,user3,2-1-2,Depth_Color/29_Do_squats/user3/2-1-2,IR/29_Do_squats/user3/2-1-2,Thermal/29_Do_squats/user3/2-1-2,Skeleton/29_Do_squats/user3/2-1-2,IMU/29_Do_squats/user3/2-1-2,Radar/29_Do_squats/user3/2-1-2,2
29_Do_squats/user3/2-1-3,29_Do_squats,29,user3,2-1-3,Depth_Color/29_Do_squats/user3/2-1-3,IR/29_Do_squats/user3/2-1-3,Thermal/29_Do_squats/user3/2-1-3,Skeleton/29_Do_squats/user3/2-1-3,IMU/29_Do_squats/user3/2-1-3,Radar/29_Do_squats/user3/2-1-3,2
29_Do_squats/user6/3-1-1,29_Do_squats,29,user6,3-1-1,Depth_Color/29_Do_squats/user6/3-1-1,IR/29_Do_squats/user6/3-1-1,Thermal/29_Do_squats/user6/3-1-1,Skeleton/29_Do_squats/user6/3-1-1,IMU/29_Do_squats/user6/3-1-1,Radar/29_Do_squats/user6/3-1-1,1
29_Do_squats/user6/3-1-2,29_Do_squats,29,user6,3-1-2,Depth_Color/29_Do_squats/user6/3-1-2,IR/29_Do_squats/user6/3-1-2,Thermal/29_Do_squats/user6/3-1-2,Skeleton/29_Do_squats/user6/3-1-2,IMU/29_Do_squats/user6/3-1-2,Radar/29_Do_squats/user6/3-1-2,1
29_Do_squats/user6/3-1-3,29_Do_squats,29,user6,3-1-3,Depth_Color/29_Do_squats/user6/3-1-3,IR/29_Do_squats/user6/3-1-3,Thermal/29_Do_squats/user6/3-1-3,Skeleton/29_Do_squats/user6/3-1-3,IMU/29_Do_squats/user6/3-1-3,Radar/29_Do_squats/user6/3-1-3,1
29_Do_squats/user7/4-1-1,29_Do_squats,29,user7,4-1-1,Depth_Color/29_Do_squats/user7/4-1-1,IR/29_Do_squats/user7/4-1-1,Thermal/29_Do_squats/user7/4-1-1,Skeleton/29_Do_squats/user7/4-1-1,IMU/29_Do_squats/user7/4-1-1,Radar/29_Do_squats/user7/4-1-1,0
29_Do_squats/user7/4-1-2,29_Do_squats,29,user7,4-1-2,Depth_Color/29_Do_squats/user7/4-1-2,IR/29_Do_squats/user7/4-1-2,Thermal/29_Do_squats/user7/4-1-2,Skeleton/29_Do_squats/user7/4-1-2,IMU/29_Do_squats/user7/4-1-2,Radar/29_Do_squats/user7/4-1-2,0
29_Do_squats/user7/4-1-3,29_Do_squats,29,user7,4-1-3,Depth_Color/29_Do_squats/user7/4-1-3,IR/29_Do_squats/user7/4-1-3,Thermal/29_Do_squats/user7/4-1-3,Skeleton/29_Do_squats/user7/4-1-3,IMU/29_Do_squats/user7/4-1-3,Radar/29_Do_squats/user7/4-1-3,0
29_Do_squats/user9/2-2-1,29_Do_squats,29,user9,2-2-1,Depth_Color/29_Do_squats/user9/2-2-1,IR/29_Do_squats/user9/2-2-1,Thermal/29_Do_squats/user9/2-2-1,Skeleton/29_Do_squats/user9/2-2-1,IMU/29_Do_squats/user9/2-2-1,Radar/29_Do_squats/user9/2-2-1,1
29_Do_squats/user9/2-2-2,29_Do_squats,29,user9,2-2-2,Depth_Color/29_Do_squats/user9/2-2-2,IR/29_Do_squats/user9/2-2-2,Thermal/29_Do_squats/user9/2-2-2,Skeleton/29_Do_squats/user9/2-2-2,IMU/29_Do_squats/user9/2-2-2,Radar/29_Do_squats/user9/2-2-2,1
29_Do_squats/user9/2-2-3,29_Do_squats,29,user9,2-2-3,Depth_Color/29_Do_squats/user9/2-2-3,IR/29_Do_squats/user9/2-2-3,Thermal/29_Do_squats/user9/2-2-3,Skeleton/29_Do_squats/user9/2-2-3,IMU/29_Do_squats/user9/2-2-3,Radar/29_Do_squats/user9/2-2-3,1
29_Do_squats/user9/3-3-1,29_Do_squats,29,user9,3-3-1,Depth_Color/29_Do_squats/user9/3-3-1,IR/29_Do_squats/user9/3-3-1,Thermal/29_Do_squats/user9/3-3-1,Skeleton/29_Do_squats/user9/3-3-1,IMU/29_Do_squats/user9/3-3-1,Radar/29_Do_squats/user9/3-3-1,1
29_Do_squats/user9/3-3-2,29_Do_squats,29,user9,3-3-2,Depth_Color/29_Do_squats/user9/3-3-2,IR/29_Do_squats/user9/3-3-2,Thermal/29_Do_squats/user9/3-3-2,Skeleton/29_Do_squats/user9/3-3-2,IMU/29_Do_squats/user9/3-3-2,Radar/29_Do_squats/user9/3-3-2,1
29_Do_squats/user9/3-3-3,29_Do_squats,29,user9,3-3-3,Depth_Color/29_Do_squats/user9/3-3-3,IR/29_Do_squats/user9/3-3-3,Thermal/29_Do_squats/user9/3-3-3,Skeleton/29_Do_squats/user9/3-3-3,IMU/29_Do_squats/user9/3-3-3,Radar/29_Do_squats/user9/3-3-3,1
29_Do_squats/user9/4-2-2,29_Do_squats,29,user9,4-2-2,Depth_Color/29_Do_squats/user9/4-2-2,IR/29_Do_squats/user9/4-2-2,Thermal/29_Do_squats/user9/4-2-2,Skeleton/29_Do_squats/user9/4-2-2,IMU/29_Do_squats/user9/4-2-2,Radar/29_Do_squats/user9/4-2-2,1
29_Do_squats/user9/4-2-3,29_Do_squats,29,user9,4-2-3,Depth_Color/29_Do_squats/user9/4-2-3,IR/29_Do_squats/user9/4-2-3,Thermal/29_Do_squats/user9/4-2-3,Skeleton/29_Do_squats/user9/4-2-3,IMU/29_Do_squats/user9/4-2-3,Radar/29_Do_squats/user9/4-2-3,1
29_Do_squats/user9/5-3-1,29_Do_squats,29,user9,5-3-1,Depth_Color/29_Do_squats/user9/5-3-1,IR/29_Do_squats/user9/5-3-1,Thermal/29_Do_squats/user9/5-3-1,Skeleton/29_Do_squats/user9/5-3-1,IMU/29_Do_squats/user9/5-3-1,Radar/29_Do_squats/user9/5-3-1,1
29_Do_squats/user9/5-3-2,29_Do_squats,29,user9,5-3-2,Depth_Color/29_Do_squats/user9/5-3-2,IR/29_Do_squats/user9/5-3-2,Thermal/29_Do_squats/user9/5-3-2,Skeleton/29_Do_squats/user9/5-3-2,IMU/29_Do_squats/user9/5-3-2,Radar/29_Do_squats/user9/5-3-2,1
29_Do_squats/user9/5-3-3,29_Do_squats,29,user9,5-3-3,Depth_Color/29_Do_squats/user9/5-3-3,IR/29_Do_squats/user9/5-3-3,Thermal/29_Do_squats/user9/5-3-3,Skeleton/29_Do_squats/user9/5-3-3,IMU/29_Do_squats/user9/5-3-3,Radar/29_Do_squats/user9/5-3-3,1
30_Do_jumping_jacks/user1/1-1-1,30_Do_jumping_jacks,30,user1,1-1-1,Depth_Color/30_Do_jumping_jacks/user1/1-1-1,IR/30_Do_jumping_jacks/user1/1-1-1,Thermal/30_Do_jumping_jacks/user1/1-1-1,Skeleton/30_Do_jumping_jacks/user1/1-1-1,IMU/30_Do_jumping_jacks/user1/1-1-1,Radar/30_Do_jumping_jacks/user1/1-1-1,1
30_Do_jumping_jacks/user1/1-1-2,30_Do_jumping_jacks,30,user1,1-1-2,Depth_Color/30_Do_jumping_jacks/user1/1-1-2,IR/30_Do_jumping_jacks/user1/1-1-2,Thermal/30_Do_jumping_jacks/user1/1-1-2,Skeleton/30_Do_jumping_jacks/user1/1-1-2,IMU/30_Do_jumping_jacks/user1/1-1-2,Radar/30_Do_jumping_jacks/user1/1-1-2,1
30_Do_jumping_jacks/user1/1-1-3,30_Do_jumping_jacks,30,user1,1-1-3,Depth_Color/30_Do_jumping_jacks/user1/1-1-3,IR/30_Do_jumping_jacks/user1/1-1-3,Thermal/30_Do_jumping_jacks/user1/1-1-3,Skeleton/30_Do_jumping_jacks/user1/1-1-3,IMU/30_Do_jumping_jacks/user1/1-1-3,Radar/30_Do_jumping_jacks/user1/1-1-3,1
30_Do_jumping_jacks/user16/6-1-1,30_Do_jumping_jacks,30,user16,6-1-1,Depth_Color/30_Do_jumping_jacks/user16/6-1-1,IR/30_Do_jumping_jacks/user16/6-1-1,Thermal/30_Do_jumping_jacks/user16/6-1-1,Skeleton/30_Do_jumping_jacks/user16/6-1-1,IMU/30_Do_jumping_jacks/user16/6-1-1,Radar/30_Do_jumping_jacks/user16/6-1-1,0
30_Do_jumping_jacks/user16/6-1-2,30_Do_jumping_jacks,30,user16,6-1-2,Depth_Color/30_Do_jumping_jacks/user16/6-1-2,IR/30_Do_jumping_jacks/user16/6-1-2,Thermal/30_Do_jumping_jacks/user16/6-1-2,Skeleton/30_Do_jumping_jacks/user16/6-1-2,IMU/30_Do_jumping_jacks/user16/6-1-2,Radar/30_Do_jumping_jacks/user16/6-1-2,0
30_Do_jumping_jacks/user16/6-1-3,30_Do_jumping_jacks,30,user16,6-1-3,Depth_Color/30_Do_jumping_jacks/user16/6-1-3,IR/30_Do_jumping_jacks/user16/6-1-3,Thermal/30_Do_jumping_jacks/user16/6-1-3,Skeleton/30_Do_jumping_jacks/user16/6-1-3,IMU/30_Do_jumping_jacks/user16/6-1-3,Radar/30_Do_jumping_jacks/user16/6-1-3,0
30_Do_jumping_jacks/user17/2-2-1,30_Do_jumping_jacks,30,user17,2-2-1,Depth_Color/30_Do_jumping_jacks/user17/2-2-1,IR/30_Do_jumping_jacks/user17/2-2-1,Thermal/30_Do_jumping_jacks/user17/2-2-1,Skeleton/30_Do_jumping_jacks/user17/2-2-1,IMU/30_Do_jumping_jacks/user17/2-2-1,Radar/30_Do_jumping_jacks/user17/2-2-1,2
30_Do_jumping_jacks/user17/2-2-2,30_Do_jumping_jacks,30,user17,2-2-2,Depth_Color/30_Do_jumping_jacks/user17/2-2-2,IR/30_Do_jumping_jacks/user17/2-2-2,Thermal/30_Do_jumping_jacks/user17/2-2-2,Skeleton/30_Do_jumping_jacks/user17/2-2-2,IMU/30_Do_jumping_jacks/user17/2-2-2,Radar/30_Do_jumping_jacks/user17/2-2-2,2
30_Do_jumping_jacks/user17/2-2-3,30_Do_jumping_jacks,30,user17,2-2-3,Depth_Color/30_Do_jumping_jacks/user17/2-2-3,IR/30_Do_jumping_jacks/user17/2-2-3,Thermal/30_Do_jumping_jacks/user17/2-2-3,Skeleton/30_Do_jumping_jacks/user17/2-2-3,IMU/30_Do_jumping_jacks/user17/2-2-3,Radar/30_Do_jumping_jacks/user17/2-2-3,2
30_Do_jumping_jacks/user18/6-2-1,30_Do_jumping_jacks,30,user18,6-2-1,Depth_Color/30_Do_jumping_jacks/user18/6-2-1,IR/30_Do_jumping_jacks/user18/6-2-1,Thermal/30_Do_jumping_jacks/user18/6-2-1,Skeleton/30_Do_jumping_jacks/user18/6-2-1,IMU/30_Do_jumping_jacks/user18/6-2-1,Radar/30_Do_jumping_jacks/user18/6-2-1,1
30_Do_jumping_jacks/user18/6-2-2,30_Do_jumping_jacks,30,user18,6-2-2,Depth_Color/30_Do_jumping_jacks/user18/6-2-2,IR/30_Do_jumping_jacks/user18/6-2-2,Thermal/30_Do_jumping_jacks/user18/6-2-2,Skeleton/30_Do_jumping_jacks/user18/6-2-2,IMU/30_Do_jumping_jacks/user18/6-2-2,Radar/30_Do_jumping_jacks/user18/6-2-2,1
30_Do_jumping_jacks/user18/6-2-3,30_Do_jumping_jacks,30,user18,6-2-3,Depth_Color/30_Do_jumping_jacks/user18/6-2-3,IR/30_Do_jumping_jacks/user18/6-2-3,Thermal/30_Do_jumping_jacks/user18/6-2-3,Skeleton/30_Do_jumping_jacks/user18/6-2-3,IMU/30_Do_jumping_jacks/user18/6-2-3,Radar/30_Do_jumping_jacks/user18/6-2-3,1
30_Do_jumping_jacks/user19/2-2-1,30_Do_jumping_jacks,30,user19,2-2-1,Depth_Color/30_Do_jumping_jacks/user19/2-2-1,IR/30_Do_jumping_jacks/user19/2-2-1,Thermal/30_Do_jumping_jacks/user19/2-2-1,Skeleton/30_Do_jumping_jacks/user19/2-2-1,IMU/30_Do_jumping_jacks/user19/2-2-1,Radar/30_Do_jumping_jacks/user19/2-2-1,2
30_Do_jumping_jacks/user19/2-2-2,30_Do_jumping_jacks,30,user19,2-2-2,Depth_Color/30_Do_jumping_jacks/user19/2-2-2,IR/30_Do_jumping_jacks/user19/2-2-2,Thermal/30_Do_jumping_jacks/user19/2-2-2,Skeleton/30_Do_jumping_jacks/user19/2-2-2,IMU/30_Do_jumping_jacks/user19/2-2-2,Radar/30_Do_jumping_jacks/user19/2-2-2,2
30_Do_jumping_jacks/user19/2-2-3,30_Do_jumping_jacks,30,user19,2-2-3,Depth_Color/30_Do_jumping_jacks/user19/2-2-3,IR/30_Do_jumping_jacks/user19/2-2-3,Thermal/30_Do_jumping_jacks/user19/2-2-3,Skeleton/30_Do_jumping_jacks/user19/2-2-3,IMU/30_Do_jumping_jacks/user19/2-2-3,Radar/30_Do_jumping_jacks/user19/2-2-3,2
30_Do_jumping_jacks/user2/5-1-1,30_Do_jumping_jacks,30,user2,5-1-1,Depth_Color/30_Do_jumping_jacks/user2/5-1-1,IR/30_Do_jumping_jacks/user2/5-1-1,Thermal/30_Do_jumping_jacks/user2/5-1-1,Skeleton/30_Do_jumping_jacks/user2/5-1-1,IMU/30_Do_jumping_jacks/user2/5-1-1,Radar/30_Do_jumping_jacks/user2/5-1-1,0
30_Do_jumping_jacks/user2/5-1-2,30_Do_jumping_jacks,30,user2,5-1-2,Depth_Color/30_Do_jumping_jacks/user2/5-1-2,IR/30_Do_jumping_jacks/user2/5-1-2,Thermal/30_Do_jumping_jacks/user2/5-1-2,Skeleton/30_Do_jumping_jacks/user2/5-1-2,IMU/30_Do_jumping_jacks/user2/5-1-2,Radar/30_Do_jumping_jacks/user2/5-1-2,0
30_Do_jumping_jacks/user2/5-1-3,30_Do_jumping_jacks,30,user2,5-1-3,Depth_Color/30_Do_jumping_jacks/user2/5-1-3,IR/30_Do_jumping_jacks/user2/5-1-3,Thermal/30_Do_jumping_jacks/user2/5-1-3,Skeleton/30_Do_jumping_jacks/user2/5-1-3,IMU/30_Do_jumping_jacks/user2/5-1-3,Radar/30_Do_jumping_jacks/user2/5-1-3,0
30_Do_jumping_jacks/user2/6-1-1,30_Do_jumping_jacks,30,user2,6-1-1,Depth_Color/30_Do_jumping_jacks/user2/6-1-1,IR/30_Do_jumping_jacks/user2/6-1-1,Thermal/30_Do_jumping_jacks/user2/6-1-1,Skeleton/30_Do_jumping_jacks/user2/6-1-1,IMU/30_Do_jumping_jacks/user2/6-1-1,Radar/30_Do_jumping_jacks/user2/6-1-1,0
30_Do_jumping_jacks/user2/6-1-2,30_Do_jumping_jacks,30,user2,6-1-2,Depth_Color/30_Do_jumping_jacks/user2/6-1-2,IR/30_Do_jumping_jacks/user2/6-1-2,Thermal/30_Do_jumping_jacks/user2/6-1-2,Skeleton/30_Do_jumping_jacks/user2/6-1-2,IMU/30_Do_jumping_jacks/user2/6-1-2,Radar/30_Do_jumping_jacks/user2/6-1-2,0
30_Do_jumping_jacks/user20/6-1-1,30_Do_jumping_jacks,30,user20,6-1-1,Depth_Color/30_Do_jumping_jacks/user20/6-1-1,IR/30_Do_jumping_jacks/user20/6-1-1,Thermal/30_Do_jumping_jacks/user20/6-1-1,Skeleton/30_Do_jumping_jacks/user20/6-1-1,IMU/30_Do_jumping_jacks/user20/6-1-1,Radar/30_Do_jumping_jacks/user20/6-1-1,0
30_Do_jumping_jacks/user20/6-1-2,30_Do_jumping_jacks,30,user20,6-1-2,Depth_Color/30_Do_jumping_jacks/user20/6-1-2,IR/30_Do_jumping_jacks/user20/6-1-2,Thermal/30_Do_jumping_jacks/user20/6-1-2,Skeleton/30_Do_jumping_jacks/user20/6-1-2,IMU/30_Do_jumping_jacks/user20/6-1-2,Radar/30_Do_jumping_jacks/user20/6-1-2,0
30_Do_jumping_jacks/user20/6-1-3,30_Do_jumping_jacks,30,user20,6-1-3,Depth_Color/30_Do_jumping_jacks/user20/6-1-3,IR/30_Do_jumping_jacks/user20/6-1-3,Thermal/30_Do_jumping_jacks/user20/6-1-3,Skeleton/30_Do_jumping_jacks/user20/6-1-3,IMU/30_Do_jumping_jacks/user20/6-1-3,Radar/30_Do_jumping_jacks/user20/6-1-3,0
30_Do_jumping_jacks/user21/3-2-1,30_Do_jumping_jacks,30,user21,3-2-1,Depth_Color/30_Do_jumping_jacks/user21/3-2-1,IR/30_Do_jumping_jacks/user21/3-2-1,Thermal/30_Do_jumping_jacks/user21/3-2-1,Skeleton/30_Do_jumping_jacks/user21/3-2-1,IMU/30_Do_jumping_jacks/user21/3-2-1,Radar/30_Do_jumping_jacks/user21/3-2-1,0
30_Do_jumping_jacks/user21/3-2-2,30_Do_jumping_jacks,30,user21,3-2-2,Depth_Color/30_Do_jumping_jacks/user21/3-2-2,IR/30_Do_jumping_jacks/user21/3-2-2,Thermal/30_Do_jumping_jacks/user21/3-2-2,Skeleton/30_Do_jumping_jacks/user21/3-2-2,IMU/30_Do_jumping_jacks/user21/3-2-2,Radar/30_Do_jumping_jacks/user21/3-2-2,0
30_Do_jumping_jacks/user21/3-2-3,30_Do_jumping_jacks,30,user21,3-2-3,Depth_Color/30_Do_jumping_jacks/user21/3-2-3,IR/30_Do_jumping_jacks/user21/3-2-3,Thermal/30_Do_jumping_jacks/user21/3-2-3,Skeleton/30_Do_jumping_jacks/user21/3-2-3,IMU/30_Do_jumping_jacks/user21/3-2-3,Radar/30_Do_jumping_jacks/user21/3-2-3,0
30_Do_jumping_jacks/user22/6-2-1,30_Do_jumping_jacks,30,user22,6-2-1,Depth_Color/30_Do_jumping_jacks/user22/6-2-1,IR/30_Do_jumping_jacks/user22/6-2-1,Thermal/30_Do_jumping_jacks/user22/6-2-1,Skeleton/30_Do_jumping_jacks/user22/6-2-1,IMU/30_Do_jumping_jacks/user22/6-2-1,Radar/30_Do_jumping_jacks/user22/6-2-1,1
30_Do_jumping_jacks/user22/6-2-2,30_Do_jumping_jacks,30,user22,6-2-2,Depth_Color/30_Do_jumping_jacks/user22/6-2-2,IR/30_Do_jumping_jacks/user22/6-2-2,Thermal/30_Do_jumping_jacks/user22/6-2-2,Skeleton/30_Do_jumping_jacks/user22/6-2-2,IMU/30_Do_jumping_jacks/user22/6-2-2,Radar/30_Do_jumping_jacks/user22/6-2-2,1
30_Do_jumping_jacks/user22/6-2-3,30_Do_jumping_jacks,30,user22,6-2-3,Depth_Color/30_Do_jumping_jacks/user22/6-2-3,IR/30_Do_jumping_jacks/user22/6-2-3,Thermal/30_Do_jumping_jacks/user22/6-2-3,Skeleton/30_Do_jumping_jacks/user22/6-2-3,IMU/30_Do_jumping_jacks/user22/6-2-3,Radar/30_Do_jumping_jacks/user22/6-2-3,1
30_Do_jumping_jacks/user4/3-2-1,30_Do_jumping_jacks,30,user4,3-2-1,Depth_Color/30_Do_jumping_jacks/user4/3-2-1,IR/30_Do_jumping_jacks/user4/3-2-1,Thermal/30_Do_jumping_jacks/user4/3-2-1,Skeleton/30_Do_jumping_jacks/user4/3-2-1,IMU/30_Do_jumping_jacks/user4/3-2-1,Radar/30_Do_jumping_jacks/user4/3-2-1,1
30_Do_jumping_jacks/user4/3-2-2,30_Do_jumping_jacks,30,user4,3-2-2,Depth_Color/30_Do_jumping_jacks/user4/3-2-2,IR/30_Do_jumping_jacks/user4/3-2-2,Thermal/30_Do_jumping_jacks/user4/3-2-2,Skeleton/30_Do_jumping_jacks/user4/3-2-2,IMU/30_Do_jumping_jacks/user4/3-2-2,Radar/30_Do_jumping_jacks/user4/3-2-2,1
30_Do_jumping_jacks/user4/3-2-3,30_Do_jumping_jacks,30,user4,3-2-3,Depth_Color/30_Do_jumping_jacks/user4/3-2-3,IR/30_Do_jumping_jacks/user4/3-2-3,Thermal/30_Do_jumping_jacks/user4/3-2-3,Skeleton/30_Do_jumping_jacks/user4/3-2-3,IMU/30_Do_jumping_jacks/user4/3-2-3,Radar/30_Do_jumping_jacks/user4/3-2-3,1
30_Do_jumping_jacks/user6/6-1-1,30_Do_jumping_jacks,30,user6,6-1-1,Depth_Color/30_Do_jumping_jacks/user6/6-1-1,IR/30_Do_jumping_jacks/user6/6-1-1,Thermal/30_Do_jumping_jacks/user6/6-1-1,Skeleton/30_Do_jumping_jacks/user6/6-1-1,IMU/30_Do_jumping_jacks/user6/6-1-1,Radar/30_Do_jumping_jacks/user6/6-1-1,1
30_Do_jumping_jacks/user6/6-1-2,30_Do_jumping_jacks,30,user6,6-1-2,Depth_Color/30_Do_jumping_jacks/user6/6-1-2,IR/30_Do_jumping_jacks/user6/6-1-2,Thermal/30_Do_jumping_jacks/user6/6-1-2,Skeleton/30_Do_jumping_jacks/user6/6-1-2,IMU/30_Do_jumping_jacks/user6/6-1-2,Radar/30_Do_jumping_jacks/user6/6-1-2,1
30_Do_jumping_jacks/user6/6-1-3,30_Do_jumping_jacks,30,user6,6-1-3,Depth_Color/30_Do_jumping_jacks/user6/6-1-3,IR/30_Do_jumping_jacks/user6/6-1-3,Thermal/30_Do_jumping_jacks/user6/6-1-3,Skeleton/30_Do_jumping_jacks/user6/6-1-3,IMU/30_Do_jumping_jacks/user6/6-1-3,Radar/30_Do_jumping_jacks/user6/6-1-3,1
30_Do_jumping_jacks/user7/2-2-1,30_Do_jumping_jacks,30,user7,2-2-1,Depth_Color/30_Do_jumping_jacks/user7/2-2-1,IR/30_Do_jumping_jacks/user7/2-2-1,Thermal/30_Do_jumping_jacks/user7/2-2-1,Skeleton/30_Do_jumping_jacks/user7/2-2-1,IMU/30_Do_jumping_jacks/user7/2-2-1,Radar/30_Do_jumping_jacks/user7/2-2-1,0
30_Do_jumping_jacks/user7/2-2-2,30_Do_jumping_jacks,30,user7,2-2-2,Depth_Color/30_Do_jumping_jacks/user7/2-2-2,IR/30_Do_jumping_jacks/user7/2-2-2,Thermal/30_Do_jumping_jacks/user7/2-2-2,Skeleton/30_Do_jumping_jacks/user7/2-2-2,IMU/30_Do_jumping_jacks/user7/2-2-2,Radar/30_Do_jumping_jacks/user7/2-2-2,0
30_Do_jumping_jacks/user7/2-2-3,30_Do_jumping_jacks,30,user7,2-2-3,Depth_Color/30_Do_jumping_jacks/user7/2-2-3,IR/30_Do_jumping_jacks/user7/2-2-3,Thermal/30_Do_jumping_jacks/user7/2-2-3,Skeleton/30_Do_jumping_jacks/user7/2-2-3,IMU/30_Do_jumping_jacks/user7/2-2-3,Radar/30_Do_jumping_jacks/user7/2-2-3,0
30_Do_jumping_jacks/user8/6-2-1,30_Do_jumping_jacks,30,user8,6-2-1,Depth_Color/30_Do_jumping_jacks/user8/6-2-1,IR/30_Do_jumping_jacks/user8/6-2-1,Thermal/30_Do_jumping_jacks/user8/6-2-1,Skeleton/30_Do_jumping_jacks/user8/6-2-1,IMU/30_Do_jumping_jacks/user8/6-2-1,Radar/30_Do_jumping_jacks/user8/6-2-1,2
30_Do_jumping_jacks/user8/6-2-2,30_Do_jumping_jacks,30,user8,6-2-2,Depth_Color/30_Do_jumping_jacks/user8/6-2-2,IR/30_Do_jumping_jacks/user8/6-2-2,Thermal/30_Do_jumping_jacks/user8/6-2-2,Skeleton/30_Do_jumping_jacks/user8/6-2-2,IMU/30_Do_jumping_jacks/user8/6-2-2,Radar/30_Do_jumping_jacks/user8/6-2-2,2
30_Do_jumping_jacks/user8/6-2-3,30_Do_jumping_jacks,30,user8,6-2-3,Depth_Color/30_Do_jumping_jacks/user8/6-2-3,IR/30_Do_jumping_jacks/user8/6-2-3,Thermal/30_Do_jumping_jacks/user8/6-2-3,Skeleton/30_Do_jumping_jacks/user8/6-2-3,IMU/30_Do_jumping_jacks/user8/6-2-3,Radar/30_Do_jumping_jacks/user8/6-2-3,2
30_Do_jumping_jacks/user9/2-2-1,30_Do_jumping_jacks,30,user9,2-2-1,Depth_Color/30_Do_jumping_jacks/user9/2-2-1,IR/30_Do_jumping_jacks/user9/2-2-1,Thermal/30_Do_jumping_jacks/user9/2-2-1,Skeleton/30_Do_jumping_jacks/user9/2-2-1,IMU/30_Do_jumping_jacks/user9/2-2-1,Radar/30_Do_jumping_jacks/user9/2-2-1,1
30_Do_jumping_jacks/user9/2-2-2,30_Do_jumping_jacks,30,user9,2-2-2,Depth_Color/30_Do_jumping_jacks/user9/2-2-2,IR/30_Do_jumping_jacks/user9/2-2-2,Thermal/30_Do_jumping_jacks/user9/2-2-2,Skeleton/30_Do_jumping_jacks/user9/2-2-2,IMU/30_Do_jumping_jacks/user9/2-2-2,Radar/30_Do_jumping_jacks/user9/2-2-2,1
30_Do_jumping_jacks/user9/2-2-3,30_Do_jumping_jacks,30,user9,2-2-3,Depth_Color/30_Do_jumping_jacks/user9/2-2-3,IR/30_Do_jumping_jacks/user9/2-2-3,Thermal/30_Do_jumping_jacks/user9/2-2-3,Skeleton/30_Do_jumping_jacks/user9/2-2-3,IMU/30_Do_jumping_jacks/user9/2-2-3,Radar/30_Do_jumping_jacks/user9/2-2-3,1
31_Do_stretching_exercises/user1/7-1-1,31_Do_stretching_exercises,31,user1,7-1-1,Depth_Color/31_Do_stretching_exercises/user1/7-1-1,IR/31_Do_stretching_exercises/user1/7-1-1,Thermal/31_Do_stretching_exercises/user1/7-1-1,Skeleton/31_Do_stretching_exercises/user1/7-1-1,IMU/31_Do_stretching_exercises/user1/7-1-1,Radar/31_Do_stretching_exercises/user1/7-1-1,1
31_Do_stretching_exercises/user1/7-1-2,31_Do_stretching_exercises,31,user1,7-1-2,Depth_Color/31_Do_stretching_exercises/user1/7-1-2,IR/31_Do_stretching_exercises/user1/7-1-2,Thermal/31_Do_stretching_exercises/user1/7-1-2,Skeleton/31_Do_stretching_exercises/user1/7-1-2,IMU/31_Do_stretching_exercises/user1/7-1-2,Radar/31_Do_stretching_exercises/user1/7-1-2,1
31_Do_stretching_exercises/user1/7-1-3,31_Do_stretching_exercises,31,user1,7-1-3,Depth_Color/31_Do_stretching_exercises/user1/7-1-3,IR/31_Do_stretching_exercises/user1/7-1-3,Thermal/31_Do_stretching_exercises/user1/7-1-3,Skeleton/31_Do_stretching_exercises/user1/7-1-3,IMU/31_Do_stretching_exercises/user1/7-1-3,Radar/31_Do_stretching_exercises/user1/7-1-3,1
31_Do_stretching_exercises/user17/3-1-1,31_Do_stretching_exercises,31,user17,3-1-1,Depth_Color/31_Do_stretching_exercises/user17/3-1-1,IR/31_Do_stretching_exercises/user17/3-1-1,Thermal/31_Do_stretching_exercises/user17/3-1-1,Skeleton/31_Do_stretching_exercises/user17/3-1-1,IMU/31_Do_stretching_exercises/user17/3-1-1,Radar/31_Do_stretching_exercises/user17/3-1-1,2
31_Do_stretching_exercises/user17/3-1-2,31_Do_stretching_exercises,31,user17,3-1-2,Depth_Color/31_Do_stretching_exercises/user17/3-1-2,IR/31_Do_stretching_exercises/user17/3-1-2,Thermal/31_Do_stretching_exercises/user17/3-1-2,Skeleton/31_Do_stretching_exercises/user17/3-1-2,IMU/31_Do_stretching_exercises/user17/3-1-2,Radar/31_Do_stretching_exercises/user17/3-1-2,2
31_Do_stretching_exercises/user17/3-1-3,31_Do_stretching_exercises,31,user17,3-1-3,Depth_Color/31_Do_stretching_exercises/user17/3-1-3,IR/31_Do_stretching_exercises/user17/3-1-3,Thermal/31_Do_stretching_exercises/user17/3-1-3,Skeleton/31_Do_stretching_exercises/user17/3-1-3,IMU/31_Do_stretching_exercises/user17/3-1-3,Radar/31_Do_stretching_exercises/user17/3-1-3,2
31_Do_stretching_exercises/user17/4-1-1,31_Do_stretching_exercises,31,user17,4-1-1,Depth_Color/31_Do_stretching_exercises/user17/4-1-1,IR/31_Do_stretching_exercises/user17/4-1-1,Thermal/31_Do_stretching_exercises/user17/4-1-1,Skeleton/31_Do_stretching_exercises/user17/4-1-1,IMU/31_Do_stretching_exercises/user17/4-1-1,Radar/31_Do_stretching_exercises/user17/4-1-1,2
31_Do_stretching_exercises/user17/4-1-2,31_Do_stretching_exercises,31,user17,4-1-2,Depth_Color/31_Do_stretching_exercises/user17/4-1-2,IR/31_Do_stretching_exercises/user17/4-1-2,Thermal/31_Do_stretching_exercises/user17/4-1-2,Skeleton/31_Do_stretching_exercises/user17/4-1-2,IMU/31_Do_stretching_exercises/user17/4-1-2,Radar/31_Do_stretching_exercises/user17/4-1-2,2
31_Do_stretching_exercises/user17/4-1-3,31_Do_stretching_exercises,31,user17,4-1-3,Depth_Color/31_Do_stretching_exercises/user17/4-1-3,IR/31_Do_stretching_exercises/user17/4-1-3,Thermal/31_Do_stretching_exercises/user17/4-1-3,Skeleton/31_Do_stretching_exercises/user17/4-1-3,IMU/31_Do_stretching_exercises/user17/4-1-3,Radar/31_Do_stretching_exercises/user17/4-1-3,2
31_Do_stretching_exercises/user18/5-1-1,31_Do_stretching_exercises,31,user18,5-1-1,Depth_Color/31_Do_stretching_exercises/user18/5-1-1,IR/31_Do_stretching_exercises/user18/5-1-1,Thermal/31_Do_stretching_exercises/user18/5-1-1,Skeleton/31_Do_stretching_exercises/user18/5-1-1,IMU/31_Do_stretching_exercises/user18/5-1-1,Radar/31_Do_stretching_exercises/user18/5-1-1,1
31_Do_stretching_exercises/user18/5-1-2,31_Do_stretching_exercises,31,user18,5-1-2,Depth_Color/31_Do_stretching_exercises/user18/5-1-2,IR/31_Do_stretching_exercises/user18/5-1-2,Thermal/31_Do_stretching_exercises/user18/5-1-2,Skeleton/31_Do_stretching_exercises/user18/5-1-2,IMU/31_Do_stretching_exercises/user18/5-1-2,Radar/31_Do_stretching_exercises/user18/5-1-2,1
31_Do_stretching_exercises/user18/5-1-3,31_Do_stretching_exercises,31,user18,5-1-3,Depth_Color/31_Do_stretching_exercises/user18/5-1-3,IR/31_Do_stretching_exercises/user18/5-1-3,Thermal/31_Do_stretching_exercises/user18/5-1-3,Skeleton/31_Do_stretching_exercises/user18/5-1-3,IMU/31_Do_stretching_exercises/user18/5-1-3,Radar/31_Do_stretching_exercises/user18/5-1-3,1
31_Do_stretching_exercises/user18/6-1-1,31_Do_stretching_exercises,31,user18,6-1-1,Depth_Color/31_Do_stretching_exercises/user18/6-1-1,IR/31_Do_stretching_exercises/user18/6-1-1,Thermal/31_Do_stretching_exercises/user18/6-1-1,Skeleton/31_Do_stretching_exercises/user18/6-1-1,IMU/31_Do_stretching_exercises/user18/6-1-1,Radar/31_Do_stretching_exercises/user18/6-1-1,1
31_Do_stretching_exercises/user18/6-1-2,31_Do_stretching_exercises,31,user18,6-1-2,Depth_Color/31_Do_stretching_exercises/user18/6-1-2,IR/31_Do_stretching_exercises/user18/6-1-2,Thermal/31_Do_stretching_exercises/user18/6-1-2,Skeleton/31_Do_stretching_exercises/user18/6-1-2,IMU/31_Do_stretching_exercises/user18/6-1-2,Radar/31_Do_stretching_exercises/user18/6-1-2,1
31_Do_stretching_exercises/user18/6-1-3,31_Do_stretching_exercises,31,user18,6-1-3,Depth_Color/31_Do_stretching_exercises/user18/6-1-3,IR/31_Do_stretching_exercises/user18/6-1-3,Thermal/31_Do_stretching_exercises/user18/6-1-3,Skeleton/31_Do_stretching_exercises/user18/6-1-3,IMU/31_Do_stretching_exercises/user18/6-1-3,Radar/31_Do_stretching_exercises/user18/6-1-3,1
31_Do_stretching_exercises/user18/6-2-1,31_Do_stretching_exercises,31,user18,6-2-1,Depth_Color/31_Do_stretching_exercises/user18/6-2-1,IR/31_Do_stretching_exercises/user18/6-2-1,Thermal/31_Do_stretching_exercises/user18/6-2-1,Skeleton/31_Do_stretching_exercises/user18/6-2-1,IMU/31_Do_stretching_exercises/user18/6-2-1,Radar/31_Do_stretching_exercises/user18/6-2-1,1
31_Do_stretching_exercises/user18/6-2-2,31_Do_stretching_exercises,31,user18,6-2-2,Depth_Color/31_Do_stretching_exercises/user18/6-2-2,IR/31_Do_stretching_exercises/user18/6-2-2,Thermal/31_Do_stretching_exercises/user18/6-2-2,Skeleton/31_Do_stretching_exercises/user18/6-2-2,IMU/31_Do_stretching_exercises/user18/6-2-2,Radar/31_Do_stretching_exercises/user18/6-2-2,1
31_Do_stretching_exercises/user18/6-2-3,31_Do_stretching_exercises,31,user18,6-2-3,Depth_Color/31_Do_stretching_exercises/user18/6-2-3,IR/31_Do_stretching_exercises/user18/6-2-3,Thermal/31_Do_stretching_exercises/user18/6-2-3,Skeleton/31_Do_stretching_exercises/user18/6-2-3,IMU/31_Do_stretching_exercises/user18/6-2-3,Radar/31_Do_stretching_exercises/user18/6-2-3,1
31_Do_stretching_exercises/user19/1-1-1,31_Do_stretching_exercises,31,user19,1-1-1,Depth_Color/31_Do_stretching_exercises/user19/1-1-1,IR/31_Do_stretching_exercises/user19/1-1-1,Thermal/31_Do_stretching_exercises/user19/1-1-1,Skeleton/31_Do_stretching_exercises/user19/1-1-1,IMU/31_Do_stretching_exercises/user19/1-1-1,Radar/31_Do_stretching_exercises/user19/1-1-1,2
31_Do_stretching_exercises/user19/1-1-2,31_Do_stretching_exercises,31,user19,1-1-2,Depth_Color/31_Do_stretching_exercises/user19/1-1-2,IR/31_Do_stretching_exercises/user19/1-1-2,Thermal/31_Do_stretching_exercises/user19/1-1-2,Skeleton/31_Do_stretching_exercises/user19/1-1-2,IMU/31_Do_stretching_exercises/user19/1-1-2,Radar/31_Do_stretching_exercises/user19/1-1-2,2
31_Do_stretching_exercises/user19/1-1-3,31_Do_stretching_exercises,31,user19,1-1-3,Depth_Color/31_Do_stretching_exercises/user19/1-1-3,IR/31_Do_stretching_exercises/user19/1-1-3,Thermal/31_Do_stretching_exercises/user19/1-1-3,Skeleton/31_Do_stretching_exercises/user19/1-1-3,IMU/31_Do_stretching_exercises/user19/1-1-3,Radar/31_Do_stretching_exercises/user19/1-1-3,2
31_Do_stretching_exercises/user19/4-2-1,31_Do_stretching_exercises,31,user19,4-2-1,Depth_Color/31_Do_stretching_exercises/user19/4-2-1,IR/31_Do_stretching_exercises/user19/4-2-1,Thermal/31_Do_stretching_exercises/user19/4-2-1,Skeleton/31_Do_stretching_exercises/user19/4-2-1,IMU/31_Do_stretching_exercises/user19/4-2-1,Radar/31_Do_stretching_exercises/user19/4-2-1,2
31_Do_stretching_exercises/user19/4-2-2,31_Do_stretching_exercises,31,user19,4-2-2,Depth_Color/31_Do_stretching_exercises/user19/4-2-2,IR/31_Do_stretching_exercises/user19/4-2-2,Thermal/31_Do_stretching_exercises/user19/4-2-2,Skeleton/31_Do_stretching_exercises/user19/4-2-2,IMU/31_Do_stretching_exercises/user19/4-2-2,Radar/31_Do_stretching_exercises/user19/4-2-2,2
31_Do_stretching_exercises/user19/4-2-3,31_Do_stretching_exercises,31,user19,4-2-3,Depth_Color/31_Do_stretching_exercises/user19/4-2-3,IR/31_Do_stretching_exercises/user19/4-2-3,Thermal/31_Do_stretching_exercises/user19/4-2-3,Skeleton/31_Do_stretching_exercises/user19/4-2-3,IMU/31_Do_stretching_exercises/user19/4-2-3,Radar/31_Do_stretching_exercises/user19/4-2-3,2
31_Do_stretching_exercises/user2/1-2-1,31_Do_stretching_exercises,31,user2,1-2-1,Depth_Color/31_Do_stretching_exercises/user2/1-2-1,IR/31_Do_stretching_exercises/user2/1-2-1,,Skeleton/31_Do_stretching_exercises/user2/1-2-1,IMU/31_Do_stretching_exercises/user2/1-2-1,Radar/31_Do_stretching_exercises/user2/1-2-1,0
31_Do_stretching_exercises/user2/1-2-2,31_Do_stretching_exercises,31,user2,1-2-2,Depth_Color/31_Do_stretching_exercises/user2/1-2-2,IR/31_Do_stretching_exercises/user2/1-2-2,,Skeleton/31_Do_stretching_exercises/user2/1-2-2,IMU/31_Do_stretching_exercises/user2/1-2-2,Radar/31_Do_stretching_exercises/user2/1-2-2,0
31_Do_stretching_exercises/user2/1-2-3,31_Do_stretching_exercises,31,user2,1-2-3,Depth_Color/31_Do_stretching_exercises/user2/1-2-3,IR/31_Do_stretching_exercises/user2/1-2-3,,Skeleton/31_Do_stretching_exercises/user2/1-2-3,IMU/31_Do_stretching_exercises/user2/1-2-3,Radar/31_Do_stretching_exercises/user2/1-2-3,0
31_Do_stretching_exercises/user2/2-2-1,31_Do_stretching_exercises,31,user2,2-2-1,Depth_Color/31_Do_stretching_exercises/user2/2-2-1,IR/31_Do_stretching_exercises/user2/2-2-1,,Skeleton/31_Do_stretching_exercises/user2/2-2-1,IMU/31_Do_stretching_exercises/user2/2-2-1,Radar/31_Do_stretching_exercises/user2/2-2-1,0
31_Do_stretching_exercises/user2/2-2-2,31_Do_stretching_exercises,31,user2,2-2-2,Depth_Color/31_Do_stretching_exercises/user2/2-2-2,IR/31_Do_stretching_exercises/user2/2-2-2,,Skeleton/31_Do_stretching_exercises/user2/2-2-2,IMU/31_Do_stretching_exercises/user2/2-2-2,Radar/31_Do_stretching_exercises/user2/2-2-2,0
31_Do_stretching_exercises/user2/2-2-3,31_Do_stretching_exercises,31,user2,2-2-3,Depth_Color/31_Do_stretching_exercises/user2/2-2-3,IR/31_Do_stretching_exercises/user2/2-2-3,,Skeleton/31_Do_stretching_exercises/user2/2-2-3,IMU/31_Do_stretching_exercises/user2/2-2-3,Radar/31_Do_stretching_exercises/user2/2-2-3,0
31_Do_stretching_exercises/user2/6-1-1,31_Do_stretching_exercises,31,user2,6-1-1,Depth_Color/31_Do_stretching_exercises/user2/6-1-1,IR/31_Do_stretching_exercises/user2/6-1-1,,Skeleton/31_Do_stretching_exercises/user2/6-1-1,IMU/31_Do_stretching_exercises/user2/6-1-1,Radar/31_Do_stretching_exercises/user2/6-1-1,0
31_Do_stretching_exercises/user2/6-1-2,31_Do_stretching_exercises,31,user2,6-1-2,Depth_Color/31_Do_stretching_exercises/user2/6-1-2,IR/31_Do_stretching_exercises/user2/6-1-2,,Skeleton/31_Do_stretching_exercises/user2/6-1-2,IMU/31_Do_stretching_exercises/user2/6-1-2,Radar/31_Do_stretching_exercises/user2/6-1-2,0
31_Do_stretching_exercises/user2/7-3-1,31_Do_stretching_exercises,31,user2,7-3-1,Depth_Color/31_Do_stretching_exercises/user2/7-3-1,IR/31_Do_stretching_exercises/user2/7-3-1,,Skeleton/31_Do_stretching_exercises/user2/7-3-1,IMU/31_Do_stretching_exercises/user2/7-3-1,Radar/31_Do_stretching_exercises/user2/7-3-1,0
31_Do_stretching_exercises/user2/7-3-2,31_Do_stretching_exercises,31,user2,7-3-2,Depth_Color/31_Do_stretching_exercises/user2/7-3-2,IR/31_Do_stretching_exercises/user2/7-3-2,,Skeleton/31_Do_stretching_exercises/user2/7-3-2,IMU/31_Do_stretching_exercises/user2/7-3-2,Radar/31_Do_stretching_exercises/user2/7-3-2,0
31_Do_stretching_exercises/user2/7-3-3,31_Do_stretching_exercises,31,user2,7-3-3,Depth_Color/31_Do_stretching_exercises/user2/7-3-3,IR/31_Do_stretching_exercises/user2/7-3-3,,Skeleton/31_Do_stretching_exercises/user2/7-3-3,IMU/31_Do_stretching_exercises/user2/7-3-3,Radar/31_Do_stretching_exercises/user2/7-3-3,0
31_Do_stretching_exercises/user20/1-2-1,31_Do_stretching_exercises,31,user20,1-2-1,Depth_Color/31_Do_stretching_exercises/user20/1-2-1,IR/31_Do_stretching_exercises/user20/1-2-1,Thermal/31_Do_stretching_exercises/user20/1-2-1,Skeleton/31_Do_stretching_exercises/user20/1-2-1,IMU/31_Do_stretching_exercises/user20/1-2-1,Radar/31_Do_stretching_exercises/user20/1-2-1,0
31_Do_stretching_exercises/user20/1-2-2,31_Do_stretching_exercises,31,user20,1-2-2,Depth_Color/31_Do_stretching_exercises/user20/1-2-2,IR/31_Do_stretching_exercises/user20/1-2-2,Thermal/31_Do_stretching_exercises/user20/1-2-2,Skeleton/31_Do_stretching_exercises/user20/1-2-2,IMU/31_Do_stretching_exercises/user20/1-2-2,Radar/31_Do_stretching_exercises/user20/1-2-2,0
31_Do_stretching_exercises/user20/1-2-3,31_Do_stretching_exercises,31,user20,1-2-3,Depth_Color/31_Do_stretching_exercises/user20/1-2-3,IR/31_Do_stretching_exercises/user20/1-2-3,Thermal/31_Do_stretching_exercises/user20/1-2-3,Skeleton/31_Do_stretching_exercises/user20/1-2-3,IMU/31_Do_stretching_exercises/user20/1-2-3,Radar/31_Do_stretching_exercises/user20/1-2-3,0
31_Do_stretching_exercises/user22/3-2-1,31_Do_stretching_exercises,31,user22,3-2-1,Depth_Color/31_Do_stretching_exercises/user22/3-2-1,IR/31_Do_stretching_exercises/user22/3-2-1,,Skeleton/31_Do_stretching_exercises/user22/3-2-1,IMU/31_Do_stretching_exercises/user22/3-2-1,Radar/31_Do_stretching_exercises/user22/3-2-1,1
31_Do_stretching_exercises/user22/3-2-2,31_Do_stretching_exercises,31,user22,3-2-2,Depth_Color/31_Do_stretching_exercises/user22/3-2-2,IR/31_Do_stretching_exercises/user22/3-2-2,Thermal/31_Do_stretching_exercises/user22/3-2-2,Skeleton/31_Do_stretching_exercises/user22/3-2-2,IMU/31_Do_stretching_exercises/user22/3-2-2,Radar/31_Do_stretching_exercises/user22/3-2-2,1
31_Do_stretching_exercises/user22/3-2-3,31_Do_stretching_exercises,31,user22,3-2-3,Depth_Color/31_Do_stretching_exercises/user22/3-2-3,IR/31_Do_stretching_exercises/user22/3-2-3,Thermal/31_Do_stretching_exercises/user22/3-2-3,Skeleton/31_Do_stretching_exercises/user22/3-2-3,IMU/31_Do_stretching_exercises/user22/3-2-3,Radar/31_Do_stretching_exercises/user22/3-2-3,1
31_Do_stretching_exercises/user22/6-2-1,31_Do_stretching_exercises,31,user22,6-2-1,Depth_Color/31_Do_stretching_exercises/user22/6-2-1,IR/31_Do_stretching_exercises/user22/6-2-1,Thermal/31_Do_stretching_exercises/user22/6-2-1,Skeleton/31_Do_stretching_exercises/user22/6-2-1,IMU/31_Do_stretching_exercises/user22/6-2-1,Radar/31_Do_stretching_exercises/user22/6-2-1,1
31_Do_stretching_exercises/user22/6-2-2,31_Do_stretching_exercises,31,user22,6-2-2,Depth_Color/31_Do_stretching_exercises/user22/6-2-2,IR/31_Do_stretching_exercises/user22/6-2-2,Thermal/31_Do_stretching_exercises/user22/6-2-2,Skeleton/31_Do_stretching_exercises/user22/6-2-2,IMU/31_Do_stretching_exercises/user22/6-2-2,Radar/31_Do_stretching_exercises/user22/6-2-2,1
31_Do_stretching_exercises/user22/6-2-3,31_Do_stretching_exercises,31,user22,6-2-3,Depth_Color/31_Do_stretching_exercises/user22/6-2-3,IR/31_Do_stretching_exercises/user22/6-2-3,Thermal/31_Do_stretching_exercises/user22/6-2-3,Skeleton/31_Do_stretching_exercises/user22/6-2-3,IMU/31_Do_stretching_exercises/user22/6-2-3,Radar/31_Do_stretching_exercises/user22/6-2-3,1
31_Do_stretching_exercises/user22/7-3-1,31_Do_stretching_exercises,31,user22,7-3-1,Depth_Color/31_Do_stretching_exercises/user22/7-3-1,IR/31_Do_stretching_exercises/user22/7-3-1,Thermal/31_Do_stretching_exercises/user22/7-3-1,Skeleton/31_Do_stretching_exercises/user22/7-3-1,IMU/31_Do_stretching_exercises/user22/7-3-1,Radar/31_Do_stretching_exercises/user22/7-3-1,1
31_Do_stretching_exercises/user22/7-3-2,31_Do_stretching_exercises,31,user22,7-3-2,Depth_Color/31_Do_stretching_exercises/user22/7-3-2,IR/31_Do_stretching_exercises/user22/7-3-2,Thermal/31_Do_stretching_exercises/user22/7-3-2,Skeleton/31_Do_stretching_exercises/user22/7-3-2,IMU/31_Do_stretching_exercises/user22/7-3-2,Radar/31_Do_stretching_exercises/user22/7-3-2,1
31_Do_stretching_exercises/user22/7-3-3,31_Do_stretching_exercises,31,user22,7-3-3,Depth_Color/31_Do_stretching_exercises/user22/7-3-3,IR/31_Do_stretching_exercises/user22/7-3-3,Thermal/31_Do_stretching_exercises/user22/7-3-3,Skeleton/31_Do_stretching_exercises/user22/7-3-3,IMU/31_Do_stretching_exercises/user22/7-3-3,Radar/31_Do_stretching_exercises/user22/7-3-3,1
31_Do_stretching_exercises/user23/6-1-1,31_Do_stretching_exercises,31,user23,6-1-1,Depth_Color/31_Do_stretching_exercises/user23/6-1-1,IR/31_Do_stretching_exercises/user23/6-1-1,Thermal/31_Do_stretching_exercises/user23/6-1-1,Skeleton/31_Do_stretching_exercises/user23/6-1-1,IMU/31_Do_stretching_exercises/user23/6-1-1,Radar/31_Do_stretching_exercises/user23/6-1-1,0
31_Do_stretching_exercises/user23/6-1-2,31_Do_stretching_exercises,31,user23,6-1-2,Depth_Color/31_Do_stretching_exercises/user23/6-1-2,IR/31_Do_stretching_exercises/user23/6-1-2,Thermal/31_Do_stretching_exercises/user23/6-1-2,Skeleton/31_Do_stretching_exercises/user23/6-1-2,IMU/31_Do_stretching_exercises/user23/6-1-2,Radar/31_Do_stretching_exercises/user23/6-1-2,0
31_Do_stretching_exercises/user23/6-1-3,31_Do_stretching_exercises,31,user23,6-1-3,Depth_Color/31_Do_stretching_exercises/user23/6-1-3,IR/31_Do_stretching_exercises/user23/6-1-3,Thermal/31_Do_stretching_exercises/user23/6-1-3,Skeleton/31_Do_stretching_exercises/user23/6-1-3,IMU/31_Do_stretching_exercises/user23/6-1-3,Radar/31_Do_stretching_exercises/user23/6-1-3,0
31_Do_stretching_exercises/user23/7-3-1,31_Do_stretching_exercises,31,user23,7-3-1,Depth_Color/31_Do_stretching_exercises/user23/7-3-1,IR/31_Do_stretching_exercises/user23/7-3-1,Thermal/31_Do_stretching_exercises/user23/7-3-1,Skeleton/31_Do_stretching_exercises/user23/7-3-1,IMU/31_Do_stretching_exercises/user23/7-3-1,Radar/31_Do_stretching_exercises/user23/7-3-1,0
31_Do_stretching_exercises/user23/7-3-2,31_Do_stretching_exercises,31,user23,7-3-2,Depth_Color/31_Do_stretching_exercises/user23/7-3-2,IR/31_Do_stretching_exercises/user23/7-3-2,Thermal/31_Do_stretching_exercises/user23/7-3-2,Skeleton/31_Do_stretching_exercises/user23/7-3-2,IMU/31_Do_stretching_exercises/user23/7-3-2,Radar/31_Do_stretching_exercises/user23/7-3-2,0
31_Do_stretching_exercises/user23/7-3-3,31_Do_stretching_exercises,31,user23,7-3-3,Depth_Color/31_Do_stretching_exercises/user23/7-3-3,IR/31_Do_stretching_exercises/user23/7-3-3,Thermal/31_Do_stretching_exercises/user23/7-3-3,Skeleton/31_Do_stretching_exercises/user23/7-3-3,IMU/31_Do_stretching_exercises/user23/7-3-3,Radar/31_Do_stretching_exercises/user23/7-3-3,0
31_Do_stretching_exercises/user24/3-2-1,31_Do_stretching_exercises,31,user24,3-2-1,Depth_Color/31_Do_stretching_exercises/user24/3-2-1,IR/31_Do_stretching_exercises/user24/3-2-1,Thermal/31_Do_stretching_exercises/user24/3-2-1,Skeleton/31_Do_stretching_exercises/user24/3-2-1,IMU/31_Do_stretching_exercises/user24/3-2-1,Radar/31_Do_stretching_exercises/user24/3-2-1,2
31_Do_stretching_exercises/user24/3-2-2,31_Do_stretching_exercises,31,user24,3-2-2,Depth_Color/31_Do_stretching_exercises/user24/3-2-2,IR/31_Do_stretching_exercises/user24/3-2-2,Thermal/31_Do_stretching_exercises/user24/3-2-2,Skeleton/31_Do_stretching_exercises/user24/3-2-2,IMU/31_Do_stretching_exercises/user24/3-2-2,Radar/31_Do_stretching_exercises/user24/3-2-2,2
31_Do_stretching_exercises/user24/3-2-3,31_Do_stretching_exercises,31,user24,3-2-3,Depth_Color/31_Do_stretching_exercises/user24/3-2-3,IR/31_Do_stretching_exercises/user24/3-2-3,Thermal/31_Do_stretching_exercises/user24/3-2-3,Skeleton/31_Do_stretching_exercises/user24/3-2-3,IMU/31_Do_stretching_exercises/user24/3-2-3,Radar/31_Do_stretching_exercises/user24/3-2-3,2
31_Do_stretching_exercises/user3/2-1-1,31_Do_stretching_exercises,31,user3,2-1-1,Depth_Color/31_Do_stretching_exercises/user3/2-1-1,IR/31_Do_stretching_exercises/user3/2-1-1,Thermal/31_Do_stretching_exercises/user3/2-1-1,Skeleton/31_Do_stretching_exercises/user3/2-1-1,IMU/31_Do_stretching_exercises/user3/2-1-1,Radar/31_Do_stretching_exercises/user3/2-1-1,2
31_Do_stretching_exercises/user3/2-1-2,31_Do_stretching_exercises,31,user3,2-1-2,Depth_Color/31_Do_stretching_exercises/user3/2-1-2,IR/31_Do_stretching_exercises/user3/2-1-2,Thermal/31_Do_stretching_exercises/user3/2-1-2,Skeleton/31_Do_stretching_exercises/user3/2-1-2,IMU/31_Do_stretching_exercises/user3/2-1-2,Radar/31_Do_stretching_exercises/user3/2-1-2,2
31_Do_stretching_exercises/user3/2-1-3,31_Do_stretching_exercises,31,user3,2-1-3,Depth_Color/31_Do_stretching_exercises/user3/2-1-3,IR/31_Do_stretching_exercises/user3/2-1-3,Thermal/31_Do_stretching_exercises/user3/2-1-3,Skeleton/31_Do_stretching_exercises/user3/2-1-3,IMU/31_Do_stretching_exercises/user3/2-1-3,Radar/31_Do_stretching_exercises/user3/2-1-3,2
31_Do_stretching_exercises/user3/7-1-1,31_Do_stretching_exercises,31,user3,7-1-1,Depth_Color/31_Do_stretching_exercises/user3/7-1-1,IR/31_Do_stretching_exercises/user3/7-1-1,Thermal/31_Do_stretching_exercises/user3/7-1-1,Skeleton/31_Do_stretching_exercises/user3/7-1-1,IMU/31_Do_stretching_exercises/user3/7-1-1,Radar/31_Do_stretching_exercises/user3/7-1-1,2
31_Do_stretching_exercises/user3/7-1-2,31_Do_stretching_exercises,31,user3,7-1-2,Depth_Color/31_Do_stretching_exercises/user3/7-1-2,IR/31_Do_stretching_exercises/user3/7-1-2,Thermal/31_Do_stretching_exercises/user3/7-1-2,Skeleton/31_Do_stretching_exercises/user3/7-1-2,IMU/31_Do_stretching_exercises/user3/7-1-2,Radar/31_Do_stretching_exercises/user3/7-1-2,2
31_Do_stretching_exercises/user3/7-1-3,31_Do_stretching_exercises,31,user3,7-1-3,Depth_Color/31_Do_stretching_exercises/user3/7-1-3,IR/31_Do_stretching_exercises/user3/7-1-3,Thermal/31_Do_stretching_exercises/user3/7-1-3,Skeleton/31_Do_stretching_exercises/user3/7-1-3,IMU/31_Do_stretching_exercises/user3/7-1-3,Radar/31_Do_stretching_exercises/user3/7-1-3,2
31_Do_stretching_exercises/user4/3-2-1,31_Do_stretching_exercises,31,user4,3-2-1,Depth_Color/31_Do_stretching_exercises/user4/3-2-1,IR/31_Do_stretching_exercises/user4/3-2-1,Thermal/31_Do_stretching_exercises/user4/3-2-1,Skeleton/31_Do_stretching_exercises/user4/3-2-1,IMU/31_Do_stretching_exercises/user4/3-2-1,Radar/31_Do_stretching_exercises/user4/3-2-1,1
31_Do_stretching_exercises/user4/3-2-2,31_Do_stretching_exercises,31,user4,3-2-2,Depth_Color/31_Do_stretching_exercises/user4/3-2-2,IR/31_Do_stretching_exercises/user4/3-2-2,Thermal/31_Do_stretching_exercises/user4/3-2-2,Skeleton/31_Do_stretching_exercises/user4/3-2-2,IMU/31_Do_stretching_exercises/user4/3-2-2,Radar/31_Do_stretching_exercises/user4/3-2-2,1
31_Do_stretching_exercises/user4/3-2-3,31_Do_stretching_exercises,31,user4,3-2-3,Depth_Color/31_Do_stretching_exercises/user4/3-2-3,IR/31_Do_stretching_exercises/user4/3-2-3,Thermal/31_Do_stretching_exercises/user4/3-2-3,Skeleton/31_Do_stretching_exercises/user4/3-2-3,IMU/31_Do_stretching_exercises/user4/3-2-3,Radar/31_Do_stretching_exercises/user4/3-2-3,1
31_Do_stretching_exercises/user5/5-2-1,31_Do_stretching_exercises,31,user5,5-2-1,,,Thermal/31_Do_stretching_exercises/user5/5-2-1,,,,2
31_Do_stretching_exercises/user5/5-2-2,31_Do_stretching_exercises,31,user5,5-2-2,,,Thermal/31_Do_stretching_exercises/user5/5-2-2,,,,2
31_Do_stretching_exercises/user5/5-2-3,31_Do_stretching_exercises,31,user5,5-2-3,,,Thermal/31_Do_stretching_exercises/user5/5-2-3,,,,2
31_Do_stretching_exercises/user7/2-2-1,31_Do_stretching_exercises,31,user7,2-2-1,Depth_Color/31_Do_stretching_exercises/user7/2-2-1,IR/31_Do_stretching_exercises/user7/2-2-1,,Skeleton/31_Do_stretching_exercises/user7/2-2-1,IMU/31_Do_stretching_exercises/user7/2-2-1,Radar/31_Do_stretching_exercises/user7/2-2-1,0
31_Do_stretching_exercises/user7/2-2-2,31_Do_stretching_exercises,31,user7,2-2-2,Depth_Color/31_Do_stretching_exercises/user7/2-2-2,IR/31_Do_stretching_exercises/user7/2-2-2,,Skeleton/31_Do_stretching_exercises/user7/2-2-2,IMU/31_Do_stretching_exercises/user7/2-2-2,Radar/31_Do_stretching_exercises/user7/2-2-2,0
31_Do_stretching_exercises/user7/2-2-3,31_Do_stretching_exercises,31,user7,2-2-3,Depth_Color/31_Do_stretching_exercises/user7/2-2-3,IR/31_Do_stretching_exercises/user7/2-2-3,,Skeleton/31_Do_stretching_exercises/user7/2-2-3,IMU/31_Do_stretching_exercises/user7/2-2-3,Radar/31_Do_stretching_exercises/user7/2-2-3,0
31_Do_stretching_exercises/user7/4-1-1,31_Do_stretching_exercises,31,user7,4-1-1,Depth_Color/31_Do_stretching_exercises/user7/4-1-1,IR/31_Do_stretching_exercises/user7/4-1-1,Thermal/31_Do_stretching_exercises/user7/4-1-1,Skeleton/31_Do_stretching_exercises/user7/4-1-1,IMU/31_Do_stretching_exercises/user7/4-1-1,Radar/31_Do_stretching_exercises/user7/4-1-1,0
31_Do_stretching_exercises/user7/4-1-2,31_Do_stretching_exercises,31,user7,4-1-2,Depth_Color/31_Do_stretching_exercises/user7/4-1-2,IR/31_Do_stretching_exercises/user7/4-1-2,Thermal/31_Do_stretching_exercises/user7/4-1-2,Skeleton/31_Do_stretching_exercises/user7/4-1-2,IMU/31_Do_stretching_exercises/user7/4-1-2,Radar/31_Do_stretching_exercises/user7/4-1-2,0
31_Do_stretching_exercises/user7/4-1-3,31_Do_stretching_exercises,31,user7,4-1-3,Depth_Color/31_Do_stretching_exercises/user7/4-1-3,IR/31_Do_stretching_exercises/user7/4-1-3,Thermal/31_Do_stretching_exercises/user7/4-1-3,Skeleton/31_Do_stretching_exercises/user7/4-1-3,IMU/31_Do_stretching_exercises/user7/4-1-3,Radar/31_Do_stretching_exercises/user7/4-1-3,0
31_Do_stretching_exercises/user8/5-1-1,31_Do_stretching_exercises,31,user8,5-1-1,Depth_Color/31_Do_stretching_exercises/user8/5-1-1,IR/31_Do_stretching_exercises/user8/5-1-1,Thermal/31_Do_stretching_exercises/user8/5-1-1,Skeleton/31_Do_stretching_exercises/user8/5-1-1,IMU/31_Do_stretching_exercises/user8/5-1-1,Radar/31_Do_stretching_exercises/user8/5-1-1,2
31_Do_stretching_exercises/user8/5-1-2,31_Do_stretching_exercises,31,user8,5-1-2,Depth_Color/31_Do_stretching_exercises/user8/5-1-2,IR/31_Do_stretching_exercises/user8/5-1-2,Thermal/31_Do_stretching_exercises/user8/5-1-2,Skeleton/31_Do_stretching_exercises/user8/5-1-2,IMU/31_Do_stretching_exercises/user8/5-1-2,Radar/31_Do_stretching_exercises/user8/5-1-2,2
31_Do_stretching_exercises/user8/5-1-3,31_Do_stretching_exercises,31,user8,5-1-3,Depth_Color/31_Do_stretching_exercises/user8/5-1-3,IR/31_Do_stretching_exercises/user8/5-1-3,Thermal/31_Do_stretching_exercises/user8/5-1-3,Skeleton/31_Do_stretching_exercises/user8/5-1-3,IMU/31_Do_stretching_exercises/user8/5-1-3,Radar/31_Do_stretching_exercises/user8/5-1-3,2
31_Do_stretching_exercises/user8/6-1-1,31_Do_stretching_exercises,31,user8,6-1-1,Depth_Color/31_Do_stretching_exercises/user8/6-1-1,IR/31_Do_stretching_exercises/user8/6-1-1,Thermal/31_Do_stretching_exercises/user8/6-1-1,Skeleton/31_Do_stretching_exercises/user8/6-1-1,IMU/31_Do_stretching_exercises/user8/6-1-1,Radar/31_Do_stretching_exercises/user8/6-1-1,2
31_Do_stretching_exercises/user8/6-1-2,31_Do_stretching_exercises,31,user8,6-1-2,Depth_Color/31_Do_stretching_exercises/user8/6-1-2,IR/31_Do_stretching_exercises/user8/6-1-2,Thermal/31_Do_stretching_exercises/user8/6-1-2,Skeleton/31_Do_stretching_exercises/user8/6-1-2,IMU/31_Do_stretching_exercises/user8/6-1-2,Radar/31_Do_stretching_exercises/user8/6-1-2,2
31_Do_stretching_exercises/user8/6-1-3,31_Do_stretching_exercises,31,user8,6-1-3,Depth_Color/31_Do_stretching_exercises/user8/6-1-3,IR/31_Do_stretching_exercises/user8/6-1-3,Thermal/31_Do_stretching_exercises/user8/6-1-3,Skeleton/31_Do_stretching_exercises/user8/6-1-3,IMU/31_Do_stretching_exercises/user8/6-1-3,Radar/31_Do_stretching_exercises/user8/6-1-3,2
31_Do_stretching_exercises/user8/6-2-1,31_Do_stretching_exercises,31,user8,6-2-1,Depth_Color/31_Do_stretching_exercises/user8/6-2-1,IR/31_Do_stretching_exercises/user8/6-2-1,Thermal/31_Do_stretching_exercises/user8/6-2-1,Skeleton/31_Do_stretching_exercises/user8/6-2-1,IMU/31_Do_stretching_exercises/user8/6-2-1,Radar/31_Do_stretching_exercises/user8/6-2-1,2
31_Do_stretching_exercises/user8/6-2-2,31_Do_stretching_exercises,31,user8,6-2-2,Depth_Color/31_Do_stretching_exercises/user8/6-2-2,IR/31_Do_stretching_exercises/user8/6-2-2,Thermal/31_Do_stretching_exercises/user8/6-2-2,Skeleton/31_Do_stretching_exercises/user8/6-2-2,IMU/31_Do_stretching_exercises/user8/6-2-2,Radar/31_Do_stretching_exercises/user8/6-2-2,2
31_Do_stretching_exercises/user8/6-2-3,31_Do_stretching_exercises,31,user8,6-2-3,Depth_Color/31_Do_stretching_exercises/user8/6-2-3,IR/31_Do_stretching_exercises/user8/6-2-3,Thermal/31_Do_stretching_exercises/user8/6-2-3,Skeleton/31_Do_stretching_exercises/user8/6-2-3,IMU/31_Do_stretching_exercises/user8/6-2-3,Radar/31_Do_stretching_exercises/user8/6-2-3,2
31_Do_stretching_exercises/user9/1-1-1,31_Do_stretching_exercises,31,user9,1-1-1,Depth_Color/31_Do_stretching_exercises/user9/1-1-1,IR/31_Do_stretching_exercises/user9/1-1-1,Thermal/31_Do_stretching_exercises/user9/1-1-1,Skeleton/31_Do_stretching_exercises/user9/1-1-1,IMU/31_Do_stretching_exercises/user9/1-1-1,Radar/31_Do_stretching_exercises/user9/1-1-1,1
31_Do_stretching_exercises/user9/1-1-2,31_Do_stretching_exercises,31,user9,1-1-2,Depth_Color/31_Do_stretching_exercises/user9/1-1-2,IR/31_Do_stretching_exercises/user9/1-1-2,Thermal/31_Do_stretching_exercises/user9/1-1-2,Skeleton/31_Do_stretching_exercises/user9/1-1-2,IMU/31_Do_stretching_exercises/user9/1-1-2,Radar/31_Do_stretching_exercises/user9/1-1-2,1
31_Do_stretching_exercises/user9/1-1-3,31_Do_stretching_exercises,31,user9,1-1-3,Depth_Color/31_Do_stretching_exercises/user9/1-1-3,IR/31_Do_stretching_exercises/user9/1-1-3,Thermal/31_Do_stretching_exercises/user9/1-1-3,Skeleton/31_Do_stretching_exercises/user9/1-1-3,IMU/31_Do_stretching_exercises/user9/1-1-3,Radar/31_Do_stretching_exercises/user9/1-1-3,1
31_Do_stretching_exercises/user9/4-2-2,31_Do_stretching_exercises,31,user9,4-2-2,Depth_Color/31_Do_stretching_exercises/user9/4-2-2,IR/31_Do_stretching_exercises/user9/4-2-2,Thermal/31_Do_stretching_exercises/user9/4-2-2,Skeleton/31_Do_stretching_exercises/user9/4-2-2,IMU/31_Do_stretching_exercises/user9/4-2-2,Radar/31_Do_stretching_exercises/user9/4-2-2,1
31_Do_stretching_exercises/user9/4-2-3,31_Do_stretching_exercises,31,user9,4-2-3,Depth_Color/31_Do_stretching_exercises/user9/4-2-3,IR/31_Do_stretching_exercises/user9/4-2-3,Thermal/31_Do_stretching_exercises/user9/4-2-3,Skeleton/31_Do_stretching_exercises/user9/4-2-3,IMU/31_Do_stretching_exercises/user9/4-2-3,Radar/31_Do_stretching_exercises/user9/4-2-3,1
32_Stand_up/user1/2-2-1,32_Stand_up,32,user1,2-2-1,Depth_Color/32_Stand_up/user1/2-2-1,IR/32_Stand_up/user1/2-2-1,Thermal/32_Stand_up/user1/2-2-1,Skeleton/32_Stand_up/user1/2-2-1,IMU/32_Stand_up/user1/2-2-1,Radar/32_Stand_up/user1/2-2-1,1
32_Stand_up/user1/2-2-2,32_Stand_up,32,user1,2-2-2,Depth_Color/32_Stand_up/user1/2-2-2,IR/32_Stand_up/user1/2-2-2,Thermal/32_Stand_up/user1/2-2-2,Skeleton/32_Stand_up/user1/2-2-2,IMU/32_Stand_up/user1/2-2-2,Radar/32_Stand_up/user1/2-2-2,1
32_Stand_up/user1/2-2-3,32_Stand_up,32,user1,2-2-3,Depth_Color/32_Stand_up/user1/2-2-3,IR/32_Stand_up/user1/2-2-3,Thermal/32_Stand_up/user1/2-2-3,Skeleton/32_Stand_up/user1/2-2-3,IMU/32_Stand_up/user1/2-2-3,Radar/32_Stand_up/user1/2-2-3,1
32_Stand_up/user1/3-2-1,32_Stand_up,32,user1,3-2-1,Depth_Color/32_Stand_up/user1/3-2-1,IR/32_Stand_up/user1/3-2-1,Thermal/32_Stand_up/user1/3-2-1,Skeleton/32_Stand_up/user1/3-2-1,IMU/32_Stand_up/user1/3-2-1,Radar/32_Stand_up/user1/3-2-1,1
32_Stand_up/user1/3-2-2,32_Stand_up,32,user1,3-2-2,Depth_Color/32_Stand_up/user1/3-2-2,IR/32_Stand_up/user1/3-2-2,Thermal/32_Stand_up/user1/3-2-2,Skeleton/32_Stand_up/user1/3-2-2,IMU/32_Stand_up/user1/3-2-2,Radar/32_Stand_up/user1/3-2-2,1
32_Stand_up/user1/3-2-3,32_Stand_up,32,user1,3-2-3,Depth_Color/32_Stand_up/user1/3-2-3,IR/32_Stand_up/user1/3-2-3,Thermal/32_Stand_up/user1/3-2-3,Skeleton/32_Stand_up/user1/3-2-3,IMU/32_Stand_up/user1/3-2-3,Radar/32_Stand_up/user1/3-2-3,1
32_Stand_up/user1/6-2-1,32_Stand_up,32,user1,6-2-1,Depth_Color/32_Stand_up/user1/6-2-1,IR/32_Stand_up/user1/6-2-1,Thermal/32_Stand_up/user1/6-2-1,Skeleton/32_Stand_up/user1/6-2-1,IMU/32_Stand_up/user1/6-2-1,Radar/32_Stand_up/user1/6-2-1,1
32_Stand_up/user1/6-2-2,32_Stand_up,32,user1,6-2-2,Depth_Color/32_Stand_up/user1/6-2-2,IR/32_Stand_up/user1/6-2-2,Thermal/32_Stand_up/user1/6-2-2,Skeleton/32_Stand_up/user1/6-2-2,IMU/32_Stand_up/user1/6-2-2,Radar/32_Stand_up/user1/6-2-2,1
32_Stand_up/user1/6-2-3,32_Stand_up,32,user1,6-2-3,Depth_Color/32_Stand_up/user1/6-2-3,IR/32_Stand_up/user1/6-2-3,Thermal/32_Stand_up/user1/6-2-3,Skeleton/32_Stand_up/user1/6-2-3,IMU/32_Stand_up/user1/6-2-3,Radar/32_Stand_up/user1/6-2-3,1
32_Stand_up/user16/3-1-1,32_Stand_up,32,user16,3-1-1,Depth_Color/32_Stand_up/user16/3-1-1,IR/32_Stand_up/user16/3-1-1,Thermal/32_Stand_up/user16/3-1-1,Skeleton/32_Stand_up/user16/3-1-1,IMU/32_Stand_up/user16/3-1-1,Radar/32_Stand_up/user16/3-1-1,0
32_Stand_up/user16/3-1-2,32_Stand_up,32,user16,3-1-2,Depth_Color/32_Stand_up/user16/3-1-2,IR/32_Stand_up/user16/3-1-2,Thermal/32_Stand_up/user16/3-1-2,Skeleton/32_Stand_up/user16/3-1-2,IMU/32_Stand_up/user16/3-1-2,Radar/32_Stand_up/user16/3-1-2,0
32_Stand_up/user16/3-1-3,32_Stand_up,32,user16,3-1-3,Depth_Color/32_Stand_up/user16/3-1-3,IR/32_Stand_up/user16/3-1-3,Thermal/32_Stand_up/user16/3-1-3,Skeleton/32_Stand_up/user16/3-1-3,IMU/32_Stand_up/user16/3-1-3,Radar/32_Stand_up/user16/3-1-3,0
32_Stand_up/user16/4-1-1,32_Stand_up,32,user16,4-1-1,Depth_Color/32_Stand_up/user16/4-1-1,IR/32_Stand_up/user16/4-1-1,Thermal/32_Stand_up/user16/4-1-1,Skeleton/32_Stand_up/user16/4-1-1,IMU/32_Stand_up/user16/4-1-1,Radar/32_Stand_up/user16/4-1-1,0
32_Stand_up/user16/4-1-2,32_Stand_up,32,user16,4-1-2,Depth_Color/32_Stand_up/user16/4-1-2,IR/32_Stand_up/user16/4-1-2,Thermal/32_Stand_up/user16/4-1-2,Skeleton/32_Stand_up/user16/4-1-2,IMU/32_Stand_up/user16/4-1-2,Radar/32_Stand_up/user16/4-1-2,0
32_Stand_up/user16/4-1-3,32_Stand_up,32,user16,4-1-3,Depth_Color/32_Stand_up/user16/4-1-3,IR/32_Stand_up/user16/4-1-3,Thermal/32_Stand_up/user16/4-1-3,Skeleton/32_Stand_up/user16/4-1-3,IMU/32_Stand_up/user16/4-1-3,Radar/32_Stand_up/user16/4-1-3,0
32_Stand_up/user17/4-1-1,32_Stand_up,32,user17,4-1-1,Depth_Color/32_Stand_up/user17/4-1-1,IR/32_Stand_up/user17/4-1-1,Thermal/32_Stand_up/user17/4-1-1,Skeleton/32_Stand_up/user17/4-1-1,IMU/32_Stand_up/user17/4-1-1,Radar/32_Stand_up/user17/4-1-1,2
32_Stand_up/user17/4-1-2,32_Stand_up,32,user17,4-1-2,Depth_Color/32_Stand_up/user17/4-1-2,IR/32_Stand_up/user17/4-1-2,Thermal/32_Stand_up/user17/4-1-2,Skeleton/32_Stand_up/user17/4-1-2,IMU/32_Stand_up/user17/4-1-2,Radar/32_Stand_up/user17/4-1-2,2
32_Stand_up/user17/4-1-3,32_Stand_up,32,user17,4-1-3,Depth_Color/32_Stand_up/user17/4-1-3,IR/32_Stand_up/user17/4-1-3,Thermal/32_Stand_up/user17/4-1-3,Skeleton/32_Stand_up/user17/4-1-3,IMU/32_Stand_up/user17/4-1-3,Radar/32_Stand_up/user17/4-1-3,2
32_Stand_up/user18/5-1-1,32_Stand_up,32,user18,5-1-1,Depth_Color/32_Stand_up/user18/5-1-1,IR/32_Stand_up/user18/5-1-1,Thermal/32_Stand_up/user18/5-1-1,Skeleton/32_Stand_up/user18/5-1-1,IMU/32_Stand_up/user18/5-1-1,Radar/32_Stand_up/user18/5-1-1,1
32_Stand_up/user18/5-1-2,32_Stand_up,32,user18,5-1-2,Depth_Color/32_Stand_up/user18/5-1-2,IR/32_Stand_up/user18/5-1-2,,Skeleton/32_Stand_up/user18/5-1-2,IMU/32_Stand_up/user18/5-1-2,Radar/32_Stand_up/user18/5-1-2,1
32_Stand_up/user18/5-1-3,32_Stand_up,32,user18,5-1-3,,,Thermal/32_Stand_up/user18/5-1-3,,,,1
32_Stand_up/user18/6-2-1,32_Stand_up,32,user18,6-2-1,Depth_Color/32_Stand_up/user18/6-2-1,IR/32_Stand_up/user18/6-2-1,Thermal/32_Stand_up/user18/6-2-1,Skeleton/32_Stand_up/user18/6-2-1,IMU/32_Stand_up/user18/6-2-1,Radar/32_Stand_up/user18/6-2-1,1
32_Stand_up/user18/6-2-2,32_Stand_up,32,user18,6-2-2,Depth_Color/32_Stand_up/user18/6-2-2,IR/32_Stand_up/user18/6-2-2,Thermal/32_Stand_up/user18/6-2-2,Skeleton/32_Stand_up/user18/6-2-2,IMU/32_Stand_up/user18/6-2-2,Radar/32_Stand_up/user18/6-2-2,1
32_Stand_up/user18/6-2-3,32_Stand_up,32,user18,6-2-3,Depth_Color/32_Stand_up/user18/6-2-3,IR/32_Stand_up/user18/6-2-3,Thermal/32_Stand_up/user18/6-2-3,Skeleton/32_Stand_up/user18/6-2-3,IMU/32_Stand_up/user18/6-2-3,Radar/32_Stand_up/user18/6-2-3,1
32_Stand_up/user19/5-1-1,32_Stand_up,32,user19,5-1-1,Depth_Color/32_Stand_up/user19/5-1-1,IR/32_Stand_up/user19/5-1-1,Thermal/32_Stand_up/user19/5-1-1,Skeleton/32_Stand_up/user19/5-1-1,IMU/32_Stand_up/user19/5-1-1,Radar/32_Stand_up/user19/5-1-1,2
32_Stand_up/user19/5-1-2,32_Stand_up,32,user19,5-1-2,Depth_Color/32_Stand_up/user19/5-1-2,IR/32_Stand_up/user19/5-1-2,Thermal/32_Stand_up/user19/5-1-2,Skeleton/32_Stand_up/user19/5-1-2,IMU/32_Stand_up/user19/5-1-2,Radar/32_Stand_up/user19/5-1-2,2
32_Stand_up/user19/5-1-3,32_Stand_up,32,user19,5-1-3,Depth_Color/32_Stand_up/user19/5-1-3,IR/32_Stand_up/user19/5-1-3,Thermal/32_Stand_up/user19/5-1-3,Skeleton/32_Stand_up/user19/5-1-3,IMU/32_Stand_up/user19/5-1-3,Radar/32_Stand_up/user19/5-1-3,2
32_Stand_up/user2/4-1-1,32_Stand_up,32,user2,4-1-1,Depth_Color/32_Stand_up/user2/4-1-1,IR/32_Stand_up/user2/4-1-1,,Skeleton/32_Stand_up/user2/4-1-1,IMU/32_Stand_up/user2/4-1-1,Radar/32_Stand_up/user2/4-1-1,0
32_Stand_up/user2/4-1-2,32_Stand_up,32,user2,4-1-2,Depth_Color/32_Stand_up/user2/4-1-2,IR/32_Stand_up/user2/4-1-2,,Skeleton/32_Stand_up/user2/4-1-2,IMU/32_Stand_up/user2/4-1-2,Radar/32_Stand_up/user2/4-1-2,0
32_Stand_up/user2/4-1-3,32_Stand_up,32,user2,4-1-3,Depth_Color/32_Stand_up/user2/4-1-3,IR/32_Stand_up/user2/4-1-3,,Skeleton/32_Stand_up/user2/4-1-3,IMU/32_Stand_up/user2/4-1-3,Radar/32_Stand_up/user2/4-1-3,0
32_Stand_up/user2/4-3-3,32_Stand_up,32,user2,4-3-3,Depth_Color/32_Stand_up/user2/4-3-3,IR/32_Stand_up/user2/4-3-3,,Skeleton/32_Stand_up/user2/4-3-3,IMU/32_Stand_up/user2/4-3-3,Radar/32_Stand_up/user2/4-3-3,0
32_Stand_up/user2/7-3-1,32_Stand_up,32,user2,7-3-1,Depth_Color/32_Stand_up/user2/7-3-1,IR/32_Stand_up/user2/7-3-1,,Skeleton/32_Stand_up/user2/7-3-1,IMU/32_Stand_up/user2/7-3-1,Radar/32_Stand_up/user2/7-3-1,0
32_Stand_up/user2/7-3-2,32_Stand_up,32,user2,7-3-2,Depth_Color/32_Stand_up/user2/7-3-2,IR/32_Stand_up/user2/7-3-2,,Skeleton/32_Stand_up/user2/7-3-2,IMU/32_Stand_up/user2/7-3-2,Radar/32_Stand_up/user2/7-3-2,0
32_Stand_up/user2/7-3-3,32_Stand_up,32,user2,7-3-3,Depth_Color/32_Stand_up/user2/7-3-3,IR/32_Stand_up/user2/7-3-3,,Skeleton/32_Stand_up/user2/7-3-3,IMU/32_Stand_up/user2/7-3-3,Radar/32_Stand_up/user2/7-3-3,0
32_Stand_up/user20/6-3-1,32_Stand_up,32,user20,6-3-1,Depth_Color/32_Stand_up/user20/6-3-1,IR/32_Stand_up/user20/6-3-1,Thermal/32_Stand_up/user20/6-3-1,Skeleton/32_Stand_up/user20/6-3-1,IMU/32_Stand_up/user20/6-3-1,Radar/32_Stand_up/user20/6-3-1,0
32_Stand_up/user20/6-3-2,32_Stand_up,32,user20,6-3-2,Depth_Color/32_Stand_up/user20/6-3-2,IR/32_Stand_up/user20/6-3-2,Thermal/32_Stand_up/user20/6-3-2,Skeleton/32_Stand_up/user20/6-3-2,IMU/32_Stand_up/user20/6-3-2,Radar/32_Stand_up/user20/6-3-2,0
32_Stand_up/user20/6-3-3,32_Stand_up,32,user20,6-3-3,Depth_Color/32_Stand_up/user20/6-3-3,IR/32_Stand_up/user20/6-3-3,Thermal/32_Stand_up/user20/6-3-3,Skeleton/32_Stand_up/user20/6-3-3,IMU/32_Stand_up/user20/6-3-3,Radar/32_Stand_up/user20/6-3-3,0
32_Stand_up/user21/2-2-1,32_Stand_up,32,user21,2-2-1,Depth_Color/32_Stand_up/user21/2-2-1,IR/32_Stand_up/user21/2-2-1,Thermal/32_Stand_up/user21/2-2-1,Skeleton/32_Stand_up/user21/2-2-1,IMU/32_Stand_up/user21/2-2-1,Radar/32_Stand_up/user21/2-2-1,0
32_Stand_up/user21/2-2-2,32_Stand_up,32,user21,2-2-2,Depth_Color/32_Stand_up/user21/2-2-2,IR/32_Stand_up/user21/2-2-2,Thermal/32_Stand_up/user21/2-2-2,Skeleton/32_Stand_up/user21/2-2-2,IMU/32_Stand_up/user21/2-2-2,Radar/32_Stand_up/user21/2-2-2,0
32_Stand_up/user21/2-2-3,32_Stand_up,32,user21,2-2-3,Depth_Color/32_Stand_up/user21/2-2-3,IR/32_Stand_up/user21/2-2-3,Thermal/32_Stand_up/user21/2-2-3,Skeleton/32_Stand_up/user21/2-2-3,IMU/32_Stand_up/user21/2-2-3,Radar/32_Stand_up/user21/2-2-3,0
32_Stand_up/user21/4-1-1,32_Stand_up,32,user21,4-1-1,Depth_Color/32_Stand_up/user21/4-1-1,IR/32_Stand_up/user21/4-1-1,Thermal/32_Stand_up/user21/4-1-1,Skeleton/32_Stand_up/user21/4-1-1,IMU/32_Stand_up/user21/4-1-1,Radar/32_Stand_up/user21/4-1-1,0
32_Stand_up/user21/4-1-2,32_Stand_up,32,user21,4-1-2,Depth_Color/32_Stand_up/user21/4-1-2,IR/32_Stand_up/user21/4-1-2,Thermal/32_Stand_up/user21/4-1-2,Skeleton/32_Stand_up/user21/4-1-2,IMU/32_Stand_up/user21/4-1-2,Radar/32_Stand_up/user21/4-1-2,0
32_Stand_up/user21/4-1-3,32_Stand_up,32,user21,4-1-3,Depth_Color/32_Stand_up/user21/4-1-3,IR/32_Stand_up/user21/4-1-3,Thermal/32_Stand_up/user21/4-1-3,Skeleton/32_Stand_up/user21/4-1-3,IMU/32_Stand_up/user21/4-1-3,Radar/32_Stand_up/user21/4-1-3,0
32_Stand_up/user22/7-2-1,32_Stand_up,32,user22,7-2-1,Depth_Color/32_Stand_up/user22/7-2-1,IR/32_Stand_up/user22/7-2-1,Thermal/32_Stand_up/user22/7-2-1,Skeleton/32_Stand_up/user22/7-2-1,IMU/32_Stand_up/user22/7-2-1,Radar/32_Stand_up/user22/7-2-1,1
32_Stand_up/user22/7-2-2,32_Stand_up,32,user22,7-2-2,Depth_Color/32_Stand_up/user22/7-2-2,IR/32_Stand_up/user22/7-2-2,Thermal/32_Stand_up/user22/7-2-2,Skeleton/32_Stand_up/user22/7-2-2,IMU/32_Stand_up/user22/7-2-2,Radar/32_Stand_up/user22/7-2-2,1
32_Stand_up/user22/7-3-1,32_Stand_up,32,user22,7-3-1,Depth_Color/32_Stand_up/user22/7-3-1,IR/32_Stand_up/user22/7-3-1,Thermal/32_Stand_up/user22/7-3-1,Skeleton/32_Stand_up/user22/7-3-1,IMU/32_Stand_up/user22/7-3-1,Radar/32_Stand_up/user22/7-3-1,1
32_Stand_up/user22/7-3-2,32_Stand_up,32,user22,7-3-2,Depth_Color/32_Stand_up/user22/7-3-2,IR/32_Stand_up/user22/7-3-2,Thermal/32_Stand_up/user22/7-3-2,Skeleton/32_Stand_up/user22/7-3-2,IMU/32_Stand_up/user22/7-3-2,Radar/32_Stand_up/user22/7-3-2,1
32_Stand_up/user23/7-1-1,32_Stand_up,32,user23,7-1-1,Depth_Color/32_Stand_up/user23/7-1-1,IR/32_Stand_up/user23/7-1-1,Thermal/32_Stand_up/user23/7-1-1,Skeleton/32_Stand_up/user23/7-1-1,IMU/32_Stand_up/user23/7-1-1,Radar/32_Stand_up/user23/7-1-1,0
32_Stand_up/user23/7-1-2,32_Stand_up,32,user23,7-1-2,Depth_Color/32_Stand_up/user23/7-1-2,IR/32_Stand_up/user23/7-1-2,Thermal/32_Stand_up/user23/7-1-2,Skeleton/32_Stand_up/user23/7-1-2,IMU/32_Stand_up/user23/7-1-2,Radar/32_Stand_up/user23/7-1-2,0
32_Stand_up/user23/7-1-3,32_Stand_up,32,user23,7-1-3,Depth_Color/32_Stand_up/user23/7-1-3,IR/32_Stand_up/user23/7-1-3,Thermal/32_Stand_up/user23/7-1-3,Skeleton/32_Stand_up/user23/7-1-3,IMU/32_Stand_up/user23/7-1-3,Radar/32_Stand_up/user23/7-1-3,0
32_Stand_up/user23/7-3-1,32_Stand_up,32,user23,7-3-1,Depth_Color/32_Stand_up/user23/7-3-1,IR/32_Stand_up/user23/7-3-1,Thermal/32_Stand_up/user23/7-3-1,Skeleton/32_Stand_up/user23/7-3-1,IMU/32_Stand_up/user23/7-3-1,Radar/32_Stand_up/user23/7-3-1,0
32_Stand_up/user23/7-3-2,32_Stand_up,32,user23,7-3-2,Depth_Color/32_Stand_up/user23/7-3-2,IR/32_Stand_up/user23/7-3-2,Thermal/32_Stand_up/user23/7-3-2,Skeleton/32_Stand_up/user23/7-3-2,IMU/32_Stand_up/user23/7-3-2,Radar/32_Stand_up/user23/7-3-2,0
32_Stand_up/user23/7-3-3,32_Stand_up,32,user23,7-3-3,Depth_Color/32_Stand_up/user23/7-3-3,IR/32_Stand_up/user23/7-3-3,Thermal/32_Stand_up/user23/7-3-3,Skeleton/32_Stand_up/user23/7-3-3,IMU/32_Stand_up/user23/7-3-3,Radar/32_Stand_up/user23/7-3-3,0
32_Stand_up/user24/5-1-1,32_Stand_up,32,user24,5-1-1,Depth_Color/32_Stand_up/user24/5-1-1,IR/32_Stand_up/user24/5-1-1,Thermal/32_Stand_up/user24/5-1-1,Skeleton/32_Stand_up/user24/5-1-1,IMU/32_Stand_up/user24/5-1-1,Radar/32_Stand_up/user24/5-1-1,2
32_Stand_up/user24/5-1-2,32_Stand_up,32,user24,5-1-2,Depth_Color/32_Stand_up/user24/5-1-2,IR/32_Stand_up/user24/5-1-2,Thermal/32_Stand_up/user24/5-1-2,Skeleton/32_Stand_up/user24/5-1-2,IMU/32_Stand_up/user24/5-1-2,Radar/32_Stand_up/user24/5-1-2,2
32_Stand_up/user24/5-1-3,32_Stand_up,32,user24,5-1-3,Depth_Color/32_Stand_up/user24/5-1-3,IR/32_Stand_up/user24/5-1-3,Thermal/32_Stand_up/user24/5-1-3,Skeleton/32_Stand_up/user24/5-1-3,IMU/32_Stand_up/user24/5-1-3,Radar/32_Stand_up/user24/5-1-3,2
32_Stand_up/user24/6-3-1,32_Stand_up,32,user24,6-3-1,Depth_Color/32_Stand_up/user24/6-3-1,IR/32_Stand_up/user24/6-3-1,Thermal/32_Stand_up/user24/6-3-1,Skeleton/32_Stand_up/user24/6-3-1,IMU/32_Stand_up/user24/6-3-1,Radar/32_Stand_up/user24/6-3-1,2
32_Stand_up/user24/6-3-2,32_Stand_up,32,user24,6-3-2,Depth_Color/32_Stand_up/user24/6-3-2,IR/32_Stand_up/user24/6-3-2,Thermal/32_Stand_up/user24/6-3-2,Skeleton/32_Stand_up/user24/6-3-2,IMU/32_Stand_up/user24/6-3-2,Radar/32_Stand_up/user24/6-3-2,2
32_Stand_up/user24/6-3-3,32_Stand_up,32,user24,6-3-3,Depth_Color/32_Stand_up/user24/6-3-3,IR/32_Stand_up/user24/6-3-3,Thermal/32_Stand_up/user24/6-3-3,Skeleton/32_Stand_up/user24/6-3-3,IMU/32_Stand_up/user24/6-3-3,Radar/32_Stand_up/user24/6-3-3,2
32_Stand_up/user3/2-1-1,32_Stand_up,32,user3,2-1-1,Depth_Color/32_Stand_up/user3/2-1-1,IR/32_Stand_up/user3/2-1-1,Thermal/32_Stand_up/user3/2-1-1,Skeleton/32_Stand_up/user3/2-1-1,IMU/32_Stand_up/user3/2-1-1,Radar/32_Stand_up/user3/2-1-1,2
32_Stand_up/user3/2-1-2,32_Stand_up,32,user3,2-1-2,Depth_Color/32_Stand_up/user3/2-1-2,IR/32_Stand_up/user3/2-1-2,Thermal/32_Stand_up/user3/2-1-2,Skeleton/32_Stand_up/user3/2-1-2,IMU/32_Stand_up/user3/2-1-2,Radar/32_Stand_up/user3/2-1-2,2
32_Stand_up/user3/2-1-3,32_Stand_up,32,user3,2-1-3,Depth_Color/32_Stand_up/user3/2-1-3,IR/32_Stand_up/user3/2-1-3,Thermal/32_Stand_up/user3/2-1-3,Skeleton/32_Stand_up/user3/2-1-3,IMU/32_Stand_up/user3/2-1-3,Radar/32_Stand_up/user3/2-1-3,2
32_Stand_up/user3/7-1-1,32_Stand_up,32,user3,7-1-1,Depth_Color/32_Stand_up/user3/7-1-1,IR/32_Stand_up/user3/7-1-1,Thermal/32_Stand_up/user3/7-1-1,Skeleton/32_Stand_up/user3/7-1-1,IMU/32_Stand_up/user3/7-1-1,Radar/32_Stand_up/user3/7-1-1,2
32_Stand_up/user3/7-1-2,32_Stand_up,32,user3,7-1-2,Depth_Color/32_Stand_up/user3/7-1-2,IR/32_Stand_up/user3/7-1-2,Thermal/32_Stand_up/user3/7-1-2,Skeleton/32_Stand_up/user3/7-1-2,IMU/32_Stand_up/user3/7-1-2,Radar/32_Stand_up/user3/7-1-2,2
32_Stand_up/user3/7-1-3,32_Stand_up,32,user3,7-1-3,Depth_Color/32_Stand_up/user3/7-1-3,IR/32_Stand_up/user3/7-1-3,Thermal/32_Stand_up/user3/7-1-3,Skeleton/32_Stand_up/user3/7-1-3,IMU/32_Stand_up/user3/7-1-3,Radar/32_Stand_up/user3/7-1-3,2
32_Stand_up/user4/2-1-1,32_Stand_up,32,user4,2-1-1,Depth_Color/32_Stand_up/user4/2-1-1,IR/32_Stand_up/user4/2-1-1,Thermal/32_Stand_up/user4/2-1-1,Skeleton/32_Stand_up/user4/2-1-1,IMU/32_Stand_up/user4/2-1-1,Radar/32_Stand_up/user4/2-1-1,1
32_Stand_up/user4/2-1-2,32_Stand_up,32,user4,2-1-2,Depth_Color/32_Stand_up/user4/2-1-2,IR/32_Stand_up/user4/2-1-2,Thermal/32_Stand_up/user4/2-1-2,Skeleton/32_Stand_up/user4/2-1-2,IMU/32_Stand_up/user4/2-1-2,Radar/32_Stand_up/user4/2-1-2,1
32_Stand_up/user4/2-1-3,32_Stand_up,32,user4,2-1-3,Depth_Color/32_Stand_up/user4/2-1-3,IR/32_Stand_up/user4/2-1-3,Thermal/32_Stand_up/user4/2-1-3,Skeleton/32_Stand_up/user4/2-1-3,IMU/32_Stand_up/user4/2-1-3,Radar/32_Stand_up/user4/2-1-3,1
32_Stand_up/user4/3-2-1,32_Stand_up,32,user4,3-2-1,Depth_Color/32_Stand_up/user4/3-2-1,IR/32_Stand_up/user4/3-2-1,Thermal/32_Stand_up/user4/3-2-1,Skeleton/32_Stand_up/user4/3-2-1,IMU/32_Stand_up/user4/3-2-1,Radar/32_Stand_up/user4/3-2-1,1
32_Stand_up/user4/3-2-2,32_Stand_up,32,user4,3-2-2,Depth_Color/32_Stand_up/user4/3-2-2,IR/32_Stand_up/user4/3-2-2,Thermal/32_Stand_up/user4/3-2-2,Skeleton/32_Stand_up/user4/3-2-2,IMU/32_Stand_up/user4/3-2-2,Radar/32_Stand_up/user4/3-2-2,1
32_Stand_up/user4/3-2-3,32_Stand_up,32,user4,3-2-3,Depth_Color/32_Stand_up/user4/3-2-3,IR/32_Stand_up/user4/3-2-3,Thermal/32_Stand_up/user4/3-2-3,Skeleton/32_Stand_up/user4/3-2-3,IMU/32_Stand_up/user4/3-2-3,Radar/32_Stand_up/user4/3-2-3,1
32_Stand_up/user4/7-2-1,32_Stand_up,32,user4,7-2-1,Depth_Color/32_Stand_up/user4/7-2-1,IR/32_Stand_up/user4/7-2-1,Thermal/32_Stand_up/user4/7-2-1,Skeleton/32_Stand_up/user4/7-2-1,IMU/32_Stand_up/user4/7-2-1,Radar/32_Stand_up/user4/7-2-1,1
32_Stand_up/user4/7-2-2,32_Stand_up,32,user4,7-2-2,Depth_Color/32_Stand_up/user4/7-2-2,IR/32_Stand_up/user4/7-2-2,Thermal/32_Stand_up/user4/7-2-2,Skeleton/32_Stand_up/user4/7-2-2,IMU/32_Stand_up/user4/7-2-2,Radar/32_Stand_up/user4/7-2-2,1
32_Stand_up/user4/7-2-3,32_Stand_up,32,user4,7-2-3,Depth_Color/32_Stand_up/user4/7-2-3,IR/32_Stand_up/user4/7-2-3,Thermal/32_Stand_up/user4/7-2-3,Skeleton/32_Stand_up/user4/7-2-3,IMU/32_Stand_up/user4/7-2-3,Radar/32_Stand_up/user4/7-2-3,1
32_Stand_up/user5/3-1-1,32_Stand_up,32,user5,3-1-1,,,Thermal/32_Stand_up/user5/3-1-1,,,,2
32_Stand_up/user5/3-1-2,32_Stand_up,32,user5,3-1-2,,,Thermal/32_Stand_up/user5/3-1-2,,,,2
32_Stand_up/user5/3-1-3,32_Stand_up,32,user5,3-1-3,,,Thermal/32_Stand_up/user5/3-1-3,,,,2
32_Stand_up/user5/6-1-1,32_Stand_up,32,user5,6-1-1,,,Thermal/32_Stand_up/user5/6-1-1,,,,2
32_Stand_up/user5/6-1-2,32_Stand_up,32,user5,6-1-2,,,Thermal/32_Stand_up/user5/6-1-2,,,,2
32_Stand_up/user5/6-1-3,32_Stand_up,32,user5,6-1-3,,,Thermal/32_Stand_up/user5/6-1-3,,,,2
32_Stand_up/user5/7-1-1,32_Stand_up,32,user5,7-1-1,,,Thermal/32_Stand_up/user5/7-1-1,,,,2
32_Stand_up/user5/7-1-2,32_Stand_up,32,user5,7-1-2,,,Thermal/32_Stand_up/user5/7-1-2,,,,2
32_Stand_up/user5/7-1-3,32_Stand_up,32,user5,7-1-3,,,Thermal/32_Stand_up/user5/7-1-3,,,,2
32_Stand_up/user6/4-1-1,32_Stand_up,32,user6,4-1-1,Depth_Color/32_Stand_up/user6/4-1-1,IR/32_Stand_up/user6/4-1-1,Thermal/32_Stand_up/user6/4-1-1,Skeleton/32_Stand_up/user6/4-1-1,IMU/32_Stand_up/user6/4-1-1,Radar/32_Stand_up/user6/4-1-1,1
32_Stand_up/user6/4-1-2,32_Stand_up,32,user6,4-1-2,Depth_Color/32_Stand_up/user6/4-1-2,IR/32_Stand_up/user6/4-1-2,Thermal/32_Stand_up/user6/4-1-2,Skeleton/32_Stand_up/user6/4-1-2,IMU/32_Stand_up/user6/4-1-2,Radar/32_Stand_up/user6/4-1-2,1
32_Stand_up/user6/4-1-3,32_Stand_up,32,user6,4-1-3,Depth_Color/32_Stand_up/user6/4-1-3,IR/32_Stand_up/user6/4-1-3,Thermal/32_Stand_up/user6/4-1-3,Skeleton/32_Stand_up/user6/4-1-3,IMU/32_Stand_up/user6/4-1-3,Radar/32_Stand_up/user6/4-1-3,1
32_Stand_up/user7/4-1-1,32_Stand_up,32,user7,4-1-1,Depth_Color/32_Stand_up/user7/4-1-1,IR/32_Stand_up/user7/4-1-1,Thermal/32_Stand_up/user7/4-1-1,Skeleton/32_Stand_up/user7/4-1-1,IMU/32_Stand_up/user7/4-1-1,Radar/32_Stand_up/user7/4-1-1,0
32_Stand_up/user7/4-1-2,32_Stand_up,32,user7,4-1-2,Depth_Color/32_Stand_up/user7/4-1-2,IR/32_Stand_up/user7/4-1-2,Thermal/32_Stand_up/user7/4-1-2,Skeleton/32_Stand_up/user7/4-1-2,IMU/32_Stand_up/user7/4-1-2,Radar/32_Stand_up/user7/4-1-2,0
32_Stand_up/user7/4-1-3,32_Stand_up,32,user7,4-1-3,Depth_Color/32_Stand_up/user7/4-1-3,IR/32_Stand_up/user7/4-1-3,Thermal/32_Stand_up/user7/4-1-3,Skeleton/32_Stand_up/user7/4-1-3,IMU/32_Stand_up/user7/4-1-3,Radar/32_Stand_up/user7/4-1-3,0
32_Stand_up/user8/5-1-1,32_Stand_up,32,user8,5-1-1,Depth_Color/32_Stand_up/user8/5-1-1,IR/32_Stand_up/user8/5-1-1,Thermal/32_Stand_up/user8/5-1-1,Skeleton/32_Stand_up/user8/5-1-1,IMU/32_Stand_up/user8/5-1-1,Radar/32_Stand_up/user8/5-1-1,2
32_Stand_up/user8/5-1-2,32_Stand_up,32,user8,5-1-2,Depth_Color/32_Stand_up/user8/5-1-2,IR/32_Stand_up/user8/5-1-2,Thermal/32_Stand_up/user8/5-1-2,Skeleton/32_Stand_up/user8/5-1-2,IMU/32_Stand_up/user8/5-1-2,Radar/32_Stand_up/user8/5-1-2,2
32_Stand_up/user9/5-1-1,32_Stand_up,32,user9,5-1-1,Depth_Color/32_Stand_up/user9/5-1-1,IR/32_Stand_up/user9/5-1-1,Thermal/32_Stand_up/user9/5-1-1,Skeleton/32_Stand_up/user9/5-1-1,IMU/32_Stand_up/user9/5-1-1,Radar/32_Stand_up/user9/5-1-1,1
32_Stand_up/user9/5-1-2,32_Stand_up,32,user9,5-1-2,Depth_Color/32_Stand_up/user9/5-1-2,IR/32_Stand_up/user9/5-1-2,Thermal/32_Stand_up/user9/5-1-2,Skeleton/32_Stand_up/user9/5-1-2,IMU/32_Stand_up/user9/5-1-2,Radar/32_Stand_up/user9/5-1-2,1
32_Stand_up/user9/5-1-3,32_Stand_up,32,user9,5-1-3,Depth_Color/32_Stand_up/user9/5-1-3,IR/32_Stand_up/user9/5-1-3,,Skeleton/32_Stand_up/user9/5-1-3,IMU/32_Stand_up/user9/5-1-3,Radar/32_Stand_up/user9/5-1-3,1
33_Lie_down/user16/5-3-1,33_Lie_down,33,user16,5-3-1,Depth_Color/33_Lie_down/user16/5-3-1,IR/33_Lie_down/user16/5-3-1,Thermal/33_Lie_down/user16/5-3-1,Skeleton/33_Lie_down/user16/5-3-1,IMU/33_Lie_down/user16/5-3-1,Radar/33_Lie_down/user16/5-3-1,0
33_Lie_down/user16/5-3-2,33_Lie_down,33,user16,5-3-2,Depth_Color/33_Lie_down/user16/5-3-2,IR/33_Lie_down/user16/5-3-2,Thermal/33_Lie_down/user16/5-3-2,Skeleton/33_Lie_down/user16/5-3-2,IMU/33_Lie_down/user16/5-3-2,Radar/33_Lie_down/user16/5-3-2,0
33_Lie_down/user16/5-3-3,33_Lie_down,33,user16,5-3-3,Depth_Color/33_Lie_down/user16/5-3-3,IR/33_Lie_down/user16/5-3-3,Thermal/33_Lie_down/user16/5-3-3,Skeleton/33_Lie_down/user16/5-3-3,IMU/33_Lie_down/user16/5-3-3,Radar/33_Lie_down/user16/5-3-3,0
33_Lie_down/user16/6-1-1,33_Lie_down,33,user16,6-1-1,Depth_Color/33_Lie_down/user16/6-1-1,IR/33_Lie_down/user16/6-1-1,Thermal/33_Lie_down/user16/6-1-1,Skeleton/33_Lie_down/user16/6-1-1,IMU/33_Lie_down/user16/6-1-1,Radar/33_Lie_down/user16/6-1-1,0
33_Lie_down/user16/6-1-2,33_Lie_down,33,user16,6-1-2,Depth_Color/33_Lie_down/user16/6-1-2,IR/33_Lie_down/user16/6-1-2,Thermal/33_Lie_down/user16/6-1-2,Skeleton/33_Lie_down/user16/6-1-2,IMU/33_Lie_down/user16/6-1-2,Radar/33_Lie_down/user16/6-1-2,0
33_Lie_down/user16/6-1-3,33_Lie_down,33,user16,6-1-3,Depth_Color/33_Lie_down/user16/6-1-3,IR/33_Lie_down/user16/6-1-3,Thermal/33_Lie_down/user16/6-1-3,Skeleton/33_Lie_down/user16/6-1-3,IMU/33_Lie_down/user16/6-1-3,Radar/33_Lie_down/user16/6-1-3,0
33_Lie_down/user17/2-2-1,33_Lie_down,33,user17,2-2-1,Depth_Color/33_Lie_down/user17/2-2-1,IR/33_Lie_down/user17/2-2-1,Thermal/33_Lie_down/user17/2-2-1,Skeleton/33_Lie_down/user17/2-2-1,IMU/33_Lie_down/user17/2-2-1,Radar/33_Lie_down/user17/2-2-1,2
33_Lie_down/user17/2-2-2,33_Lie_down,33,user17,2-2-2,Depth_Color/33_Lie_down/user17/2-2-2,IR/33_Lie_down/user17/2-2-2,Thermal/33_Lie_down/user17/2-2-2,Skeleton/33_Lie_down/user17/2-2-2,IMU/33_Lie_down/user17/2-2-2,Radar/33_Lie_down/user17/2-2-2,2
33_Lie_down/user17/2-2-3,33_Lie_down,33,user17,2-2-3,Depth_Color/33_Lie_down/user17/2-2-3,IR/33_Lie_down/user17/2-2-3,Thermal/33_Lie_down/user17/2-2-3,Skeleton/33_Lie_down/user17/2-2-3,IMU/33_Lie_down/user17/2-2-3,Radar/33_Lie_down/user17/2-2-3,2
33_Lie_down/user19/3-3-1,33_Lie_down,33,user19,3-3-1,Depth_Color/33_Lie_down/user19/3-3-1,IR/33_Lie_down/user19/3-3-1,Thermal/33_Lie_down/user19/3-3-1,Skeleton/33_Lie_down/user19/3-3-1,IMU/33_Lie_down/user19/3-3-1,Radar/33_Lie_down/user19/3-3-1,2
33_Lie_down/user19/3-3-2,33_Lie_down,33,user19,3-3-2,Depth_Color/33_Lie_down/user19/3-3-2,IR/33_Lie_down/user19/3-3-2,Thermal/33_Lie_down/user19/3-3-2,Skeleton/33_Lie_down/user19/3-3-2,IMU/33_Lie_down/user19/3-3-2,Radar/33_Lie_down/user19/3-3-2,2
33_Lie_down/user19/3-3-3,33_Lie_down,33,user19,3-3-3,Depth_Color/33_Lie_down/user19/3-3-3,IR/33_Lie_down/user19/3-3-3,Thermal/33_Lie_down/user19/3-3-3,Skeleton/33_Lie_down/user19/3-3-3,IMU/33_Lie_down/user19/3-3-3,Radar/33_Lie_down/user19/3-3-3,2
33_Lie_down/user24/2-2-1,33_Lie_down,33,user24,2-2-1,Depth_Color/33_Lie_down/user24/2-2-1,IR/33_Lie_down/user24/2-2-1,Thermal/33_Lie_down/user24/2-2-1,Skeleton/33_Lie_down/user24/2-2-1,IMU/33_Lie_down/user24/2-2-1,Radar/33_Lie_down/user24/2-2-1,2
33_Lie_down/user24/2-2-2,33_Lie_down,33,user24,2-2-2,Depth_Color/33_Lie_down/user24/2-2-2,IR/33_Lie_down/user24/2-2-2,Thermal/33_Lie_down/user24/2-2-2,Skeleton/33_Lie_down/user24/2-2-2,IMU/33_Lie_down/user24/2-2-2,Radar/33_Lie_down/user24/2-2-2,2
33_Lie_down/user24/2-2-3,33_Lie_down,33,user24,2-2-3,Depth_Color/33_Lie_down/user24/2-2-3,IR/33_Lie_down/user24/2-2-3,Thermal/33_Lie_down/user24/2-2-3,Skeleton/33_Lie_down/user24/2-2-3,IMU/33_Lie_down/user24/2-2-3,Radar/33_Lie_down/user24/2-2-3,2
33_Lie_down/user3/2-1-1,33_Lie_down,33,user3,2-1-1,Depth_Color/33_Lie_down/user3/2-1-1,IR/33_Lie_down/user3/2-1-1,Thermal/33_Lie_down/user3/2-1-1,Skeleton/33_Lie_down/user3/2-1-1,IMU/33_Lie_down/user3/2-1-1,Radar/33_Lie_down/user3/2-1-1,2
33_Lie_down/user3/2-1-2,33_Lie_down,33,user3,2-1-2,Depth_Color/33_Lie_down/user3/2-1-2,IR/33_Lie_down/user3/2-1-2,Thermal/33_Lie_down/user3/2-1-2,Skeleton/33_Lie_down/user3/2-1-2,IMU/33_Lie_down/user3/2-1-2,Radar/33_Lie_down/user3/2-1-2,2
33_Lie_down/user3/2-1-3,33_Lie_down,33,user3,2-1-3,Depth_Color/33_Lie_down/user3/2-1-3,IR/33_Lie_down/user3/2-1-3,Thermal/33_Lie_down/user3/2-1-3,Skeleton/33_Lie_down/user3/2-1-3,IMU/33_Lie_down/user3/2-1-3,Radar/33_Lie_down/user3/2-1-3,2
33_Lie_down/user5/5-2-1,33_Lie_down,33,user5,5-2-1,,,Thermal/33_Lie_down/user5/5-2-1,,,,2
33_Lie_down/user5/5-2-2,33_Lie_down,33,user5,5-2-2,,,Thermal/33_Lie_down/user5/5-2-2,,,,2
33_Lie_down/user5/5-2-3,33_Lie_down,33,user5,5-2-3,,,Thermal/33_Lie_down/user5/5-2-3,,,,2
33_Lie_down/user5/6-1-1,33_Lie_down,33,user5,6-1-1,,,Thermal/33_Lie_down/user5/6-1-1,,,,2
33_Lie_down/user5/6-1-2,33_Lie_down,33,user5,6-1-2,,,Thermal/33_Lie_down/user5/6-1-2,,,,2
33_Lie_down/user5/6-1-3,33_Lie_down,33,user5,6-1-3,,,Thermal/33_Lie_down/user5/6-1-3,,,,2
33_Lie_down/user6/5-3-1,33_Lie_down,33,user6,5-3-1,Depth_Color/33_Lie_down/user6/5-3-1,IR/33_Lie_down/user6/5-3-1,Thermal/33_Lie_down/user6/5-3-1,Skeleton/33_Lie_down/user6/5-3-1,IMU/33_Lie_down/user6/5-3-1,Radar/33_Lie_down/user6/5-3-1,1
33_Lie_down/user6/5-3-2,33_Lie_down,33,user6,5-3-2,Depth_Color/33_Lie_down/user6/5-3-2,IR/33_Lie_down/user6/5-3-2,Thermal/33_Lie_down/user6/5-3-2,Skeleton/33_Lie_down/user6/5-3-2,IMU/33_Lie_down/user6/5-3-2,Radar/33_Lie_down/user6/5-3-2,1
33_Lie_down/user6/5-3-3,33_Lie_down,33,user6,5-3-3,Depth_Color/33_Lie_down/user6/5-3-3,IR/33_Lie_down/user6/5-3-3,Thermal/33_Lie_down/user6/5-3-3,Skeleton/33_Lie_down/user6/5-3-3,IMU/33_Lie_down/user6/5-3-3,Radar/33_Lie_down/user6/5-3-3,1
33_Lie_down/user6/6-1-1,33_Lie_down,33,user6,6-1-1,Depth_Color/33_Lie_down/user6/6-1-1,IR/33_Lie_down/user6/6-1-1,Thermal/33_Lie_down/user6/6-1-1,Skeleton/33_Lie_down/user6/6-1-1,IMU/33_Lie_down/user6/6-1-1,Radar/33_Lie_down/user6/6-1-1,1
33_Lie_down/user6/6-1-2,33_Lie_down,33,user6,6-1-2,Depth_Color/33_Lie_down/user6/6-1-2,IR/33_Lie_down/user6/6-1-2,Thermal/33_Lie_down/user6/6-1-2,Skeleton/33_Lie_down/user6/6-1-2,IMU/33_Lie_down/user6/6-1-2,Radar/33_Lie_down/user6/6-1-2,1
33_Lie_down/user6/6-1-3,33_Lie_down,33,user6,6-1-3,Depth_Color/33_Lie_down/user6/6-1-3,IR/33_Lie_down/user6/6-1-3,Thermal/33_Lie_down/user6/6-1-3,Skeleton/33_Lie_down/user6/6-1-3,IMU/33_Lie_down/user6/6-1-3,Radar/33_Lie_down/user6/6-1-3,1
33_Lie_down/user7/2-2-1,33_Lie_down,33,user7,2-2-1,Depth_Color/33_Lie_down/user7/2-2-1,IR/33_Lie_down/user7/2-2-1,Thermal/33_Lie_down/user7/2-2-1,Skeleton/33_Lie_down/user7/2-2-1,IMU/33_Lie_down/user7/2-2-1,Radar/33_Lie_down/user7/2-2-1,0
33_Lie_down/user7/2-2-2,33_Lie_down,33,user7,2-2-2,Depth_Color/33_Lie_down/user7/2-2-2,IR/33_Lie_down/user7/2-2-2,Thermal/33_Lie_down/user7/2-2-2,Skeleton/33_Lie_down/user7/2-2-2,IMU/33_Lie_down/user7/2-2-2,Radar/33_Lie_down/user7/2-2-2,0
33_Lie_down/user7/2-2-3,33_Lie_down,33,user7,2-2-3,Depth_Color/33_Lie_down/user7/2-2-3,IR/33_Lie_down/user7/2-2-3,Thermal/33_Lie_down/user7/2-2-3,Skeleton/33_Lie_down/user7/2-2-3,IMU/33_Lie_down/user7/2-2-3,Radar/33_Lie_down/user7/2-2-3,0
33_Lie_down/user9/3-3-1,33_Lie_down,33,user9,3-3-1,Depth_Color/33_Lie_down/user9/3-3-1,IR/33_Lie_down/user9/3-3-1,Thermal/33_Lie_down/user9/3-3-1,Skeleton/33_Lie_down/user9/3-3-1,IMU/33_Lie_down/user9/3-3-1,Radar/33_Lie_down/user9/3-3-1,1
33_Lie_down/user9/3-3-2,33_Lie_down,33,user9,3-3-2,Depth_Color/33_Lie_down/user9/3-3-2,IR/33_Lie_down/user9/3-3-2,Thermal/33_Lie_down/user9/3-3-2,Skeleton/33_Lie_down/user9/3-3-2,IMU/33_Lie_down/user9/3-3-2,Radar/33_Lie_down/user9/3-3-2,1
33_Lie_down/user9/3-3-3,33_Lie_down,33,user9,3-3-3,Depth_Color/33_Lie_down/user9/3-3-3,IR/33_Lie_down/user9/3-3-3,Thermal/33_Lie_down/user9/3-3-3,Skeleton/33_Lie_down/user9/3-3-3,IMU/33_Lie_down/user9/3-3-3,Radar/33_Lie_down/user9/3-3-3,1
33_Lie_down/user9/6-2-1,33_Lie_down,33,user9,6-2-1,Depth_Color/33_Lie_down/user9/6-2-1,IR/33_Lie_down/user9/6-2-1,Thermal/33_Lie_down/user9/6-2-1,Skeleton/33_Lie_down/user9/6-2-1,IMU/33_Lie_down/user9/6-2-1,Radar/33_Lie_down/user9/6-2-1,1
33_Lie_down/user9/6-2-2,33_Lie_down,33,user9,6-2-2,Depth_Color/33_Lie_down/user9/6-2-2,IR/33_Lie_down/user9/6-2-2,Thermal/33_Lie_down/user9/6-2-2,Skeleton/33_Lie_down/user9/6-2-2,IMU/33_Lie_down/user9/6-2-2,Radar/33_Lie_down/user9/6-2-2,1
33_Lie_down/user9/6-2-3,33_Lie_down,33,user9,6-2-3,Depth_Color/33_Lie_down/user9/6-2-3,IR/33_Lie_down/user9/6-2-3,Thermal/33_Lie_down/user9/6-2-3,Skeleton/33_Lie_down/user9/6-2-3,IMU/33_Lie_down/user9/6-2-3,Radar/33_Lie_down/user9/6-2-3,1
34_Sit_down/user1/2-2-1,34_Sit_down,34,user1,2-2-1,Depth_Color/34_Sit_down/user1/2-2-1,IR/34_Sit_down/user1/2-2-1,Thermal/34_Sit_down/user1/2-2-1,Skeleton/34_Sit_down/user1/2-2-1,IMU/34_Sit_down/user1/2-2-1,Radar/34_Sit_down/user1/2-2-1,1
34_Sit_down/user1/2-2-2,34_Sit_down,34,user1,2-2-2,Depth_Color/34_Sit_down/user1/2-2-2,IR/34_Sit_down/user1/2-2-2,Thermal/34_Sit_down/user1/2-2-2,Skeleton/34_Sit_down/user1/2-2-2,IMU/34_Sit_down/user1/2-2-2,Radar/34_Sit_down/user1/2-2-2,1
34_Sit_down/user1/2-2-3,34_Sit_down,34,user1,2-2-3,Depth_Color/34_Sit_down/user1/2-2-3,IR/34_Sit_down/user1/2-2-3,Thermal/34_Sit_down/user1/2-2-3,Skeleton/34_Sit_down/user1/2-2-3,IMU/34_Sit_down/user1/2-2-3,Radar/34_Sit_down/user1/2-2-3,1
34_Sit_down/user1/3-2-1,34_Sit_down,34,user1,3-2-1,Depth_Color/34_Sit_down/user1/3-2-1,IR/34_Sit_down/user1/3-2-1,Thermal/34_Sit_down/user1/3-2-1,Skeleton/34_Sit_down/user1/3-2-1,IMU/34_Sit_down/user1/3-2-1,Radar/34_Sit_down/user1/3-2-1,1
34_Sit_down/user1/3-2-2,34_Sit_down,34,user1,3-2-2,Depth_Color/34_Sit_down/user1/3-2-2,IR/34_Sit_down/user1/3-2-2,Thermal/34_Sit_down/user1/3-2-2,Skeleton/34_Sit_down/user1/3-2-2,IMU/34_Sit_down/user1/3-2-2,Radar/34_Sit_down/user1/3-2-2,1
34_Sit_down/user1/3-2-3,34_Sit_down,34,user1,3-2-3,Depth_Color/34_Sit_down/user1/3-2-3,IR/34_Sit_down/user1/3-2-3,Thermal/34_Sit_down/user1/3-2-3,Skeleton/34_Sit_down/user1/3-2-3,IMU/34_Sit_down/user1/3-2-3,Radar/34_Sit_down/user1/3-2-3,1
34_Sit_down/user1/6-2-1,34_Sit_down,34,user1,6-2-1,Depth_Color/34_Sit_down/user1/6-2-1,IR/34_Sit_down/user1/6-2-1,Thermal/34_Sit_down/user1/6-2-1,Skeleton/34_Sit_down/user1/6-2-1,IMU/34_Sit_down/user1/6-2-1,Radar/34_Sit_down/user1/6-2-1,1
34_Sit_down/user1/6-2-2,34_Sit_down,34,user1,6-2-2,Depth_Color/34_Sit_down/user1/6-2-2,IR/34_Sit_down/user1/6-2-2,Thermal/34_Sit_down/user1/6-2-2,Skeleton/34_Sit_down/user1/6-2-2,IMU/34_Sit_down/user1/6-2-2,Radar/34_Sit_down/user1/6-2-2,1
34_Sit_down/user1/6-2-3,34_Sit_down,34,user1,6-2-3,Depth_Color/34_Sit_down/user1/6-2-3,IR/34_Sit_down/user1/6-2-3,Thermal/34_Sit_down/user1/6-2-3,Skeleton/34_Sit_down/user1/6-2-3,IMU/34_Sit_down/user1/6-2-3,Radar/34_Sit_down/user1/6-2-3,1
34_Sit_down/user1/7-1-1,34_Sit_down,34,user1,7-1-1,Depth_Color/34_Sit_down/user1/7-1-1,IR/34_Sit_down/user1/7-1-1,Thermal/34_Sit_down/user1/7-1-1,Skeleton/34_Sit_down/user1/7-1-1,IMU/34_Sit_down/user1/7-1-1,Radar/34_Sit_down/user1/7-1-1,1
34_Sit_down/user1/7-1-2,34_Sit_down,34,user1,7-1-2,Depth_Color/34_Sit_down/user1/7-1-2,IR/34_Sit_down/user1/7-1-2,Thermal/34_Sit_down/user1/7-1-2,Skeleton/34_Sit_down/user1/7-1-2,IMU/34_Sit_down/user1/7-1-2,Radar/34_Sit_down/user1/7-1-2,1
34_Sit_down/user1/7-1-3,34_Sit_down,34,user1,7-1-3,Depth_Color/34_Sit_down/user1/7-1-3,IR/34_Sit_down/user1/7-1-3,Thermal/34_Sit_down/user1/7-1-3,Skeleton/34_Sit_down/user1/7-1-3,IMU/34_Sit_down/user1/7-1-3,Radar/34_Sit_down/user1/7-1-3,1
34_Sit_down/user16/4-1-1,34_Sit_down,34,user16,4-1-1,Depth_Color/34_Sit_down/user16/4-1-1,IR/34_Sit_down/user16/4-1-1,Thermal/34_Sit_down/user16/4-1-1,Skeleton/34_Sit_down/user16/4-1-1,IMU/34_Sit_down/user16/4-1-1,Radar/34_Sit_down/user16/4-1-1,0
34_Sit_down/user16/4-1-2,34_Sit_down,34,user16,4-1-2,Depth_Color/34_Sit_down/user16/4-1-2,IR/34_Sit_down/user16/4-1-2,Thermal/34_Sit_down/user16/4-1-2,Skeleton/34_Sit_down/user16/4-1-2,IMU/34_Sit_down/user16/4-1-2,Radar/34_Sit_down/user16/4-1-2,0
34_Sit_down/user16/4-1-3,34_Sit_down,34,user16,4-1-3,Depth_Color/34_Sit_down/user16/4-1-3,IR/34_Sit_down/user16/4-1-3,Thermal/34_Sit_down/user16/4-1-3,Skeleton/34_Sit_down/user16/4-1-3,IMU/34_Sit_down/user16/4-1-3,Radar/34_Sit_down/user16/4-1-3,0
34_Sit_down/user16/7-1-1,34_Sit_down,34,user16,7-1-1,Depth_Color/34_Sit_down/user16/7-1-1,IR/34_Sit_down/user16/7-1-1,Thermal/34_Sit_down/user16/7-1-1,Skeleton/34_Sit_down/user16/7-1-1,IMU/34_Sit_down/user16/7-1-1,Radar/34_Sit_down/user16/7-1-1,0
34_Sit_down/user16/7-1-2,34_Sit_down,34,user16,7-1-2,Depth_Color/34_Sit_down/user16/7-1-2,IR/34_Sit_down/user16/7-1-2,Thermal/34_Sit_down/user16/7-1-2,Skeleton/34_Sit_down/user16/7-1-2,IMU/34_Sit_down/user16/7-1-2,Radar/34_Sit_down/user16/7-1-2,0
34_Sit_down/user16/7-1-3,34_Sit_down,34,user16,7-1-3,Depth_Color/34_Sit_down/user16/7-1-3,IR/34_Sit_down/user16/7-1-3,Thermal/34_Sit_down/user16/7-1-3,Skeleton/34_Sit_down/user16/7-1-3,IMU/34_Sit_down/user16/7-1-3,Radar/34_Sit_down/user16/7-1-3,0
34_Sit_down/user16/7-3-1,34_Sit_down,34,user16,7-3-1,Depth_Color/34_Sit_down/user16/7-3-1,IR/34_Sit_down/user16/7-3-1,Thermal/34_Sit_down/user16/7-3-1,Skeleton/34_Sit_down/user16/7-3-1,IMU/34_Sit_down/user16/7-3-1,Radar/34_Sit_down/user16/7-3-1,0
34_Sit_down/user16/7-3-2,34_Sit_down,34,user16,7-3-2,Depth_Color/34_Sit_down/user16/7-3-2,IR/34_Sit_down/user16/7-3-2,Thermal/34_Sit_down/user16/7-3-2,Skeleton/34_Sit_down/user16/7-3-2,IMU/34_Sit_down/user16/7-3-2,Radar/34_Sit_down/user16/7-3-2,0
34_Sit_down/user16/7-3-3,34_Sit_down,34,user16,7-3-3,Depth_Color/34_Sit_down/user16/7-3-3,IR/34_Sit_down/user16/7-3-3,Thermal/34_Sit_down/user16/7-3-3,Skeleton/34_Sit_down/user16/7-3-3,IMU/34_Sit_down/user16/7-3-3,Radar/34_Sit_down/user16/7-3-3,0
34_Sit_down/user17/1-2-1,34_Sit_down,34,user17,1-2-1,Depth_Color/34_Sit_down/user17/1-2-1,IR/34_Sit_down/user17/1-2-1,Thermal/34_Sit_down/user17/1-2-1,Skeleton/34_Sit_down/user17/1-2-1,IMU/34_Sit_down/user17/1-2-1,Radar/34_Sit_down/user17/1-2-1,2
34_Sit_down/user17/1-2-2,34_Sit_down,34,user17,1-2-2,Depth_Color/34_Sit_down/user17/1-2-2,IR/34_Sit_down/user17/1-2-2,Thermal/34_Sit_down/user17/1-2-2,Skeleton/34_Sit_down/user17/1-2-2,IMU/34_Sit_down/user17/1-2-2,Radar/34_Sit_down/user17/1-2-2,2
34_Sit_down/user17/1-2-3,34_Sit_down,34,user17,1-2-3,Depth_Color/34_Sit_down/user17/1-2-3,IR/34_Sit_down/user17/1-2-3,Thermal/34_Sit_down/user17/1-2-3,Skeleton/34_Sit_down/user17/1-2-3,IMU/34_Sit_down/user17/1-2-3,Radar/34_Sit_down/user17/1-2-3,2
34_Sit_down/user17/2-2-1,34_Sit_down,34,user17,2-2-1,Depth_Color/34_Sit_down/user17/2-2-1,IR/34_Sit_down/user17/2-2-1,Thermal/34_Sit_down/user17/2-2-1,Skeleton/34_Sit_down/user17/2-2-1,IMU/34_Sit_down/user17/2-2-1,Radar/34_Sit_down/user17/2-2-1,2
34_Sit_down/user17/2-2-2,34_Sit_down,34,user17,2-2-2,Depth_Color/34_Sit_down/user17/2-2-2,IR/34_Sit_down/user17/2-2-2,Thermal/34_Sit_down/user17/2-2-2,Skeleton/34_Sit_down/user17/2-2-2,IMU/34_Sit_down/user17/2-2-2,Radar/34_Sit_down/user17/2-2-2,2
34_Sit_down/user17/2-2-3,34_Sit_down,34,user17,2-2-3,Depth_Color/34_Sit_down/user17/2-2-3,IR/34_Sit_down/user17/2-2-3,Thermal/34_Sit_down/user17/2-2-3,Skeleton/34_Sit_down/user17/2-2-3,IMU/34_Sit_down/user17/2-2-3,Radar/34_Sit_down/user17/2-2-3,2
34_Sit_down/user17/4-1-1,34_Sit_down,34,user17,4-1-1,Depth_Color/34_Sit_down/user17/4-1-1,IR/34_Sit_down/user17/4-1-1,Thermal/34_Sit_down/user17/4-1-1,Skeleton/34_Sit_down/user17/4-1-1,IMU/34_Sit_down/user17/4-1-1,Radar/34_Sit_down/user17/4-1-1,2
34_Sit_down/user17/4-1-2,34_Sit_down,34,user17,4-1-2,Depth_Color/34_Sit_down/user17/4-1-2,IR/34_Sit_down/user17/4-1-2,Thermal/34_Sit_down/user17/4-1-2,Skeleton/34_Sit_down/user17/4-1-2,IMU/34_Sit_down/user17/4-1-2,Radar/34_Sit_down/user17/4-1-2,2
34_Sit_down/user17/4-1-3,34_Sit_down,34,user17,4-1-3,Depth_Color/34_Sit_down/user17/4-1-3,IR/34_Sit_down/user17/4-1-3,Thermal/34_Sit_down/user17/4-1-3,Skeleton/34_Sit_down/user17/4-1-3,IMU/34_Sit_down/user17/4-1-3,Radar/34_Sit_down/user17/4-1-3,2
34_Sit_down/user17/7-1-1,34_Sit_down,34,user17,7-1-1,Depth_Color/34_Sit_down/user17/7-1-1,IR/34_Sit_down/user17/7-1-1,Thermal/34_Sit_down/user17/7-1-1,Skeleton/34_Sit_down/user17/7-1-1,IMU/34_Sit_down/user17/7-1-1,Radar/34_Sit_down/user17/7-1-1,2
34_Sit_down/user17/7-1-2,34_Sit_down,34,user17,7-1-2,Depth_Color/34_Sit_down/user17/7-1-2,IR/34_Sit_down/user17/7-1-2,Thermal/34_Sit_down/user17/7-1-2,Skeleton/34_Sit_down/user17/7-1-2,IMU/34_Sit_down/user17/7-1-2,Radar/34_Sit_down/user17/7-1-2,2
34_Sit_down/user17/7-1-3,34_Sit_down,34,user17,7-1-3,Depth_Color/34_Sit_down/user17/7-1-3,IR/34_Sit_down/user17/7-1-3,Thermal/34_Sit_down/user17/7-1-3,Skeleton/34_Sit_down/user17/7-1-3,IMU/34_Sit_down/user17/7-1-3,Radar/34_Sit_down/user17/7-1-3,2
34_Sit_down/user18/4-1-2,34_Sit_down,34,user18,4-1-2,Depth_Color/34_Sit_down/user18/4-1-2,IR/34_Sit_down/user18/4-1-2,Thermal/34_Sit_down/user18/4-1-2,Skeleton/34_Sit_down/user18/4-1-2,IMU/34_Sit_down/user18/4-1-2,Radar/34_Sit_down/user18/4-1-2,1
34_Sit_down/user18/4-1-3,34_Sit_down,34,user18,4-1-3,Depth_Color/34_Sit_down/user18/4-1-3,IR/34_Sit_down/user18/4-1-3,Thermal/34_Sit_down/user18/4-1-3,Skeleton/34_Sit_down/user18/4-1-3,IMU/34_Sit_down/user18/4-1-3,Radar/34_Sit_down/user18/4-1-3,1
34_Sit_down/user18/5-1-3,34_Sit_down,34,user18,5-1-3,Depth_Color/34_Sit_down/user18/5-1-3,IR/34_Sit_down/user18/5-1-3,Thermal/34_Sit_down/user18/5-1-3,Skeleton/34_Sit_down/user18/5-1-3,IMU/34_Sit_down/user18/5-1-3,Radar/34_Sit_down/user18/5-1-3,1
34_Sit_down/user19/1-2-1,34_Sit_down,34,user19,1-2-1,Depth_Color/34_Sit_down/user19/1-2-1,IR/34_Sit_down/user19/1-2-1,Thermal/34_Sit_down/user19/1-2-1,Skeleton/34_Sit_down/user19/1-2-1,IMU/34_Sit_down/user19/1-2-1,Radar/34_Sit_down/user19/1-2-1,2
34_Sit_down/user19/1-2-2,34_Sit_down,34,user19,1-2-2,Depth_Color/34_Sit_down/user19/1-2-2,IR/34_Sit_down/user19/1-2-2,Thermal/34_Sit_down/user19/1-2-2,Skeleton/34_Sit_down/user19/1-2-2,IMU/34_Sit_down/user19/1-2-2,Radar/34_Sit_down/user19/1-2-2,2
34_Sit_down/user19/1-2-3,34_Sit_down,34,user19,1-2-3,Depth_Color/34_Sit_down/user19/1-2-3,IR/34_Sit_down/user19/1-2-3,Thermal/34_Sit_down/user19/1-2-3,Skeleton/34_Sit_down/user19/1-2-3,IMU/34_Sit_down/user19/1-2-3,Radar/34_Sit_down/user19/1-2-3,2
34_Sit_down/user19/5-3-1,34_Sit_down,34,user19,5-3-1,Depth_Color/34_Sit_down/user19/5-3-1,IR/34_Sit_down/user19/5-3-1,Thermal/34_Sit_down/user19/5-3-1,Skeleton/34_Sit_down/user19/5-3-1,IMU/34_Sit_down/user19/5-3-1,Radar/34_Sit_down/user19/5-3-1,2
34_Sit_down/user19/5-3-2,34_Sit_down,34,user19,5-3-2,Depth_Color/34_Sit_down/user19/5-3-2,IR/34_Sit_down/user19/5-3-2,Thermal/34_Sit_down/user19/5-3-2,Skeleton/34_Sit_down/user19/5-3-2,IMU/34_Sit_down/user19/5-3-2,Radar/34_Sit_down/user19/5-3-2,2
34_Sit_down/user19/5-3-3,34_Sit_down,34,user19,5-3-3,Depth_Color/34_Sit_down/user19/5-3-3,IR/34_Sit_down/user19/5-3-3,Thermal/34_Sit_down/user19/5-3-3,Skeleton/34_Sit_down/user19/5-3-3,IMU/34_Sit_down/user19/5-3-3,Radar/34_Sit_down/user19/5-3-3,2
34_Sit_down/user19/6-1-1,34_Sit_down,34,user19,6-1-1,Depth_Color/34_Sit_down/user19/6-1-1,IR/34_Sit_down/user19/6-1-1,Thermal/34_Sit_down/user19/6-1-1,Skeleton/34_Sit_down/user19/6-1-1,IMU/34_Sit_down/user19/6-1-1,Radar/34_Sit_down/user19/6-1-1,2
34_Sit_down/user19/6-1-2,34_Sit_down,34,user19,6-1-2,Depth_Color/34_Sit_down/user19/6-1-2,IR/34_Sit_down/user19/6-1-2,,Skeleton/34_Sit_down/user19/6-1-2,IMU/34_Sit_down/user19/6-1-2,Radar/34_Sit_down/user19/6-1-2,2
34_Sit_down/user19/6-1-3,34_Sit_down,34,user19,6-1-3,Depth_Color/34_Sit_down/user19/6-1-3,IR/34_Sit_down/user19/6-1-3,Thermal/34_Sit_down/user19/6-1-3,Skeleton/34_Sit_down/user19/6-1-3,IMU/34_Sit_down/user19/6-1-3,Radar/34_Sit_down/user19/6-1-3,2
34_Sit_down/user2/4-3-1,34_Sit_down,34,user2,4-3-1,Depth_Color/34_Sit_down/user2/4-3-1,IR/34_Sit_down/user2/4-3-1,,Skeleton/34_Sit_down/user2/4-3-1,IMU/34_Sit_down/user2/4-3-1,Radar/34_Sit_down/user2/4-3-1,0
34_Sit_down/user2/4-3-2,34_Sit_down,34,user2,4-3-2,Depth_Color/34_Sit_down/user2/4-3-2,IR/34_Sit_down/user2/4-3-2,,Skeleton/34_Sit_down/user2/4-3-2,IMU/34_Sit_down/user2/4-3-2,Radar/34_Sit_down/user2/4-3-2,0
34_Sit_down/user2/4-3-3,34_Sit_down,34,user2,4-3-3,Depth_Color/34_Sit_down/user2/4-3-3,IR/34_Sit_down/user2/4-3-3,,Skeleton/34_Sit_down/user2/4-3-3,IMU/34_Sit_down/user2/4-3-3,Radar/34_Sit_down/user2/4-3-3,0
34_Sit_down/user2/6-1-1,34_Sit_down,34,user2,6-1-1,Depth_Color/34_Sit_down/user2/6-1-1,IR/34_Sit_down/user2/6-1-1,,Skeleton/34_Sit_down/user2/6-1-1,IMU/34_Sit_down/user2/6-1-1,Radar/34_Sit_down/user2/6-1-1,0
34_Sit_down/user2/6-1-2,34_Sit_down,34,user2,6-1-2,Depth_Color/34_Sit_down/user2/6-1-2,IR/34_Sit_down/user2/6-1-2,,Skeleton/34_Sit_down/user2/6-1-2,IMU/34_Sit_down/user2/6-1-2,Radar/34_Sit_down/user2/6-1-2,0
34_Sit_down/user2/7-1-1,34_Sit_down,34,user2,7-1-1,Depth_Color/34_Sit_down/user2/7-1-1,IR/34_Sit_down/user2/7-1-1,,Skeleton/34_Sit_down/user2/7-1-1,IMU/34_Sit_down/user2/7-1-1,Radar/34_Sit_down/user2/7-1-1,0
34_Sit_down/user2/7-1-2,34_Sit_down,34,user2,7-1-2,Depth_Color/34_Sit_down/user2/7-1-2,IR/34_Sit_down/user2/7-1-2,,Skeleton/34_Sit_down/user2/7-1-2,IMU/34_Sit_down/user2/7-1-2,Radar/34_Sit_down/user2/7-1-2,0
34_Sit_down/user2/7-1-3,34_Sit_down,34,user2,7-1-3,Depth_Color/34_Sit_down/user2/7-1-3,IR/34_Sit_down/user2/7-1-3,,Skeleton/34_Sit_down/user2/7-1-3,IMU/34_Sit_down/user2/7-1-3,Radar/34_Sit_down/user2/7-1-3,0
34_Sit_down/user2/7-3-1,34_Sit_down,34,user2,7-3-1,Depth_Color/34_Sit_down/user2/7-3-1,IR/34_Sit_down/user2/7-3-1,,Skeleton/34_Sit_down/user2/7-3-1,IMU/34_Sit_down/user2/7-3-1,Radar/34_Sit_down/user2/7-3-1,0
34_Sit_down/user2/7-3-2,34_Sit_down,34,user2,7-3-2,Depth_Color/34_Sit_down/user2/7-3-2,IR/34_Sit_down/user2/7-3-2,,Skeleton/34_Sit_down/user2/7-3-2,IMU/34_Sit_down/user2/7-3-2,Radar/34_Sit_down/user2/7-3-2,0
34_Sit_down/user2/7-3-3,34_Sit_down,34,user2,7-3-3,Depth_Color/34_Sit_down/user2/7-3-3,IR/34_Sit_down/user2/7-3-3,,Skeleton/34_Sit_down/user2/7-3-3,IMU/34_Sit_down/user2/7-3-3,Radar/34_Sit_down/user2/7-3-3,0
34_Sit_down/user22/1-2-2,34_Sit_down,34,user22,1-2-2,Depth_Color/34_Sit_down/user22/1-2-2,IR/34_Sit_down/user22/1-2-2,,Skeleton/34_Sit_down/user22/1-2-2,IMU/34_Sit_down/user22/1-2-2,Radar/34_Sit_down/user22/1-2-2,1
34_Sit_down/user22/1-2-3,34_Sit_down,34,user22,1-2-3,Depth_Color/34_Sit_down/user22/1-2-3,IR/34_Sit_down/user22/1-2-3,,Skeleton/34_Sit_down/user22/1-2-3,IMU/34_Sit_down/user22/1-2-3,Radar/34_Sit_down/user22/1-2-3,1
34_Sit_down/user22/4-3-1,34_Sit_down,34,user22,4-3-1,Depth_Color/34_Sit_down/user22/4-3-1,IR/34_Sit_down/user22/4-3-1,Thermal/34_Sit_down/user22/4-3-1,Skeleton/34_Sit_down/user22/4-3-1,IMU/34_Sit_down/user22/4-3-1,Radar/34_Sit_down/user22/4-3-1,1
34_Sit_down/user22/4-3-2,34_Sit_down,34,user22,4-3-2,Depth_Color/34_Sit_down/user22/4-3-2,IR/34_Sit_down/user22/4-3-2,Thermal/34_Sit_down/user22/4-3-2,Skeleton/34_Sit_down/user22/4-3-2,,Radar/34_Sit_down/user22/4-3-2,1
34_Sit_down/user22/4-3-3,34_Sit_down,34,user22,4-3-3,Depth_Color/34_Sit_down/user22/4-3-3,IR/34_Sit_down/user22/4-3-3,Thermal/34_Sit_down/user22/4-3-3,Skeleton/34_Sit_down/user22/4-3-3,IMU/34_Sit_down/user22/4-3-3,Radar/34_Sit_down/user22/4-3-3,1
34_Sit_down/user22/5-2-1,34_Sit_down,34,user22,5-2-1,Depth_Color/34_Sit_down/user22/5-2-1,IR/34_Sit_down/user22/5-2-1,Thermal/34_Sit_down/user22/5-2-1,Skeleton/34_Sit_down/user22/5-2-1,IMU/34_Sit_down/user22/5-2-1,Radar/34_Sit_down/user22/5-2-1,1
34_Sit_down/user22/5-2-2,34_Sit_down,34,user22,5-2-2,Depth_Color/34_Sit_down/user22/5-2-2,IR/34_Sit_down/user22/5-2-2,Thermal/34_Sit_down/user22/5-2-2,Skeleton/34_Sit_down/user22/5-2-2,IMU/34_Sit_down/user22/5-2-2,Radar/34_Sit_down/user22/5-2-2,1
34_Sit_down/user22/5-2-3,34_Sit_down,34,user22,5-2-3,Depth_Color/34_Sit_down/user22/5-2-3,IR/34_Sit_down/user22/5-2-3,Thermal/34_Sit_down/user22/5-2-3,Skeleton/34_Sit_down/user22/5-2-3,IMU/34_Sit_down/user22/5-2-3,Radar/34_Sit_down/user22/5-2-3,1
34_Sit_down/user22/6-2-1,34_Sit_down,34,user22,6-2-1,Depth_Color/34_Sit_down/user22/6-2-1,IR/34_Sit_down/user22/6-2-1,Thermal/34_Sit_down/user22/6-2-1,Skeleton/34_Sit_down/user22/6-2-1,IMU/34_Sit_down/user22/6-2-1,Radar/34_Sit_down/user22/6-2-1,1
34_Sit_down/user22/6-2-2,34_Sit_down,34,user22,6-2-2,Depth_Color/34_Sit_down/user22/6-2-2,IR/34_Sit_down/user22/6-2-2,Thermal/34_Sit_down/user22/6-2-2,Skeleton/34_Sit_down/user22/6-2-2,IMU/34_Sit_down/user22/6-2-2,Radar/34_Sit_down/user22/6-2-2,1
34_Sit_down/user22/6-2-3,34_Sit_down,34,user22,6-2-3,Depth_Color/34_Sit_down/user22/6-2-3,IR/34_Sit_down/user22/6-2-3,Thermal/34_Sit_down/user22/6-2-3,Skeleton/34_Sit_down/user22/6-2-3,IMU/34_Sit_down/user22/6-2-3,Radar/34_Sit_down/user22/6-2-3,1
34_Sit_down/user22/7-1-1,34_Sit_down,34,user22,7-1-1,Depth_Color/34_Sit_down/user22/7-1-1,IR/34_Sit_down/user22/7-1-1,Thermal/34_Sit_down/user22/7-1-1,Skeleton/34_Sit_down/user22/7-1-1,IMU/34_Sit_down/user22/7-1-1,Radar/34_Sit_down/user22/7-1-1,1
34_Sit_down/user22/7-1-2,34_Sit_down,34,user22,7-1-2,Depth_Color/34_Sit_down/user22/7-1-2,IR/34_Sit_down/user22/7-1-2,Thermal/34_Sit_down/user22/7-1-2,Skeleton/34_Sit_down/user22/7-1-2,IMU/34_Sit_down/user22/7-1-2,Radar/34_Sit_down/user22/7-1-2,1
34_Sit_down/user22/7-1-3,34_Sit_down,34,user22,7-1-3,Depth_Color/34_Sit_down/user22/7-1-3,IR/34_Sit_down/user22/7-1-3,Thermal/34_Sit_down/user22/7-1-3,Skeleton/34_Sit_down/user22/7-1-3,IMU/34_Sit_down/user22/7-1-3,Radar/34_Sit_down/user22/7-1-3,1
34_Sit_down/user23/3-2-2,34_Sit_down,34,user23,3-2-2,Depth_Color/34_Sit_down/user23/3-2-2,IR/34_Sit_down/user23/3-2-2,Thermal/34_Sit_down/user23/3-2-2,Skeleton/34_Sit_down/user23/3-2-2,IMU/34_Sit_down/user23/3-2-2,Radar/34_Sit_down/user23/3-2-2,0
34_Sit_down/user23/7-3-1,34_Sit_down,34,user23,7-3-1,Depth_Color/34_Sit_down/user23/7-3-1,IR/34_Sit_down/user23/7-3-1,Thermal/34_Sit_down/user23/7-3-1,Skeleton/34_Sit_down/user23/7-3-1,IMU/34_Sit_down/user23/7-3-1,Radar/34_Sit_down/user23/7-3-1,0
34_Sit_down/user23/7-3-2,34_Sit_down,34,user23,7-3-2,Depth_Color/34_Sit_down/user23/7-3-2,IR/34_Sit_down/user23/7-3-2,Thermal/34_Sit_down/user23/7-3-2,Skeleton/34_Sit_down/user23/7-3-2,IMU/34_Sit_down/user23/7-3-2,Radar/34_Sit_down/user23/7-3-2,0
34_Sit_down/user23/7-3-3,34_Sit_down,34,user23,7-3-3,Depth_Color/34_Sit_down/user23/7-3-3,IR/34_Sit_down/user23/7-3-3,Thermal/34_Sit_down/user23/7-3-3,Skeleton/34_Sit_down/user23/7-3-3,IMU/34_Sit_down/user23/7-3-3,Radar/34_Sit_down/user23/7-3-3,0
34_Sit_down/user24/4-1-1,34_Sit_down,34,user24,4-1-1,Depth_Color/34_Sit_down/user24/4-1-1,IR/34_Sit_down/user24/4-1-1,Thermal/34_Sit_down/user24/4-1-1,Skeleton/34_Sit_down/user24/4-1-1,IMU/34_Sit_down/user24/4-1-1,Radar/34_Sit_down/user24/4-1-1,2
34_Sit_down/user24/4-1-2,34_Sit_down,34,user24,4-1-2,Depth_Color/34_Sit_down/user24/4-1-2,IR/34_Sit_down/user24/4-1-2,Thermal/34_Sit_down/user24/4-1-2,Skeleton/34_Sit_down/user24/4-1-2,IMU/34_Sit_down/user24/4-1-2,Radar/34_Sit_down/user24/4-1-2,2
34_Sit_down/user24/4-1-3,34_Sit_down,34,user24,4-1-3,Depth_Color/34_Sit_down/user24/4-1-3,IR/34_Sit_down/user24/4-1-3,Thermal/34_Sit_down/user24/4-1-3,Skeleton/34_Sit_down/user24/4-1-3,IMU/34_Sit_down/user24/4-1-3,Radar/34_Sit_down/user24/4-1-3,2
34_Sit_down/user24/5-1-1,34_Sit_down,34,user24,5-1-1,Depth_Color/34_Sit_down/user24/5-1-1,IR/34_Sit_down/user24/5-1-1,Thermal/34_Sit_down/user24/5-1-1,Skeleton/34_Sit_down/user24/5-1-1,IMU/34_Sit_down/user24/5-1-1,Radar/34_Sit_down/user24/5-1-1,2
34_Sit_down/user24/5-1-2,34_Sit_down,34,user24,5-1-2,Depth_Color/34_Sit_down/user24/5-1-2,IR/34_Sit_down/user24/5-1-2,Thermal/34_Sit_down/user24/5-1-2,Skeleton/34_Sit_down/user24/5-1-2,IMU/34_Sit_down/user24/5-1-2,Radar/34_Sit_down/user24/5-1-2,2
34_Sit_down/user24/5-1-3,34_Sit_down,34,user24,5-1-3,Depth_Color/34_Sit_down/user24/5-1-3,IR/34_Sit_down/user24/5-1-3,Thermal/34_Sit_down/user24/5-1-3,Skeleton/34_Sit_down/user24/5-1-3,IMU/34_Sit_down/user24/5-1-3,Radar/34_Sit_down/user24/5-1-3,2
34_Sit_down/user24/5-3-1,34_Sit_down,34,user24,5-3-1,Depth_Color/34_Sit_down/user24/5-3-1,IR/34_Sit_down/user24/5-3-1,Thermal/34_Sit_down/user24/5-3-1,Skeleton/34_Sit_down/user24/5-3-1,IMU/34_Sit_down/user24/5-3-1,Radar/34_Sit_down/user24/5-3-1,2
34_Sit_down/user24/5-3-2,34_Sit_down,34,user24,5-3-2,Depth_Color/34_Sit_down/user24/5-3-2,IR/34_Sit_down/user24/5-3-2,Thermal/34_Sit_down/user24/5-3-2,Skeleton/34_Sit_down/user24/5-3-2,IMU/34_Sit_down/user24/5-3-2,Radar/34_Sit_down/user24/5-3-2,2
34_Sit_down/user24/5-3-3,34_Sit_down,34,user24,5-3-3,Depth_Color/34_Sit_down/user24/5-3-3,IR/34_Sit_down/user24/5-3-3,Thermal/34_Sit_down/user24/5-3-3,Skeleton/34_Sit_down/user24/5-3-3,IMU/34_Sit_down/user24/5-3-3,Radar/34_Sit_down/user24/5-3-3,2
34_Sit_down/user24/7-2-1,34_Sit_down,34,user24,7-2-1,Depth_Color/34_Sit_down/user24/7-2-1,IR/34_Sit_down/user24/7-2-1,Thermal/34_Sit_down/user24/7-2-1,Skeleton/34_Sit_down/user24/7-2-1,IMU/34_Sit_down/user24/7-2-1,Radar/34_Sit_down/user24/7-2-1,2
34_Sit_down/user24/7-2-2,34_Sit_down,34,user24,7-2-2,Depth_Color/34_Sit_down/user24/7-2-2,IR/34_Sit_down/user24/7-2-2,Thermal/34_Sit_down/user24/7-2-2,Skeleton/34_Sit_down/user24/7-2-2,IMU/34_Sit_down/user24/7-2-2,Radar/34_Sit_down/user24/7-2-2,2
34_Sit_down/user24/7-2-3,34_Sit_down,34,user24,7-2-3,Depth_Color/34_Sit_down/user24/7-2-3,IR/34_Sit_down/user24/7-2-3,Thermal/34_Sit_down/user24/7-2-3,Skeleton/34_Sit_down/user24/7-2-3,IMU/34_Sit_down/user24/7-2-3,Radar/34_Sit_down/user24/7-2-3,2
34_Sit_down/user3/3-2-1,34_Sit_down,34,user3,3-2-1,Depth_Color/34_Sit_down/user3/3-2-1,IR/34_Sit_down/user3/3-2-1,Thermal/34_Sit_down/user3/3-2-1,Skeleton/34_Sit_down/user3/3-2-1,IMU/34_Sit_down/user3/3-2-1,Radar/34_Sit_down/user3/3-2-1,2
34_Sit_down/user3/3-2-2,34_Sit_down,34,user3,3-2-2,Depth_Color/34_Sit_down/user3/3-2-2,IR/34_Sit_down/user3/3-2-2,Thermal/34_Sit_down/user3/3-2-2,Skeleton/34_Sit_down/user3/3-2-2,IMU/34_Sit_down/user3/3-2-2,Radar/34_Sit_down/user3/3-2-2,2
34_Sit_down/user3/3-2-3,34_Sit_down,34,user3,3-2-3,Depth_Color/34_Sit_down/user3/3-2-3,IR/34_Sit_down/user3/3-2-3,Thermal/34_Sit_down/user3/3-2-3,Skeleton/34_Sit_down/user3/3-2-3,IMU/34_Sit_down/user3/3-2-3,Radar/34_Sit_down/user3/3-2-3,2
34_Sit_down/user3/5-2-1,34_Sit_down,34,user3,5-2-1,Depth_Color/34_Sit_down/user3/5-2-1,IR/34_Sit_down/user3/5-2-1,Thermal/34_Sit_down/user3/5-2-1,Skeleton/34_Sit_down/user3/5-2-1,IMU/34_Sit_down/user3/5-2-1,Radar/34_Sit_down/user3/5-2-1,2
34_Sit_down/user3/5-2-2,34_Sit_down,34,user3,5-2-2,Depth_Color/34_Sit_down/user3/5-2-2,IR/34_Sit_down/user3/5-2-2,Thermal/34_Sit_down/user3/5-2-2,Skeleton/34_Sit_down/user3/5-2-2,IMU/34_Sit_down/user3/5-2-2,Radar/34_Sit_down/user3/5-2-2,2
34_Sit_down/user3/5-2-3,34_Sit_down,34,user3,5-2-3,Depth_Color/34_Sit_down/user3/5-2-3,IR/34_Sit_down/user3/5-2-3,Thermal/34_Sit_down/user3/5-2-3,Skeleton/34_Sit_down/user3/5-2-3,IMU/34_Sit_down/user3/5-2-3,Radar/34_Sit_down/user3/5-2-3,2
34_Sit_down/user3/6-2-2,34_Sit_down,34,user3,6-2-2,Depth_Color/34_Sit_down/user3/6-2-2,IR/34_Sit_down/user3/6-2-2,Thermal/34_Sit_down/user3/6-2-2,Skeleton/34_Sit_down/user3/6-2-2,IMU/34_Sit_down/user3/6-2-2,Radar/34_Sit_down/user3/6-2-2,2
34_Sit_down/user4/7-2-1,34_Sit_down,34,user4,7-2-1,Depth_Color/34_Sit_down/user4/7-2-1,IR/34_Sit_down/user4/7-2-1,Thermal/34_Sit_down/user4/7-2-1,Skeleton/34_Sit_down/user4/7-2-1,IMU/34_Sit_down/user4/7-2-1,Radar/34_Sit_down/user4/7-2-1,1
34_Sit_down/user4/7-2-2,34_Sit_down,34,user4,7-2-2,Depth_Color/34_Sit_down/user4/7-2-2,IR/34_Sit_down/user4/7-2-2,Thermal/34_Sit_down/user4/7-2-2,Skeleton/34_Sit_down/user4/7-2-2,IMU/34_Sit_down/user4/7-2-2,Radar/34_Sit_down/user4/7-2-2,1
34_Sit_down/user4/7-2-3,34_Sit_down,34,user4,7-2-3,Depth_Color/34_Sit_down/user4/7-2-3,IR/34_Sit_down/user4/7-2-3,Thermal/34_Sit_down/user4/7-2-3,Skeleton/34_Sit_down/user4/7-2-3,IMU/34_Sit_down/user4/7-2-3,Radar/34_Sit_down/user4/7-2-3,1
34_Sit_down/user5/3-1-1,34_Sit_down,34,user5,3-1-1,Depth_Color/34_Sit_down/user5/3-1-1,IR/34_Sit_down/user5/3-1-1,Thermal/34_Sit_down/user5/3-1-1,Skeleton/34_Sit_down/user5/3-1-1,IMU/34_Sit_down/user5/3-1-1,Radar/34_Sit_down/user5/3-1-1,2
34_Sit_down/user5/3-1-2,34_Sit_down,34,user5,3-1-2,Depth_Color/34_Sit_down/user5/3-1-2,IR/34_Sit_down/user5/3-1-2,Thermal/34_Sit_down/user5/3-1-2,Skeleton/34_Sit_down/user5/3-1-2,IMU/34_Sit_down/user5/3-1-2,Radar/34_Sit_down/user5/3-1-2,2
34_Sit_down/user5/3-1-3,34_Sit_down,34,user5,3-1-3,Depth_Color/34_Sit_down/user5/3-1-3,IR/34_Sit_down/user5/3-1-3,Thermal/34_Sit_down/user5/3-1-3,Skeleton/34_Sit_down/user5/3-1-3,IMU/34_Sit_down/user5/3-1-3,Radar/34_Sit_down/user5/3-1-3,2
34_Sit_down/user5/7-1-1,34_Sit_down,34,user5,7-1-1,Depth_Color/34_Sit_down/user5/7-1-1,IR/34_Sit_down/user5/7-1-1,Thermal/34_Sit_down/user5/7-1-1,Skeleton/34_Sit_down/user5/7-1-1,IMU/34_Sit_down/user5/7-1-1,Radar/34_Sit_down/user5/7-1-1,2
34_Sit_down/user5/7-1-2,34_Sit_down,34,user5,7-1-2,Depth_Color/34_Sit_down/user5/7-1-2,IR/34_Sit_down/user5/7-1-2,Thermal/34_Sit_down/user5/7-1-2,Skeleton/34_Sit_down/user5/7-1-2,IMU/34_Sit_down/user5/7-1-2,Radar/34_Sit_down/user5/7-1-2,2
34_Sit_down/user5/7-1-3,34_Sit_down,34,user5,7-1-3,Depth_Color/34_Sit_down/user5/7-1-3,IR/34_Sit_down/user5/7-1-3,Thermal/34_Sit_down/user5/7-1-3,Skeleton/34_Sit_down/user5/7-1-3,IMU/34_Sit_down/user5/7-1-3,Radar/34_Sit_down/user5/7-1-3,2
34_Sit_down/user6/4-1-1,34_Sit_down,34,user6,4-1-1,Depth_Color/34_Sit_down/user6/4-1-1,IR/34_Sit_down/user6/4-1-1,Thermal/34_Sit_down/user6/4-1-1,Skeleton/34_Sit_down/user6/4-1-1,IMU/34_Sit_down/user6/4-1-1,Radar/34_Sit_down/user6/4-1-1,1
34_Sit_down/user6/4-1-2,34_Sit_down,34,user6,4-1-2,Depth_Color/34_Sit_down/user6/4-1-2,IR/34_Sit_down/user6/4-1-2,Thermal/34_Sit_down/user6/4-1-2,Skeleton/34_Sit_down/user6/4-1-2,IMU/34_Sit_down/user6/4-1-2,Radar/34_Sit_down/user6/4-1-2,1
34_Sit_down/user6/4-1-3,34_Sit_down,34,user6,4-1-3,Depth_Color/34_Sit_down/user6/4-1-3,IR/34_Sit_down/user6/4-1-3,Thermal/34_Sit_down/user6/4-1-3,Skeleton/34_Sit_down/user6/4-1-3,IMU/34_Sit_down/user6/4-1-3,Radar/34_Sit_down/user6/4-1-3,1
34_Sit_down/user6/5-1-2,34_Sit_down,34,user6,5-1-2,Depth_Color/34_Sit_down/user6/5-1-2,IR/34_Sit_down/user6/5-1-2,Thermal/34_Sit_down/user6/5-1-2,Skeleton/34_Sit_down/user6/5-1-2,IMU/34_Sit_down/user6/5-1-2,Radar/34_Sit_down/user6/5-1-2,1
34_Sit_down/user6/5-3-1,34_Sit_down,34,user6,5-3-1,Depth_Color/34_Sit_down/user6/5-3-1,IR/34_Sit_down/user6/5-3-1,Thermal/34_Sit_down/user6/5-3-1,Skeleton/34_Sit_down/user6/5-3-1,IMU/34_Sit_down/user6/5-3-1,Radar/34_Sit_down/user6/5-3-1,1
34_Sit_down/user6/5-3-2,34_Sit_down,34,user6,5-3-2,Depth_Color/34_Sit_down/user6/5-3-2,IR/34_Sit_down/user6/5-3-2,Thermal/34_Sit_down/user6/5-3-2,Skeleton/34_Sit_down/user6/5-3-2,IMU/34_Sit_down/user6/5-3-2,Radar/34_Sit_down/user6/5-3-2,1
34_Sit_down/user6/5-3-3,34_Sit_down,34,user6,5-3-3,Depth_Color/34_Sit_down/user6/5-3-3,IR/34_Sit_down/user6/5-3-3,Thermal/34_Sit_down/user6/5-3-3,Skeleton/34_Sit_down/user6/5-3-3,IMU/34_Sit_down/user6/5-3-3,Radar/34_Sit_down/user6/5-3-3,1
34_Sit_down/user6/7-1-1,34_Sit_down,34,user6,7-1-1,Depth_Color/34_Sit_down/user6/7-1-1,IR/34_Sit_down/user6/7-1-1,Thermal/34_Sit_down/user6/7-1-1,Skeleton/34_Sit_down/user6/7-1-1,IMU/34_Sit_down/user6/7-1-1,Radar/34_Sit_down/user6/7-1-1,1
34_Sit_down/user6/7-1-2,34_Sit_down,34,user6,7-1-2,Depth_Color/34_Sit_down/user6/7-1-2,IR/34_Sit_down/user6/7-1-2,Thermal/34_Sit_down/user6/7-1-2,Skeleton/34_Sit_down/user6/7-1-2,IMU/34_Sit_down/user6/7-1-2,Radar/34_Sit_down/user6/7-1-2,1
34_Sit_down/user6/7-1-3,34_Sit_down,34,user6,7-1-3,Depth_Color/34_Sit_down/user6/7-1-3,IR/34_Sit_down/user6/7-1-3,Thermal/34_Sit_down/user6/7-1-3,Skeleton/34_Sit_down/user6/7-1-3,IMU/34_Sit_down/user6/7-1-3,Radar/34_Sit_down/user6/7-1-3,1
34_Sit_down/user6/7-3-1,34_Sit_down,34,user6,7-3-1,Depth_Color/34_Sit_down/user6/7-3-1,IR/34_Sit_down/user6/7-3-1,Thermal/34_Sit_down/user6/7-3-1,Skeleton/34_Sit_down/user6/7-3-1,IMU/34_Sit_down/user6/7-3-1,Radar/34_Sit_down/user6/7-3-1,1
34_Sit_down/user6/7-3-2,34_Sit_down,34,user6,7-3-2,Depth_Color/34_Sit_down/user6/7-3-2,IR/34_Sit_down/user6/7-3-2,Thermal/34_Sit_down/user6/7-3-2,Skeleton/34_Sit_down/user6/7-3-2,IMU/34_Sit_down/user6/7-3-2,Radar/34_Sit_down/user6/7-3-2,1
34_Sit_down/user6/7-3-3,34_Sit_down,34,user6,7-3-3,Depth_Color/34_Sit_down/user6/7-3-3,IR/34_Sit_down/user6/7-3-3,Thermal/34_Sit_down/user6/7-3-3,Skeleton/34_Sit_down/user6/7-3-3,IMU/34_Sit_down/user6/7-3-3,Radar/34_Sit_down/user6/7-3-3,1
34_Sit_down/user7/1-2-1,34_Sit_down,34,user7,1-2-1,Depth_Color/34_Sit_down/user7/1-2-1,IR/34_Sit_down/user7/1-2-1,Thermal/34_Sit_down/user7/1-2-1,Skeleton/34_Sit_down/user7/1-2-1,IMU/34_Sit_down/user7/1-2-1,Radar/34_Sit_down/user7/1-2-1,0
34_Sit_down/user7/1-2-2,34_Sit_down,34,user7,1-2-2,Depth_Color/34_Sit_down/user7/1-2-2,IR/34_Sit_down/user7/1-2-2,Thermal/34_Sit_down/user7/1-2-2,Skeleton/34_Sit_down/user7/1-2-2,IMU/34_Sit_down/user7/1-2-2,Radar/34_Sit_down/user7/1-2-2,0
34_Sit_down/user7/1-2-3,34_Sit_down,34,user7,1-2-3,Depth_Color/34_Sit_down/user7/1-2-3,IR/34_Sit_down/user7/1-2-3,Thermal/34_Sit_down/user7/1-2-3,Skeleton/34_Sit_down/user7/1-2-3,IMU/34_Sit_down/user7/1-2-3,Radar/34_Sit_down/user7/1-2-3,0
34_Sit_down/user7/2-2-1,34_Sit_down,34,user7,2-2-1,Depth_Color/34_Sit_down/user7/2-2-1,IR/34_Sit_down/user7/2-2-1,Thermal/34_Sit_down/user7/2-2-1,Skeleton/34_Sit_down/user7/2-2-1,IMU/34_Sit_down/user7/2-2-1,Radar/34_Sit_down/user7/2-2-1,0
34_Sit_down/user7/2-2-2,34_Sit_down,34,user7,2-2-2,Depth_Color/34_Sit_down/user7/2-2-2,IR/34_Sit_down/user7/2-2-2,Thermal/34_Sit_down/user7/2-2-2,Skeleton/34_Sit_down/user7/2-2-2,IMU/34_Sit_down/user7/2-2-2,Radar/34_Sit_down/user7/2-2-2,0
34_Sit_down/user7/2-2-3,34_Sit_down,34,user7,2-2-3,Depth_Color/34_Sit_down/user7/2-2-3,IR/34_Sit_down/user7/2-2-3,Thermal/34_Sit_down/user7/2-2-3,Skeleton/34_Sit_down/user7/2-2-3,IMU/34_Sit_down/user7/2-2-3,Radar/34_Sit_down/user7/2-2-3,0
34_Sit_down/user7/4-1-1,34_Sit_down,34,user7,4-1-1,Depth_Color/34_Sit_down/user7/4-1-1,IR/34_Sit_down/user7/4-1-1,Thermal/34_Sit_down/user7/4-1-1,Skeleton/34_Sit_down/user7/4-1-1,IMU/34_Sit_down/user7/4-1-1,Radar/34_Sit_down/user7/4-1-1,0
34_Sit_down/user7/4-1-2,34_Sit_down,34,user7,4-1-2,Depth_Color/34_Sit_down/user7/4-1-2,IR/34_Sit_down/user7/4-1-2,Thermal/34_Sit_down/user7/4-1-2,Skeleton/34_Sit_down/user7/4-1-2,IMU/34_Sit_down/user7/4-1-2,Radar/34_Sit_down/user7/4-1-2,0
34_Sit_down/user7/4-1-3,34_Sit_down,34,user7,4-1-3,Depth_Color/34_Sit_down/user7/4-1-3,IR/34_Sit_down/user7/4-1-3,Thermal/34_Sit_down/user7/4-1-3,Skeleton/34_Sit_down/user7/4-1-3,IMU/34_Sit_down/user7/4-1-3,Radar/34_Sit_down/user7/4-1-3,0
34_Sit_down/user7/5-3-1,34_Sit_down,34,user7,5-3-1,Depth_Color/34_Sit_down/user7/5-3-1,IR/34_Sit_down/user7/5-3-1,Thermal/34_Sit_down/user7/5-3-1,Skeleton/34_Sit_down/user7/5-3-1,IMU/34_Sit_down/user7/5-3-1,Radar/34_Sit_down/user7/5-3-1,0
34_Sit_down/user7/5-3-2,34_Sit_down,34,user7,5-3-2,Depth_Color/34_Sit_down/user7/5-3-2,IR/34_Sit_down/user7/5-3-2,Thermal/34_Sit_down/user7/5-3-2,Skeleton/34_Sit_down/user7/5-3-2,IMU/34_Sit_down/user7/5-3-2,Radar/34_Sit_down/user7/5-3-2,0
34_Sit_down/user7/5-3-3,34_Sit_down,34,user7,5-3-3,Depth_Color/34_Sit_down/user7/5-3-3,IR/34_Sit_down/user7/5-3-3,Thermal/34_Sit_down/user7/5-3-3,Skeleton/34_Sit_down/user7/5-3-3,IMU/34_Sit_down/user7/5-3-3,Radar/34_Sit_down/user7/5-3-3,0
34_Sit_down/user7/6-3-1,34_Sit_down,34,user7,6-3-1,Depth_Color/34_Sit_down/user7/6-3-1,IR/34_Sit_down/user7/6-3-1,Thermal/34_Sit_down/user7/6-3-1,Skeleton/34_Sit_down/user7/6-3-1,IMU/34_Sit_down/user7/6-3-1,Radar/34_Sit_down/user7/6-3-1,0
34_Sit_down/user7/6-3-3,34_Sit_down,34,user7,6-3-3,Depth_Color/34_Sit_down/user7/6-3-3,IR/34_Sit_down/user7/6-3-3,Thermal/34_Sit_down/user7/6-3-3,Skeleton/34_Sit_down/user7/6-3-3,IMU/34_Sit_down/user7/6-3-3,Radar/34_Sit_down/user7/6-3-3,0
34_Sit_down/user7/7-1-1,34_Sit_down,34,user7,7-1-1,Depth_Color/34_Sit_down/user7/7-1-1,IR/34_Sit_down/user7/7-1-1,Thermal/34_Sit_down/user7/7-1-1,Skeleton/34_Sit_down/user7/7-1-1,IMU/34_Sit_down/user7/7-1-1,Radar/34_Sit_down/user7/7-1-1,0
34_Sit_down/user7/7-1-2,34_Sit_down,34,user7,7-1-2,Depth_Color/34_Sit_down/user7/7-1-2,IR/34_Sit_down/user7/7-1-2,Thermal/34_Sit_down/user7/7-1-2,Skeleton/34_Sit_down/user7/7-1-2,IMU/34_Sit_down/user7/7-1-2,Radar/34_Sit_down/user7/7-1-2,0
34_Sit_down/user7/7-1-3,34_Sit_down,34,user7,7-1-3,Depth_Color/34_Sit_down/user7/7-1-3,IR/34_Sit_down/user7/7-1-3,Thermal/34_Sit_down/user7/7-1-3,Skeleton/34_Sit_down/user7/7-1-3,IMU/34_Sit_down/user7/7-1-3,Radar/34_Sit_down/user7/7-1-3,0
34_Sit_down/user8/4-1-1,34_Sit_down,34,user8,4-1-1,Depth_Color/34_Sit_down/user8/4-1-1,IR/34_Sit_down/user8/4-1-1,Thermal/34_Sit_down/user8/4-1-1,Skeleton/34_Sit_down/user8/4-1-1,IMU/34_Sit_down/user8/4-1-1,Radar/34_Sit_down/user8/4-1-1,2
34_Sit_down/user8/4-1-2,34_Sit_down,34,user8,4-1-2,Depth_Color/34_Sit_down/user8/4-1-2,IR/34_Sit_down/user8/4-1-2,Thermal/34_Sit_down/user8/4-1-2,Skeleton/34_Sit_down/user8/4-1-2,IMU/34_Sit_down/user8/4-1-2,Radar/34_Sit_down/user8/4-1-2,2
34_Sit_down/user8/4-1-3,34_Sit_down,34,user8,4-1-3,Depth_Color/34_Sit_down/user8/4-1-3,IR/34_Sit_down/user8/4-1-3,Thermal/34_Sit_down/user8/4-1-3,Skeleton/34_Sit_down/user8/4-1-3,IMU/34_Sit_down/user8/4-1-3,Radar/34_Sit_down/user8/4-1-3,2
34_Sit_down/user8/5-1-1,34_Sit_down,34,user8,5-1-1,Depth_Color/34_Sit_down/user8/5-1-1,IR/34_Sit_down/user8/5-1-1,Thermal/34_Sit_down/user8/5-1-1,Skeleton/34_Sit_down/user8/5-1-1,IMU/34_Sit_down/user8/5-1-1,Radar/34_Sit_down/user8/5-1-1,2
34_Sit_down/user8/5-1-2,34_Sit_down,34,user8,5-1-2,Depth_Color/34_Sit_down/user8/5-1-2,IR/34_Sit_down/user8/5-1-2,Thermal/34_Sit_down/user8/5-1-2,Skeleton/34_Sit_down/user8/5-1-2,IMU/34_Sit_down/user8/5-1-2,Radar/34_Sit_down/user8/5-1-2,2
34_Sit_down/user8/5-1-3,34_Sit_down,34,user8,5-1-3,Depth_Color/34_Sit_down/user8/5-1-3,IR/34_Sit_down/user8/5-1-3,Thermal/34_Sit_down/user8/5-1-3,Skeleton/34_Sit_down/user8/5-1-3,IMU/34_Sit_down/user8/5-1-3,Radar/34_Sit_down/user8/5-1-3,2
34_Sit_down/user9/1-2-1,34_Sit_down,34,user9,1-2-1,Depth_Color/34_Sit_down/user9/1-2-1,IR/34_Sit_down/user9/1-2-1,Thermal/34_Sit_down/user9/1-2-1,Skeleton/34_Sit_down/user9/1-2-1,IMU/34_Sit_down/user9/1-2-1,Radar/34_Sit_down/user9/1-2-1,1
34_Sit_down/user9/1-2-2,34_Sit_down,34,user9,1-2-2,Depth_Color/34_Sit_down/user9/1-2-2,IR/34_Sit_down/user9/1-2-2,Thermal/34_Sit_down/user9/1-2-2,Skeleton/34_Sit_down/user9/1-2-2,IMU/34_Sit_down/user9/1-2-2,Radar/34_Sit_down/user9/1-2-2,1
34_Sit_down/user9/1-2-3,34_Sit_down,34,user9,1-2-3,Depth_Color/34_Sit_down/user9/1-2-3,IR/34_Sit_down/user9/1-2-3,Thermal/34_Sit_down/user9/1-2-3,Skeleton/34_Sit_down/user9/1-2-3,IMU/34_Sit_down/user9/1-2-3,Radar/34_Sit_down/user9/1-2-3,1
34_Sit_down/user9/5-3-1,34_Sit_down,34,user9,5-3-1,Depth_Color/34_Sit_down/user9/5-3-1,IR/34_Sit_down/user9/5-3-1,Thermal/34_Sit_down/user9/5-3-1,Skeleton/34_Sit_down/user9/5-3-1,IMU/34_Sit_down/user9/5-3-1,Radar/34_Sit_down/user9/5-3-1,1
34_Sit_down/user9/5-3-2,34_Sit_down,34,user9,5-3-2,Depth_Color/34_Sit_down/user9/5-3-2,IR/34_Sit_down/user9/5-3-2,Thermal/34_Sit_down/user9/5-3-2,Skeleton/34_Sit_down/user9/5-3-2,IMU/34_Sit_down/user9/5-3-2,Radar/34_Sit_down/user9/5-3-2,1
34_Sit_down/user9/5-3-3,34_Sit_down,34,user9,5-3-3,Depth_Color/34_Sit_down/user9/5-3-3,IR/34_Sit_down/user9/5-3-3,Thermal/34_Sit_down/user9/5-3-3,Skeleton/34_Sit_down/user9/5-3-3,IMU/34_Sit_down/user9/5-3-3,Radar/34_Sit_down/user9/5-3-3,1
34_Sit_down/user9/6-1-1,34_Sit_down,34,user9,6-1-1,Depth_Color/34_Sit_down/user9/6-1-1,IR/34_Sit_down/user9/6-1-1,Thermal/34_Sit_down/user9/6-1-1,Skeleton/34_Sit_down/user9/6-1-1,IMU/34_Sit_down/user9/6-1-1,Radar/34_Sit_down/user9/6-1-1,1
34_Sit_down/user9/6-1-2,34_Sit_down,34,user9,6-1-2,Depth_Color/34_Sit_down/user9/6-1-2,IR/34_Sit_down/user9/6-1-2,Thermal/34_Sit_down/user9/6-1-2,Skeleton/34_Sit_down/user9/6-1-2,IMU/34_Sit_down/user9/6-1-2,Radar/34_Sit_down/user9/6-1-2,1
34_Sit_down/user9/6-1-3,34_Sit_down,34,user9,6-1-3,Depth_Color/34_Sit_down/user9/6-1-3,IR/34_Sit_down/user9/6-1-3,Thermal/34_Sit_down/user9/6-1-3,Skeleton/34_Sit_down/user9/6-1-3,IMU/34_Sit_down/user9/6-1-3,Radar/34_Sit_down/user9/6-1-3,1
35_Do_lunges/user1/3-2-1,35_Do_lunges,35,user1,3-2-1,Depth_Color/35_Do_lunges/user1/3-2-1,IR/35_Do_lunges/user1/3-2-1,Thermal/35_Do_lunges/user1/3-2-1,Skeleton/35_Do_lunges/user1/3-2-1,IMU/35_Do_lunges/user1/3-2-1,Radar/35_Do_lunges/user1/3-2-1,1
35_Do_lunges/user1/3-2-2,35_Do_lunges,35,user1,3-2-2,Depth_Color/35_Do_lunges/user1/3-2-2,IR/35_Do_lunges/user1/3-2-2,Thermal/35_Do_lunges/user1/3-2-2,Skeleton/35_Do_lunges/user1/3-2-2,IMU/35_Do_lunges/user1/3-2-2,Radar/35_Do_lunges/user1/3-2-2,1
35_Do_lunges/user1/3-2-3,35_Do_lunges,35,user1,3-2-3,Depth_Color/35_Do_lunges/user1/3-2-3,IR/35_Do_lunges/user1/3-2-3,Thermal/35_Do_lunges/user1/3-2-3,Skeleton/35_Do_lunges/user1/3-2-3,IMU/35_Do_lunges/user1/3-2-3,Radar/35_Do_lunges/user1/3-2-3,1
35_Do_lunges/user16/6-1-1,35_Do_lunges,35,user16,6-1-1,Depth_Color/35_Do_lunges/user16/6-1-1,IR/35_Do_lunges/user16/6-1-1,Thermal/35_Do_lunges/user16/6-1-1,Skeleton/35_Do_lunges/user16/6-1-1,IMU/35_Do_lunges/user16/6-1-1,Radar/35_Do_lunges/user16/6-1-1,0
35_Do_lunges/user16/6-1-2,35_Do_lunges,35,user16,6-1-2,Depth_Color/35_Do_lunges/user16/6-1-2,IR/35_Do_lunges/user16/6-1-2,Thermal/35_Do_lunges/user16/6-1-2,Skeleton/35_Do_lunges/user16/6-1-2,IMU/35_Do_lunges/user16/6-1-2,Radar/35_Do_lunges/user16/6-1-2,0
35_Do_lunges/user16/6-1-3,35_Do_lunges,35,user16,6-1-3,Depth_Color/35_Do_lunges/user16/6-1-3,IR/35_Do_lunges/user16/6-1-3,Thermal/35_Do_lunges/user16/6-1-3,Skeleton/35_Do_lunges/user16/6-1-3,IMU/35_Do_lunges/user16/6-1-3,Radar/35_Do_lunges/user16/6-1-3,0
35_Do_lunges/user18/5-1-1,35_Do_lunges,35,user18,5-1-1,Depth_Color/35_Do_lunges/user18/5-1-1,IR/35_Do_lunges/user18/5-1-1,Thermal/35_Do_lunges/user18/5-1-1,Skeleton/35_Do_lunges/user18/5-1-1,IMU/35_Do_lunges/user18/5-1-1,Radar/35_Do_lunges/user18/5-1-1,1
35_Do_lunges/user18/5-1-2,35_Do_lunges,35,user18,5-1-2,Depth_Color/35_Do_lunges/user18/5-1-2,IR/35_Do_lunges/user18/5-1-2,Thermal/35_Do_lunges/user18/5-1-2,Skeleton/35_Do_lunges/user18/5-1-2,IMU/35_Do_lunges/user18/5-1-2,Radar/35_Do_lunges/user18/5-1-2,1
35_Do_lunges/user18/5-1-3,35_Do_lunges,35,user18,5-1-3,Depth_Color/35_Do_lunges/user18/5-1-3,IR/35_Do_lunges/user18/5-1-3,Thermal/35_Do_lunges/user18/5-1-3,Skeleton/35_Do_lunges/user18/5-1-3,IMU/35_Do_lunges/user18/5-1-3,Radar/35_Do_lunges/user18/5-1-3,1
35_Do_lunges/user20/1-2-1,35_Do_lunges,35,user20,1-2-1,Depth_Color/35_Do_lunges/user20/1-2-1,IR/35_Do_lunges/user20/1-2-1,Thermal/35_Do_lunges/user20/1-2-1,Skeleton/35_Do_lunges/user20/1-2-1,IMU/35_Do_lunges/user20/1-2-1,Radar/35_Do_lunges/user20/1-2-1,0
35_Do_lunges/user20/1-2-2,35_Do_lunges,35,user20,1-2-2,Depth_Color/35_Do_lunges/user20/1-2-2,IR/35_Do_lunges/user20/1-2-2,Thermal/35_Do_lunges/user20/1-2-2,Skeleton/35_Do_lunges/user20/1-2-2,IMU/35_Do_lunges/user20/1-2-2,Radar/35_Do_lunges/user20/1-2-2,0
35_Do_lunges/user20/1-2-3,35_Do_lunges,35,user20,1-2-3,Depth_Color/35_Do_lunges/user20/1-2-3,IR/35_Do_lunges/user20/1-2-3,Thermal/35_Do_lunges/user20/1-2-3,Skeleton/35_Do_lunges/user20/1-2-3,IMU/35_Do_lunges/user20/1-2-3,Radar/35_Do_lunges/user20/1-2-3,0
35_Do_lunges/user23/1-2-1,35_Do_lunges,35,user23,1-2-1,Depth_Color/35_Do_lunges/user23/1-2-1,IR/35_Do_lunges/user23/1-2-1,Thermal/35_Do_lunges/user23/1-2-1,Skeleton/35_Do_lunges/user23/1-2-1,IMU/35_Do_lunges/user23/1-2-1,Radar/35_Do_lunges/user23/1-2-1,0
35_Do_lunges/user23/1-2-2,35_Do_lunges,35,user23,1-2-2,Depth_Color/35_Do_lunges/user23/1-2-2,IR/35_Do_lunges/user23/1-2-2,Thermal/35_Do_lunges/user23/1-2-2,Skeleton/35_Do_lunges/user23/1-2-2,IMU/35_Do_lunges/user23/1-2-2,Radar/35_Do_lunges/user23/1-2-2,0
35_Do_lunges/user23/1-2-3,35_Do_lunges,35,user23,1-2-3,Depth_Color/35_Do_lunges/user23/1-2-3,IR/35_Do_lunges/user23/1-2-3,Thermal/35_Do_lunges/user23/1-2-3,Skeleton/35_Do_lunges/user23/1-2-3,IMU/35_Do_lunges/user23/1-2-3,Radar/35_Do_lunges/user23/1-2-3,0
35_Do_lunges/user23/5-3-1,35_Do_lunges,35,user23,5-3-1,,,Thermal/35_Do_lunges/user23/5-3-1,,,,0
35_Do_lunges/user23/5-3-2,35_Do_lunges,35,user23,5-3-2,Depth_Color/35_Do_lunges/user23/5-3-2,IR/35_Do_lunges/user23/5-3-2,Thermal/35_Do_lunges/user23/5-3-2,Skeleton/35_Do_lunges/user23/5-3-2,IMU/35_Do_lunges/user23/5-3-2,Radar/35_Do_lunges/user23/5-3-2,0
35_Do_lunges/user23/5-3-3,35_Do_lunges,35,user23,5-3-3,Depth_Color/35_Do_lunges/user23/5-3-3,IR/35_Do_lunges/user23/5-3-3,Thermal/35_Do_lunges/user23/5-3-3,Skeleton/35_Do_lunges/user23/5-3-3,IMU/35_Do_lunges/user23/5-3-3,Radar/35_Do_lunges/user23/5-3-3,0
35_Do_lunges/user5/6-1-1,35_Do_lunges,35,user5,6-1-1,Depth_Color/35_Do_lunges/user5/6-1-1,IR/35_Do_lunges/user5/6-1-1,,Skeleton/35_Do_lunges/user5/6-1-1,IMU/35_Do_lunges/user5/6-1-1,Radar/35_Do_lunges/user5/6-1-1,2
35_Do_lunges/user5/6-1-2,35_Do_lunges,35,user5,6-1-2,Depth_Color/35_Do_lunges/user5/6-1-2,IR/35_Do_lunges/user5/6-1-2,Thermal/35_Do_lunges/user5/6-1-2,Skeleton/35_Do_lunges/user5/6-1-2,IMU/35_Do_lunges/user5/6-1-2,Radar/35_Do_lunges/user5/6-1-2,2
35_Do_lunges/user5/6-1-3,35_Do_lunges,35,user5,6-1-3,Depth_Color/35_Do_lunges/user5/6-1-3,IR/35_Do_lunges/user5/6-1-3,Thermal/35_Do_lunges/user5/6-1-3,Skeleton/35_Do_lunges/user5/6-1-3,IMU/35_Do_lunges/user5/6-1-3,Radar/35_Do_lunges/user5/6-1-3,2
35_Do_lunges/user6/6-1-1,35_Do_lunges,35,user6,6-1-1,Depth_Color/35_Do_lunges/user6/6-1-1,IR/35_Do_lunges/user6/6-1-1,Thermal/35_Do_lunges/user6/6-1-1,Skeleton/35_Do_lunges/user6/6-1-1,IMU/35_Do_lunges/user6/6-1-1,Radar/35_Do_lunges/user6/6-1-1,1
35_Do_lunges/user6/6-1-2,35_Do_lunges,35,user6,6-1-2,Depth_Color/35_Do_lunges/user6/6-1-2,IR/35_Do_lunges/user6/6-1-2,Thermal/35_Do_lunges/user6/6-1-2,Skeleton/35_Do_lunges/user6/6-1-2,IMU/35_Do_lunges/user6/6-1-2,Radar/35_Do_lunges/user6/6-1-2,1
35_Do_lunges/user6/6-1-3,35_Do_lunges,35,user6,6-1-3,Depth_Color/35_Do_lunges/user6/6-1-3,IR/35_Do_lunges/user6/6-1-3,Thermal/35_Do_lunges/user6/6-1-3,Skeleton/35_Do_lunges/user6/6-1-3,IMU/35_Do_lunges/user6/6-1-3,Radar/35_Do_lunges/user6/6-1-3,1
35_Do_lunges/user8/5-1-1,35_Do_lunges,35,user8,5-1-1,Depth_Color/35_Do_lunges/user8/5-1-1,IR/35_Do_lunges/user8/5-1-1,Thermal/35_Do_lunges/user8/5-1-1,Skeleton/35_Do_lunges/user8/5-1-1,IMU/35_Do_lunges/user8/5-1-1,Radar/35_Do_lunges/user8/5-1-1,2
35_Do_lunges/user8/5-1-2,35_Do_lunges,35,user8,5-1-2,Depth_Color/35_Do_lunges/user8/5-1-2,IR/35_Do_lunges/user8/5-1-2,Thermal/35_Do_lunges/user8/5-1-2,Skeleton/35_Do_lunges/user8/5-1-2,IMU/35_Do_lunges/user8/5-1-2,Radar/35_Do_lunges/user8/5-1-2,2
35_Do_lunges/user8/5-1-3,35_Do_lunges,35,user8,5-1-3,Depth_Color/35_Do_lunges/user8/5-1-3,IR/35_Do_lunges/user8/5-1-3,Thermal/35_Do_lunges/user8/5-1-3,Skeleton/35_Do_lunges/user8/5-1-3,IMU/35_Do_lunges/user8/5-1-3,Radar/35_Do_lunges/user8/5-1-3,2
36_Walk/user1/1-2-1,36_Walk,36,user1,1-2-1,Depth_Color/36_Walk/user1/1-2-1,IR/36_Walk/user1/1-2-1,Thermal/36_Walk/user1/1-2-1,Skeleton/36_Walk/user1/1-2-1,IMU/36_Walk/user1/1-2-1,Radar/36_Walk/user1/1-2-1,1
36_Walk/user1/1-2-2,36_Walk,36,user1,1-2-2,Depth_Color/36_Walk/user1/1-2-2,IR/36_Walk/user1/1-2-2,Thermal/36_Walk/user1/1-2-2,Skeleton/36_Walk/user1/1-2-2,IMU/36_Walk/user1/1-2-2,Radar/36_Walk/user1/1-2-2,1
36_Walk/user1/2-1-1,36_Walk,36,user1,2-1-1,Depth_Color/36_Walk/user1/2-1-1,IR/36_Walk/user1/2-1-1,Thermal/36_Walk/user1/2-1-1,Skeleton/36_Walk/user1/2-1-1,,,1
36_Walk/user1/2-1-2,36_Walk,36,user1,2-1-2,Depth_Color/36_Walk/user1/2-1-2,IR/36_Walk/user1/2-1-2,Thermal/36_Walk/user1/2-1-2,Skeleton/36_Walk/user1/2-1-2,IMU/36_Walk/user1/2-1-2,Radar/36_Walk/user1/2-1-2,1
36_Walk/user1/2-1-3,36_Walk,36,user1,2-1-3,Depth_Color/36_Walk/user1/2-1-3,IR/36_Walk/user1/2-1-3,Thermal/36_Walk/user1/2-1-3,Skeleton/36_Walk/user1/2-1-3,IMU/36_Walk/user1/2-1-3,Radar/36_Walk/user1/2-1-3,1
36_Walk/user1/2-2-1,36_Walk,36,user1,2-2-1,Depth_Color/36_Walk/user1/2-2-1,IR/36_Walk/user1/2-2-1,Thermal/36_Walk/user1/2-2-1,Skeleton/36_Walk/user1/2-2-1,IMU/36_Walk/user1/2-2-1,Radar/36_Walk/user1/2-2-1,1
36_Walk/user1/2-2-2,36_Walk,36,user1,2-2-2,Depth_Color/36_Walk/user1/2-2-2,IR/36_Walk/user1/2-2-2,Thermal/36_Walk/user1/2-2-2,Skeleton/36_Walk/user1/2-2-2,IMU/36_Walk/user1/2-2-2,Radar/36_Walk/user1/2-2-2,1
36_Walk/user1/2-2-3,36_Walk,36,user1,2-2-3,Depth_Color/36_Walk/user1/2-2-3,IR/36_Walk/user1/2-2-3,Thermal/36_Walk/user1/2-2-3,Skeleton/36_Walk/user1/2-2-3,IMU/36_Walk/user1/2-2-3,Radar/36_Walk/user1/2-2-3,1
36_Walk/user1/3-2-1,36_Walk,36,user1,3-2-1,Depth_Color/36_Walk/user1/3-2-1,IR/36_Walk/user1/3-2-1,Thermal/36_Walk/user1/3-2-1,Skeleton/36_Walk/user1/3-2-1,IMU/36_Walk/user1/3-2-1,Radar/36_Walk/user1/3-2-1,1
36_Walk/user1/3-2-2,36_Walk,36,user1,3-2-2,Depth_Color/36_Walk/user1/3-2-2,IR/36_Walk/user1/3-2-2,Thermal/36_Walk/user1/3-2-2,Skeleton/36_Walk/user1/3-2-2,IMU/36_Walk/user1/3-2-2,Radar/36_Walk/user1/3-2-2,1
36_Walk/user1/3-2-3,36_Walk,36,user1,3-2-3,Depth_Color/36_Walk/user1/3-2-3,IR/36_Walk/user1/3-2-3,Thermal/36_Walk/user1/3-2-3,Skeleton/36_Walk/user1/3-2-3,IMU/36_Walk/user1/3-2-3,Radar/36_Walk/user1/3-2-3,1
36_Walk/user1/6-1-1,36_Walk,36,user1,6-1-1,Depth_Color/36_Walk/user1/6-1-1,IR/36_Walk/user1/6-1-1,Thermal/36_Walk/user1/6-1-1,Skeleton/36_Walk/user1/6-1-1,IMU/36_Walk/user1/6-1-1,Radar/36_Walk/user1/6-1-1,1
36_Walk/user1/6-1-2,36_Walk,36,user1,6-1-2,Depth_Color/36_Walk/user1/6-1-2,IR/36_Walk/user1/6-1-2,Thermal/36_Walk/user1/6-1-2,Skeleton/36_Walk/user1/6-1-2,IMU/36_Walk/user1/6-1-2,Radar/36_Walk/user1/6-1-2,1
36_Walk/user1/6-1-3,36_Walk,36,user1,6-1-3,Depth_Color/36_Walk/user1/6-1-3,IR/36_Walk/user1/6-1-3,Thermal/36_Walk/user1/6-1-3,Skeleton/36_Walk/user1/6-1-3,IMU/36_Walk/user1/6-1-3,Radar/36_Walk/user1/6-1-3,1
36_Walk/user1/6-2-1,36_Walk,36,user1,6-2-1,Depth_Color/36_Walk/user1/6-2-1,IR/36_Walk/user1/6-2-1,Thermal/36_Walk/user1/6-2-1,Skeleton/36_Walk/user1/6-2-1,IMU/36_Walk/user1/6-2-1,Radar/36_Walk/user1/6-2-1,1
36_Walk/user1/6-2-2,36_Walk,36,user1,6-2-2,Depth_Color/36_Walk/user1/6-2-2,IR/36_Walk/user1/6-2-2,Thermal/36_Walk/user1/6-2-2,Skeleton/36_Walk/user1/6-2-2,IMU/36_Walk/user1/6-2-2,Radar/36_Walk/user1/6-2-2,1
36_Walk/user1/6-2-3,36_Walk,36,user1,6-2-3,Depth_Color/36_Walk/user1/6-2-3,IR/36_Walk/user1/6-2-3,Thermal/36_Walk/user1/6-2-3,Skeleton/36_Walk/user1/6-2-3,IMU/36_Walk/user1/6-2-3,Radar/36_Walk/user1/6-2-3,1
36_Walk/user16/1-1-1,36_Walk,36,user16,1-1-1,Depth_Color/36_Walk/user16/1-1-1,IR/36_Walk/user16/1-1-1,Thermal/36_Walk/user16/1-1-1,Skeleton/36_Walk/user16/1-1-1,IMU/36_Walk/user16/1-1-1,Radar/36_Walk/user16/1-1-1,0
36_Walk/user16/1-1-2,36_Walk,36,user16,1-1-2,Depth_Color/36_Walk/user16/1-1-2,IR/36_Walk/user16/1-1-2,Thermal/36_Walk/user16/1-1-2,Skeleton/36_Walk/user16/1-1-2,IMU/36_Walk/user16/1-1-2,Radar/36_Walk/user16/1-1-2,0
36_Walk/user16/1-1-3,36_Walk,36,user16,1-1-3,Depth_Color/36_Walk/user16/1-1-3,IR/36_Walk/user16/1-1-3,Thermal/36_Walk/user16/1-1-3,Skeleton/36_Walk/user16/1-1-3,IMU/36_Walk/user16/1-1-3,Radar/36_Walk/user16/1-1-3,0
36_Walk/user16/2-3-1,36_Walk,36,user16,2-3-1,Depth_Color/36_Walk/user16/2-3-1,IR/36_Walk/user16/2-3-1,Thermal/36_Walk/user16/2-3-1,Skeleton/36_Walk/user16/2-3-1,IMU/36_Walk/user16/2-3-1,Radar/36_Walk/user16/2-3-1,0
36_Walk/user16/2-3-2,36_Walk,36,user16,2-3-2,Depth_Color/36_Walk/user16/2-3-2,IR/36_Walk/user16/2-3-2,Thermal/36_Walk/user16/2-3-2,Skeleton/36_Walk/user16/2-3-2,IMU/36_Walk/user16/2-3-2,Radar/36_Walk/user16/2-3-2,0
36_Walk/user16/2-3-3,36_Walk,36,user16,2-3-3,Depth_Color/36_Walk/user16/2-3-3,IR/36_Walk/user16/2-3-3,Thermal/36_Walk/user16/2-3-3,Skeleton/36_Walk/user16/2-3-3,IMU/36_Walk/user16/2-3-3,Radar/36_Walk/user16/2-3-3,0
36_Walk/user16/3-1-1,36_Walk,36,user16,3-1-1,Depth_Color/36_Walk/user16/3-1-1,IR/36_Walk/user16/3-1-1,Thermal/36_Walk/user16/3-1-1,Skeleton/36_Walk/user16/3-1-1,IMU/36_Walk/user16/3-1-1,Radar/36_Walk/user16/3-1-1,0
36_Walk/user16/3-1-2,36_Walk,36,user16,3-1-2,Depth_Color/36_Walk/user16/3-1-2,IR/36_Walk/user16/3-1-2,Thermal/36_Walk/user16/3-1-2,Skeleton/36_Walk/user16/3-1-2,IMU/36_Walk/user16/3-1-2,Radar/36_Walk/user16/3-1-2,0
36_Walk/user16/3-1-3,36_Walk,36,user16,3-1-3,Depth_Color/36_Walk/user16/3-1-3,IR/36_Walk/user16/3-1-3,Thermal/36_Walk/user16/3-1-3,Skeleton/36_Walk/user16/3-1-3,IMU/36_Walk/user16/3-1-3,Radar/36_Walk/user16/3-1-3,0
36_Walk/user16/3-3-1,36_Walk,36,user16,3-3-1,Depth_Color/36_Walk/user16/3-3-1,IR/36_Walk/user16/3-3-1,Thermal/36_Walk/user16/3-3-1,Skeleton/36_Walk/user16/3-3-1,IMU/36_Walk/user16/3-3-1,Radar/36_Walk/user16/3-3-1,0
36_Walk/user16/3-3-2,36_Walk,36,user16,3-3-2,Depth_Color/36_Walk/user16/3-3-2,IR/36_Walk/user16/3-3-2,Thermal/36_Walk/user16/3-3-2,Skeleton/36_Walk/user16/3-3-2,IMU/36_Walk/user16/3-3-2,Radar/36_Walk/user16/3-3-2,0
36_Walk/user16/3-3-3,36_Walk,36,user16,3-3-3,Depth_Color/36_Walk/user16/3-3-3,IR/36_Walk/user16/3-3-3,Thermal/36_Walk/user16/3-3-3,Skeleton/36_Walk/user16/3-3-3,IMU/36_Walk/user16/3-3-3,Radar/36_Walk/user16/3-3-3,0
36_Walk/user16/5-2-1,36_Walk,36,user16,5-2-1,Depth_Color/36_Walk/user16/5-2-1,IR/36_Walk/user16/5-2-1,Thermal/36_Walk/user16/5-2-1,Skeleton/36_Walk/user16/5-2-1,IMU/36_Walk/user16/5-2-1,Radar/36_Walk/user16/5-2-1,0
36_Walk/user16/5-2-2,36_Walk,36,user16,5-2-2,Depth_Color/36_Walk/user16/5-2-2,IR/36_Walk/user16/5-2-2,Thermal/36_Walk/user16/5-2-2,Skeleton/36_Walk/user16/5-2-2,IMU/36_Walk/user16/5-2-2,Radar/36_Walk/user16/5-2-2,0
36_Walk/user16/5-2-3,36_Walk,36,user16,5-2-3,Depth_Color/36_Walk/user16/5-2-3,IR/36_Walk/user16/5-2-3,Thermal/36_Walk/user16/5-2-3,Skeleton/36_Walk/user16/5-2-3,IMU/36_Walk/user16/5-2-3,Radar/36_Walk/user16/5-2-3,0
36_Walk/user16/5-3-1,36_Walk,36,user16,5-3-1,Depth_Color/36_Walk/user16/5-3-1,IR/36_Walk/user16/5-3-1,Thermal/36_Walk/user16/5-3-1,Skeleton/36_Walk/user16/5-3-1,IMU/36_Walk/user16/5-3-1,Radar/36_Walk/user16/5-3-1,0
36_Walk/user16/5-3-2,36_Walk,36,user16,5-3-2,Depth_Color/36_Walk/user16/5-3-2,IR/36_Walk/user16/5-3-2,Thermal/36_Walk/user16/5-3-2,Skeleton/36_Walk/user16/5-3-2,IMU/36_Walk/user16/5-3-2,Radar/36_Walk/user16/5-3-2,0
36_Walk/user16/5-3-3,36_Walk,36,user16,5-3-3,Depth_Color/36_Walk/user16/5-3-3,IR/36_Walk/user16/5-3-3,Thermal/36_Walk/user16/5-3-3,Skeleton/36_Walk/user16/5-3-3,IMU/36_Walk/user16/5-3-3,Radar/36_Walk/user16/5-3-3,0
36_Walk/user16/7-3-1,36_Walk,36,user16,7-3-1,Depth_Color/36_Walk/user16/7-3-1,IR/36_Walk/user16/7-3-1,Thermal/36_Walk/user16/7-3-1,Skeleton/36_Walk/user16/7-3-1,IMU/36_Walk/user16/7-3-1,Radar/36_Walk/user16/7-3-1,0
36_Walk/user16/7-3-2,36_Walk,36,user16,7-3-2,Depth_Color/36_Walk/user16/7-3-2,IR/36_Walk/user16/7-3-2,Thermal/36_Walk/user16/7-3-2,Skeleton/36_Walk/user16/7-3-2,IMU/36_Walk/user16/7-3-2,Radar/36_Walk/user16/7-3-2,0
36_Walk/user16/7-3-3,36_Walk,36,user16,7-3-3,Depth_Color/36_Walk/user16/7-3-3,IR/36_Walk/user16/7-3-3,Thermal/36_Walk/user16/7-3-3,Skeleton/36_Walk/user16/7-3-3,IMU/36_Walk/user16/7-3-3,Radar/36_Walk/user16/7-3-3,0
36_Walk/user17/1-2-1,36_Walk,36,user17,1-2-1,Depth_Color/36_Walk/user17/1-2-1,IR/36_Walk/user17/1-2-1,Thermal/36_Walk/user17/1-2-1,Skeleton/36_Walk/user17/1-2-1,IMU/36_Walk/user17/1-2-1,Radar/36_Walk/user17/1-2-1,2
36_Walk/user17/1-2-2,36_Walk,36,user17,1-2-2,Depth_Color/36_Walk/user17/1-2-2,IR/36_Walk/user17/1-2-2,Thermal/36_Walk/user17/1-2-2,Skeleton/36_Walk/user17/1-2-2,IMU/36_Walk/user17/1-2-2,Radar/36_Walk/user17/1-2-2,2
36_Walk/user17/1-2-3,36_Walk,36,user17,1-2-3,Depth_Color/36_Walk/user17/1-2-3,IR/36_Walk/user17/1-2-3,Thermal/36_Walk/user17/1-2-3,Skeleton/36_Walk/user17/1-2-3,IMU/36_Walk/user17/1-2-3,Radar/36_Walk/user17/1-2-3,2
36_Walk/user17/3-2-1,36_Walk,36,user17,3-2-1,Depth_Color/36_Walk/user17/3-2-1,IR/36_Walk/user17/3-2-1,Thermal/36_Walk/user17/3-2-1,Skeleton/36_Walk/user17/3-2-1,IMU/36_Walk/user17/3-2-1,Radar/36_Walk/user17/3-2-1,2
36_Walk/user17/3-2-2,36_Walk,36,user17,3-2-2,Depth_Color/36_Walk/user17/3-2-2,IR/36_Walk/user17/3-2-2,Thermal/36_Walk/user17/3-2-2,Skeleton/36_Walk/user17/3-2-2,IMU/36_Walk/user17/3-2-2,Radar/36_Walk/user17/3-2-2,2
36_Walk/user17/3-2-3,36_Walk,36,user17,3-2-3,Depth_Color/36_Walk/user17/3-2-3,IR/36_Walk/user17/3-2-3,Thermal/36_Walk/user17/3-2-3,Skeleton/36_Walk/user17/3-2-3,IMU/36_Walk/user17/3-2-3,Radar/36_Walk/user17/3-2-3,2
36_Walk/user17/3-3-1,36_Walk,36,user17,3-3-1,Depth_Color/36_Walk/user17/3-3-1,IR/36_Walk/user17/3-3-1,,Skeleton/36_Walk/user17/3-3-1,,Radar/36_Walk/user17/3-3-1,2
36_Walk/user17/3-3-2,36_Walk,36,user17,3-3-2,Depth_Color/36_Walk/user17/3-3-2,IR/36_Walk/user17/3-3-2,,Skeleton/36_Walk/user17/3-3-2,,Radar/36_Walk/user17/3-3-2,2
36_Walk/user17/3-3-3,36_Walk,36,user17,3-3-3,Depth_Color/36_Walk/user17/3-3-3,IR/36_Walk/user17/3-3-3,,Skeleton/36_Walk/user17/3-3-3,,Radar/36_Walk/user17/3-3-3,2
36_Walk/user17/4-1-1,36_Walk,36,user17,4-1-1,Depth_Color/36_Walk/user17/4-1-1,IR/36_Walk/user17/4-1-1,Thermal/36_Walk/user17/4-1-1,Skeleton/36_Walk/user17/4-1-1,IMU/36_Walk/user17/4-1-1,Radar/36_Walk/user17/4-1-1,2
36_Walk/user17/4-1-2,36_Walk,36,user17,4-1-2,Depth_Color/36_Walk/user17/4-1-2,IR/36_Walk/user17/4-1-2,Thermal/36_Walk/user17/4-1-2,Skeleton/36_Walk/user17/4-1-2,IMU/36_Walk/user17/4-1-2,Radar/36_Walk/user17/4-1-2,2
36_Walk/user17/4-1-3,36_Walk,36,user17,4-1-3,Depth_Color/36_Walk/user17/4-1-3,IR/36_Walk/user17/4-1-3,Thermal/36_Walk/user17/4-1-3,Skeleton/36_Walk/user17/4-1-3,IMU/36_Walk/user17/4-1-3,Radar/36_Walk/user17/4-1-3,2
36_Walk/user17/5-2-1,36_Walk,36,user17,5-2-1,Depth_Color/36_Walk/user17/5-2-1,IR/36_Walk/user17/5-2-1,Thermal/36_Walk/user17/5-2-1,Skeleton/36_Walk/user17/5-2-1,IMU/36_Walk/user17/5-2-1,Radar/36_Walk/user17/5-2-1,2
36_Walk/user17/5-2-2,36_Walk,36,user17,5-2-2,Depth_Color/36_Walk/user17/5-2-2,IR/36_Walk/user17/5-2-2,Thermal/36_Walk/user17/5-2-2,Skeleton/36_Walk/user17/5-2-2,IMU/36_Walk/user17/5-2-2,Radar/36_Walk/user17/5-2-2,2
36_Walk/user17/5-2-3,36_Walk,36,user17,5-2-3,Depth_Color/36_Walk/user17/5-2-3,IR/36_Walk/user17/5-2-3,Thermal/36_Walk/user17/5-2-3,Skeleton/36_Walk/user17/5-2-3,IMU/36_Walk/user17/5-2-3,Radar/36_Walk/user17/5-2-3,2
36_Walk/user17/6-1-1,36_Walk,36,user17,6-1-1,Depth_Color/36_Walk/user17/6-1-1,IR/36_Walk/user17/6-1-1,Thermal/36_Walk/user17/6-1-1,Skeleton/36_Walk/user17/6-1-1,IMU/36_Walk/user17/6-1-1,Radar/36_Walk/user17/6-1-1,2
36_Walk/user17/6-1-2,36_Walk,36,user17,6-1-2,Depth_Color/36_Walk/user17/6-1-2,IR/36_Walk/user17/6-1-2,Thermal/36_Walk/user17/6-1-2,Skeleton/36_Walk/user17/6-1-2,IMU/36_Walk/user17/6-1-2,Radar/36_Walk/user17/6-1-2,2
36_Walk/user17/6-1-3,36_Walk,36,user17,6-1-3,Depth_Color/36_Walk/user17/6-1-3,IR/36_Walk/user17/6-1-3,Thermal/36_Walk/user17/6-1-3,Skeleton/36_Walk/user17/6-1-3,IMU/36_Walk/user17/6-1-3,Radar/36_Walk/user17/6-1-3,2
36_Walk/user18/1-2-1,36_Walk,36,user18,1-2-1,Depth_Color/36_Walk/user18/1-2-1,IR/36_Walk/user18/1-2-1,Thermal/36_Walk/user18/1-2-1,Skeleton/36_Walk/user18/1-2-1,IMU/36_Walk/user18/1-2-1,Radar/36_Walk/user18/1-2-1,1
36_Walk/user18/1-2-2,36_Walk,36,user18,1-2-2,Depth_Color/36_Walk/user18/1-2-2,IR/36_Walk/user18/1-2-2,Thermal/36_Walk/user18/1-2-2,Skeleton/36_Walk/user18/1-2-2,IMU/36_Walk/user18/1-2-2,Radar/36_Walk/user18/1-2-2,1
36_Walk/user18/1-2-3,36_Walk,36,user18,1-2-3,Depth_Color/36_Walk/user18/1-2-3,IR/36_Walk/user18/1-2-3,Thermal/36_Walk/user18/1-2-3,Skeleton/36_Walk/user18/1-2-3,IMU/36_Walk/user18/1-2-3,Radar/36_Walk/user18/1-2-3,1
36_Walk/user18/2-2-1,36_Walk,36,user18,2-2-1,Depth_Color/36_Walk/user18/2-2-1,IR/36_Walk/user18/2-2-1,Thermal/36_Walk/user18/2-2-1,Skeleton/36_Walk/user18/2-2-1,IMU/36_Walk/user18/2-2-1,Radar/36_Walk/user18/2-2-1,1
36_Walk/user18/2-2-2,36_Walk,36,user18,2-2-2,Depth_Color/36_Walk/user18/2-2-2,IR/36_Walk/user18/2-2-2,Thermal/36_Walk/user18/2-2-2,Skeleton/36_Walk/user18/2-2-2,IMU/36_Walk/user18/2-2-2,Radar/36_Walk/user18/2-2-2,1
36_Walk/user18/2-2-3,36_Walk,36,user18,2-2-3,Depth_Color/36_Walk/user18/2-2-3,IR/36_Walk/user18/2-2-3,Thermal/36_Walk/user18/2-2-3,Skeleton/36_Walk/user18/2-2-3,IMU/36_Walk/user18/2-2-3,Radar/36_Walk/user18/2-2-3,1
36_Walk/user18/3-3-1,36_Walk,36,user18,3-3-1,Depth_Color/36_Walk/user18/3-3-1,IR/36_Walk/user18/3-3-1,Thermal/36_Walk/user18/3-3-1,Skeleton/36_Walk/user18/3-3-1,IMU/36_Walk/user18/3-3-1,Radar/36_Walk/user18/3-3-1,1
36_Walk/user18/3-3-2,36_Walk,36,user18,3-3-2,Depth_Color/36_Walk/user18/3-3-2,IR/36_Walk/user18/3-3-2,Thermal/36_Walk/user18/3-3-2,Skeleton/36_Walk/user18/3-3-2,IMU/36_Walk/user18/3-3-2,Radar/36_Walk/user18/3-3-2,1
36_Walk/user18/3-3-3,36_Walk,36,user18,3-3-3,Depth_Color/36_Walk/user18/3-3-3,IR/36_Walk/user18/3-3-3,Thermal/36_Walk/user18/3-3-3,Skeleton/36_Walk/user18/3-3-3,IMU/36_Walk/user18/3-3-3,Radar/36_Walk/user18/3-3-3,1
36_Walk/user18/4-2-1,36_Walk,36,user18,4-2-1,Depth_Color/36_Walk/user18/4-2-1,IR/36_Walk/user18/4-2-1,Thermal/36_Walk/user18/4-2-1,Skeleton/36_Walk/user18/4-2-1,IMU/36_Walk/user18/4-2-1,Radar/36_Walk/user18/4-2-1,1
36_Walk/user18/4-2-2,36_Walk,36,user18,4-2-2,Depth_Color/36_Walk/user18/4-2-2,IR/36_Walk/user18/4-2-2,Thermal/36_Walk/user18/4-2-2,Skeleton/36_Walk/user18/4-2-2,IMU/36_Walk/user18/4-2-2,Radar/36_Walk/user18/4-2-2,1
36_Walk/user18/4-2-3,36_Walk,36,user18,4-2-3,Depth_Color/36_Walk/user18/4-2-3,IR/36_Walk/user18/4-2-3,Thermal/36_Walk/user18/4-2-3,Skeleton/36_Walk/user18/4-2-3,IMU/36_Walk/user18/4-2-3,Radar/36_Walk/user18/4-2-3,1
36_Walk/user18/6-2-1,36_Walk,36,user18,6-2-1,Depth_Color/36_Walk/user18/6-2-1,IR/36_Walk/user18/6-2-1,Thermal/36_Walk/user18/6-2-1,Skeleton/36_Walk/user18/6-2-1,IMU/36_Walk/user18/6-2-1,Radar/36_Walk/user18/6-2-1,1
36_Walk/user18/6-2-2,36_Walk,36,user18,6-2-2,Depth_Color/36_Walk/user18/6-2-2,IR/36_Walk/user18/6-2-2,Thermal/36_Walk/user18/6-2-2,Skeleton/36_Walk/user18/6-2-2,IMU/36_Walk/user18/6-2-2,Radar/36_Walk/user18/6-2-2,1
36_Walk/user18/6-2-3,36_Walk,36,user18,6-2-3,Depth_Color/36_Walk/user18/6-2-3,IR/36_Walk/user18/6-2-3,Thermal/36_Walk/user18/6-2-3,Skeleton/36_Walk/user18/6-2-3,IMU/36_Walk/user18/6-2-3,Radar/36_Walk/user18/6-2-3,1
36_Walk/user19/1-2-1,36_Walk,36,user19,1-2-1,Depth_Color/36_Walk/user19/1-2-1,IR/36_Walk/user19/1-2-1,Thermal/36_Walk/user19/1-2-1,Skeleton/36_Walk/user19/1-2-1,IMU/36_Walk/user19/1-2-1,Radar/36_Walk/user19/1-2-1,2
36_Walk/user19/1-2-2,36_Walk,36,user19,1-2-2,Depth_Color/36_Walk/user19/1-2-2,IR/36_Walk/user19/1-2-2,Thermal/36_Walk/user19/1-2-2,Skeleton/36_Walk/user19/1-2-2,IMU/36_Walk/user19/1-2-2,Radar/36_Walk/user19/1-2-2,2
36_Walk/user19/1-2-3,36_Walk,36,user19,1-2-3,Depth_Color/36_Walk/user19/1-2-3,IR/36_Walk/user19/1-2-3,Thermal/36_Walk/user19/1-2-3,Skeleton/36_Walk/user19/1-2-3,IMU/36_Walk/user19/1-2-3,Radar/36_Walk/user19/1-2-3,2
36_Walk/user19/2-2-1,36_Walk,36,user19,2-2-1,Depth_Color/36_Walk/user19/2-2-1,IR/36_Walk/user19/2-2-1,Thermal/36_Walk/user19/2-2-1,Skeleton/36_Walk/user19/2-2-1,IMU/36_Walk/user19/2-2-1,Radar/36_Walk/user19/2-2-1,2
36_Walk/user19/2-2-2,36_Walk,36,user19,2-2-2,Depth_Color/36_Walk/user19/2-2-2,IR/36_Walk/user19/2-2-2,Thermal/36_Walk/user19/2-2-2,Skeleton/36_Walk/user19/2-2-2,IMU/36_Walk/user19/2-2-2,Radar/36_Walk/user19/2-2-2,2
36_Walk/user19/2-2-3,36_Walk,36,user19,2-2-3,Depth_Color/36_Walk/user19/2-2-3,IR/36_Walk/user19/2-2-3,Thermal/36_Walk/user19/2-2-3,Skeleton/36_Walk/user19/2-2-3,IMU/36_Walk/user19/2-2-3,Radar/36_Walk/user19/2-2-3,2
36_Walk/user19/2-3-1,36_Walk,36,user19,2-3-1,Depth_Color/36_Walk/user19/2-3-1,IR/36_Walk/user19/2-3-1,Thermal/36_Walk/user19/2-3-1,Skeleton/36_Walk/user19/2-3-1,IMU/36_Walk/user19/2-3-1,Radar/36_Walk/user19/2-3-1,2
36_Walk/user19/2-3-2,36_Walk,36,user19,2-3-2,Depth_Color/36_Walk/user19/2-3-2,IR/36_Walk/user19/2-3-2,Thermal/36_Walk/user19/2-3-2,Skeleton/36_Walk/user19/2-3-2,IMU/36_Walk/user19/2-3-2,Radar/36_Walk/user19/2-3-2,2
36_Walk/user19/2-3-3,36_Walk,36,user19,2-3-3,Depth_Color/36_Walk/user19/2-3-3,IR/36_Walk/user19/2-3-3,Thermal/36_Walk/user19/2-3-3,Skeleton/36_Walk/user19/2-3-3,IMU/36_Walk/user19/2-3-3,Radar/36_Walk/user19/2-3-3,2
36_Walk/user19/3-2-1,36_Walk,36,user19,3-2-1,Depth_Color/36_Walk/user19/3-2-1,IR/36_Walk/user19/3-2-1,Thermal/36_Walk/user19/3-2-1,Skeleton/36_Walk/user19/3-2-1,IMU/36_Walk/user19/3-2-1,Radar/36_Walk/user19/3-2-1,2
36_Walk/user19/3-2-2,36_Walk,36,user19,3-2-2,Depth_Color/36_Walk/user19/3-2-2,IR/36_Walk/user19/3-2-2,Thermal/36_Walk/user19/3-2-2,Skeleton/36_Walk/user19/3-2-2,IMU/36_Walk/user19/3-2-2,Radar/36_Walk/user19/3-2-2,2
36_Walk/user19/3-2-3,36_Walk,36,user19,3-2-3,Depth_Color/36_Walk/user19/3-2-3,IR/36_Walk/user19/3-2-3,Thermal/36_Walk/user19/3-2-3,Skeleton/36_Walk/user19/3-2-3,IMU/36_Walk/user19/3-2-3,Radar/36_Walk/user19/3-2-3,2
36_Walk/user19/3-3-1,36_Walk,36,user19,3-3-1,Depth_Color/36_Walk/user19/3-3-1,IR/36_Walk/user19/3-3-1,Thermal/36_Walk/user19/3-3-1,Skeleton/36_Walk/user19/3-3-1,IMU/36_Walk/user19/3-3-1,Radar/36_Walk/user19/3-3-1,2
36_Walk/user19/3-3-2,36_Walk,36,user19,3-3-2,Depth_Color/36_Walk/user19/3-3-2,IR/36_Walk/user19/3-3-2,Thermal/36_Walk/user19/3-3-2,Skeleton/36_Walk/user19/3-3-2,IMU/36_Walk/user19/3-3-2,Radar/36_Walk/user19/3-3-2,2
36_Walk/user19/4-2-1,36_Walk,36,user19,4-2-1,Depth_Color/36_Walk/user19/4-2-1,IR/36_Walk/user19/4-2-1,Thermal/36_Walk/user19/4-2-1,Skeleton/36_Walk/user19/4-2-1,IMU/36_Walk/user19/4-2-1,Radar/36_Walk/user19/4-2-1,2
36_Walk/user19/4-2-2,36_Walk,36,user19,4-2-2,Depth_Color/36_Walk/user19/4-2-2,IR/36_Walk/user19/4-2-2,Thermal/36_Walk/user19/4-2-2,Skeleton/36_Walk/user19/4-2-2,IMU/36_Walk/user19/4-2-2,Radar/36_Walk/user19/4-2-2,2
36_Walk/user19/4-2-3,36_Walk,36,user19,4-2-3,Depth_Color/36_Walk/user19/4-2-3,IR/36_Walk/user19/4-2-3,Thermal/36_Walk/user19/4-2-3,Skeleton/36_Walk/user19/4-2-3,IMU/36_Walk/user19/4-2-3,Radar/36_Walk/user19/4-2-3,2
36_Walk/user19/4-3-1,36_Walk,36,user19,4-3-1,Depth_Color/36_Walk/user19/4-3-1,IR/36_Walk/user19/4-3-1,Thermal/36_Walk/user19/4-3-1,Skeleton/36_Walk/user19/4-3-1,IMU/36_Walk/user19/4-3-1,Radar/36_Walk/user19/4-3-1,2
36_Walk/user19/4-3-2,36_Walk,36,user19,4-3-2,Depth_Color/36_Walk/user19/4-3-2,IR/36_Walk/user19/4-3-2,Thermal/36_Walk/user19/4-3-2,Skeleton/36_Walk/user19/4-3-2,IMU/36_Walk/user19/4-3-2,Radar/36_Walk/user19/4-3-2,2
36_Walk/user19/4-3-3,36_Walk,36,user19,4-3-3,Depth_Color/36_Walk/user19/4-3-3,IR/36_Walk/user19/4-3-3,Thermal/36_Walk/user19/4-3-3,Skeleton/36_Walk/user19/4-3-3,IMU/36_Walk/user19/4-3-3,Radar/36_Walk/user19/4-3-3,2
36_Walk/user19/5-3-1,36_Walk,36,user19,5-3-1,Depth_Color/36_Walk/user19/5-3-1,IR/36_Walk/user19/5-3-1,Thermal/36_Walk/user19/5-3-1,Skeleton/36_Walk/user19/5-3-1,IMU/36_Walk/user19/5-3-1,Radar/36_Walk/user19/5-3-1,2
36_Walk/user19/5-3-2,36_Walk,36,user19,5-3-2,Depth_Color/36_Walk/user19/5-3-2,IR/36_Walk/user19/5-3-2,Thermal/36_Walk/user19/5-3-2,Skeleton/36_Walk/user19/5-3-2,IMU/36_Walk/user19/5-3-2,Radar/36_Walk/user19/5-3-2,2
36_Walk/user19/5-3-3,36_Walk,36,user19,5-3-3,Depth_Color/36_Walk/user19/5-3-3,IR/36_Walk/user19/5-3-3,Thermal/36_Walk/user19/5-3-3,Skeleton/36_Walk/user19/5-3-3,IMU/36_Walk/user19/5-3-3,Radar/36_Walk/user19/5-3-3,2
36_Walk/user19/7-2-1,36_Walk,36,user19,7-2-1,Depth_Color/36_Walk/user19/7-2-1,IR/36_Walk/user19/7-2-1,Thermal/36_Walk/user19/7-2-1,Skeleton/36_Walk/user19/7-2-1,IMU/36_Walk/user19/7-2-1,Radar/36_Walk/user19/7-2-1,2
36_Walk/user19/7-2-2,36_Walk,36,user19,7-2-2,Depth_Color/36_Walk/user19/7-2-2,IR/36_Walk/user19/7-2-2,Thermal/36_Walk/user19/7-2-2,Skeleton/36_Walk/user19/7-2-2,IMU/36_Walk/user19/7-2-2,Radar/36_Walk/user19/7-2-2,2
36_Walk/user19/7-2-3,36_Walk,36,user19,7-2-3,Depth_Color/36_Walk/user19/7-2-3,IR/36_Walk/user19/7-2-3,Thermal/36_Walk/user19/7-2-3,Skeleton/36_Walk/user19/7-2-3,IMU/36_Walk/user19/7-2-3,Radar/36_Walk/user19/7-2-3,2
36_Walk/user2/1-2-1,36_Walk,36,user2,1-2-1,Depth_Color/36_Walk/user2/1-2-1,IR/36_Walk/user2/1-2-1,,Skeleton/36_Walk/user2/1-2-1,IMU/36_Walk/user2/1-2-1,Radar/36_Walk/user2/1-2-1,0
36_Walk/user2/1-2-2,36_Walk,36,user2,1-2-2,Depth_Color/36_Walk/user2/1-2-2,IR/36_Walk/user2/1-2-2,,Skeleton/36_Walk/user2/1-2-2,IMU/36_Walk/user2/1-2-2,Radar/36_Walk/user2/1-2-2,0
36_Walk/user2/1-2-3,36_Walk,36,user2,1-2-3,Depth_Color/36_Walk/user2/1-2-3,IR/36_Walk/user2/1-2-3,,Skeleton/36_Walk/user2/1-2-3,IMU/36_Walk/user2/1-2-3,Radar/36_Walk/user2/1-2-3,0
36_Walk/user2/2-1-1,36_Walk,36,user2,2-1-1,Depth_Color/36_Walk/user2/2-1-1,IR/36_Walk/user2/2-1-1,,Skeleton/36_Walk/user2/2-1-1,IMU/36_Walk/user2/2-1-1,Radar/36_Walk/user2/2-1-1,0
36_Walk/user2/2-1-2,36_Walk,36,user2,2-1-2,Depth_Color/36_Walk/user2/2-1-2,IR/36_Walk/user2/2-1-2,,Skeleton/36_Walk/user2/2-1-2,IMU/36_Walk/user2/2-1-2,Radar/36_Walk/user2/2-1-2,0
36_Walk/user2/2-1-3,36_Walk,36,user2,2-1-3,Depth_Color/36_Walk/user2/2-1-3,IR/36_Walk/user2/2-1-3,,Skeleton/36_Walk/user2/2-1-3,IMU/36_Walk/user2/2-1-3,Radar/36_Walk/user2/2-1-3,0
36_Walk/user2/3-2-2,36_Walk,36,user2,3-2-2,Depth_Color/36_Walk/user2/3-2-2,IR/36_Walk/user2/3-2-2,,Skeleton/36_Walk/user2/3-2-2,IMU/36_Walk/user2/3-2-2,Radar/36_Walk/user2/3-2-2,0
36_Walk/user2/3-2-3,36_Walk,36,user2,3-2-3,Depth_Color/36_Walk/user2/3-2-3,IR/36_Walk/user2/3-2-3,,Skeleton/36_Walk/user2/3-2-3,IMU/36_Walk/user2/3-2-3,Radar/36_Walk/user2/3-2-3,0
36_Walk/user2/4-1-1,36_Walk,36,user2,4-1-1,Depth_Color/36_Walk/user2/4-1-1,IR/36_Walk/user2/4-1-1,,Skeleton/36_Walk/user2/4-1-1,IMU/36_Walk/user2/4-1-1,Radar/36_Walk/user2/4-1-1,0
36_Walk/user2/4-1-2,36_Walk,36,user2,4-1-2,Depth_Color/36_Walk/user2/4-1-2,IR/36_Walk/user2/4-1-2,,Skeleton/36_Walk/user2/4-1-2,IMU/36_Walk/user2/4-1-2,Radar/36_Walk/user2/4-1-2,0
36_Walk/user2/4-1-3,36_Walk,36,user2,4-1-3,Depth_Color/36_Walk/user2/4-1-3,IR/36_Walk/user2/4-1-3,,Skeleton/36_Walk/user2/4-1-3,IMU/36_Walk/user2/4-1-3,Radar/36_Walk/user2/4-1-3,0
36_Walk/user2/4-3-1,36_Walk,36,user2,4-3-1,Depth_Color/36_Walk/user2/4-3-1,IR/36_Walk/user2/4-3-1,,Skeleton/36_Walk/user2/4-3-1,IMU/36_Walk/user2/4-3-1,Radar/36_Walk/user2/4-3-1,0
36_Walk/user2/4-3-2,36_Walk,36,user2,4-3-2,Depth_Color/36_Walk/user2/4-3-2,IR/36_Walk/user2/4-3-2,,Skeleton/36_Walk/user2/4-3-2,IMU/36_Walk/user2/4-3-2,Radar/36_Walk/user2/4-3-2,0
36_Walk/user2/4-3-3,36_Walk,36,user2,4-3-3,Depth_Color/36_Walk/user2/4-3-3,IR/36_Walk/user2/4-3-3,,Skeleton/36_Walk/user2/4-3-3,IMU/36_Walk/user2/4-3-3,Radar/36_Walk/user2/4-3-3,0
36_Walk/user2/5-2-1,36_Walk,36,user2,5-2-1,Depth_Color/36_Walk/user2/5-2-1,IR/36_Walk/user2/5-2-1,,Skeleton/36_Walk/user2/5-2-1,IMU/36_Walk/user2/5-2-1,Radar/36_Walk/user2/5-2-1,0
36_Walk/user2/5-2-2,36_Walk,36,user2,5-2-2,Depth_Color/36_Walk/user2/5-2-2,IR/36_Walk/user2/5-2-2,,Skeleton/36_Walk/user2/5-2-2,IMU/36_Walk/user2/5-2-2,Radar/36_Walk/user2/5-2-2,0
36_Walk/user2/5-2-3,36_Walk,36,user2,5-2-3,Depth_Color/36_Walk/user2/5-2-3,IR/36_Walk/user2/5-2-3,,Skeleton/36_Walk/user2/5-2-3,IMU/36_Walk/user2/5-2-3,Radar/36_Walk/user2/5-2-3,0
36_Walk/user2/6-1-1,36_Walk,36,user2,6-1-1,Depth_Color/36_Walk/user2/6-1-1,IR/36_Walk/user2/6-1-1,,Skeleton/36_Walk/user2/6-1-1,IMU/36_Walk/user2/6-1-1,Radar/36_Walk/user2/6-1-1,0
36_Walk/user2/6-1-2,36_Walk,36,user2,6-1-2,Depth_Color/36_Walk/user2/6-1-2,IR/36_Walk/user2/6-1-2,,Skeleton/36_Walk/user2/6-1-2,IMU/36_Walk/user2/6-1-2,Radar/36_Walk/user2/6-1-2,0
36_Walk/user2/7-2-1,36_Walk,36,user2,7-2-1,Depth_Color/36_Walk/user2/7-2-1,IR/36_Walk/user2/7-2-1,,Skeleton/36_Walk/user2/7-2-1,IMU/36_Walk/user2/7-2-1,Radar/36_Walk/user2/7-2-1,0
36_Walk/user2/7-2-2,36_Walk,36,user2,7-2-2,Depth_Color/36_Walk/user2/7-2-2,IR/36_Walk/user2/7-2-2,,Skeleton/36_Walk/user2/7-2-2,IMU/36_Walk/user2/7-2-2,Radar/36_Walk/user2/7-2-2,0
36_Walk/user2/7-2-3,36_Walk,36,user2,7-2-3,Depth_Color/36_Walk/user2/7-2-3,IR/36_Walk/user2/7-2-3,,Skeleton/36_Walk/user2/7-2-3,IMU/36_Walk/user2/7-2-3,Radar/36_Walk/user2/7-2-3,0
36_Walk/user2/7-3-1,36_Walk,36,user2,7-3-1,Depth_Color/36_Walk/user2/7-3-1,IR/36_Walk/user2/7-3-1,,Skeleton/36_Walk/user2/7-3-1,IMU/36_Walk/user2/7-3-1,Radar/36_Walk/user2/7-3-1,0
36_Walk/user2/7-3-2,36_Walk,36,user2,7-3-2,Depth_Color/36_Walk/user2/7-3-2,IR/36_Walk/user2/7-3-2,,Skeleton/36_Walk/user2/7-3-2,IMU/36_Walk/user2/7-3-2,Radar/36_Walk/user2/7-3-2,0
36_Walk/user2/7-3-3,36_Walk,36,user2,7-3-3,Depth_Color/36_Walk/user2/7-3-3,IR/36_Walk/user2/7-3-3,,Skeleton/36_Walk/user2/7-3-3,IMU/36_Walk/user2/7-3-3,Radar/36_Walk/user2/7-3-3,0
36_Walk/user20/2-2-1,36_Walk,36,user20,2-2-1,Depth_Color/36_Walk/user20/2-2-1,IR/36_Walk/user20/2-2-1,Thermal/36_Walk/user20/2-2-1,Skeleton/36_Walk/user20/2-2-1,IMU/36_Walk/user20/2-2-1,Radar/36_Walk/user20/2-2-1,0
36_Walk/user20/2-2-2,36_Walk,36,user20,2-2-2,Depth_Color/36_Walk/user20/2-2-2,IR/36_Walk/user20/2-2-2,Thermal/36_Walk/user20/2-2-2,Skeleton/36_Walk/user20/2-2-2,IMU/36_Walk/user20/2-2-2,Radar/36_Walk/user20/2-2-2,0
36_Walk/user20/2-2-3,36_Walk,36,user20,2-2-3,Depth_Color/36_Walk/user20/2-2-3,IR/36_Walk/user20/2-2-3,Thermal/36_Walk/user20/2-2-3,Skeleton/36_Walk/user20/2-2-3,IMU/36_Walk/user20/2-2-3,Radar/36_Walk/user20/2-2-3,0
36_Walk/user20/4-2-1,36_Walk,36,user20,4-2-1,Depth_Color/36_Walk/user20/4-2-1,IR/36_Walk/user20/4-2-1,Thermal/36_Walk/user20/4-2-1,Skeleton/36_Walk/user20/4-2-1,IMU/36_Walk/user20/4-2-1,Radar/36_Walk/user20/4-2-1,0
36_Walk/user20/4-2-2,36_Walk,36,user20,4-2-2,Depth_Color/36_Walk/user20/4-2-2,IR/36_Walk/user20/4-2-2,Thermal/36_Walk/user20/4-2-2,Skeleton/36_Walk/user20/4-2-2,IMU/36_Walk/user20/4-2-2,Radar/36_Walk/user20/4-2-2,0
36_Walk/user20/4-2-3,36_Walk,36,user20,4-2-3,Depth_Color/36_Walk/user20/4-2-3,IR/36_Walk/user20/4-2-3,Thermal/36_Walk/user20/4-2-3,Skeleton/36_Walk/user20/4-2-3,IMU/36_Walk/user20/4-2-3,Radar/36_Walk/user20/4-2-3,0
36_Walk/user20/7-2-1,36_Walk,36,user20,7-2-1,Depth_Color/36_Walk/user20/7-2-1,IR/36_Walk/user20/7-2-1,Thermal/36_Walk/user20/7-2-1,Skeleton/36_Walk/user20/7-2-1,IMU/36_Walk/user20/7-2-1,Radar/36_Walk/user20/7-2-1,0
36_Walk/user20/7-2-2,36_Walk,36,user20,7-2-2,Depth_Color/36_Walk/user20/7-2-2,IR/36_Walk/user20/7-2-2,Thermal/36_Walk/user20/7-2-2,Skeleton/36_Walk/user20/7-2-2,IMU/36_Walk/user20/7-2-2,Radar/36_Walk/user20/7-2-2,0
36_Walk/user20/7-2-3,36_Walk,36,user20,7-2-3,Depth_Color/36_Walk/user20/7-2-3,IR/36_Walk/user20/7-2-3,Thermal/36_Walk/user20/7-2-3,Skeleton/36_Walk/user20/7-2-3,IMU/36_Walk/user20/7-2-3,Radar/36_Walk/user20/7-2-3,0
36_Walk/user21/1-1-1,36_Walk,36,user21,1-1-1,Depth_Color/36_Walk/user21/1-1-1,IR/36_Walk/user21/1-1-1,Thermal/36_Walk/user21/1-1-1,Skeleton/36_Walk/user21/1-1-1,IMU/36_Walk/user21/1-1-1,Radar/36_Walk/user21/1-1-1,0
36_Walk/user21/1-1-2,36_Walk,36,user21,1-1-2,Depth_Color/36_Walk/user21/1-1-2,IR/36_Walk/user21/1-1-2,Thermal/36_Walk/user21/1-1-2,Skeleton/36_Walk/user21/1-1-2,IMU/36_Walk/user21/1-1-2,Radar/36_Walk/user21/1-1-2,0
36_Walk/user21/1-1-3,36_Walk,36,user21,1-1-3,Depth_Color/36_Walk/user21/1-1-3,IR/36_Walk/user21/1-1-3,Thermal/36_Walk/user21/1-1-3,Skeleton/36_Walk/user21/1-1-3,IMU/36_Walk/user21/1-1-3,Radar/36_Walk/user21/1-1-3,0
36_Walk/user21/1-2-1,36_Walk,36,user21,1-2-1,Depth_Color/36_Walk/user21/1-2-1,IR/36_Walk/user21/1-2-1,Thermal/36_Walk/user21/1-2-1,Skeleton/36_Walk/user21/1-2-1,IMU/36_Walk/user21/1-2-1,Radar/36_Walk/user21/1-2-1,0
36_Walk/user21/1-2-2,36_Walk,36,user21,1-2-2,Depth_Color/36_Walk/user21/1-2-2,IR/36_Walk/user21/1-2-2,Thermal/36_Walk/user21/1-2-2,Skeleton/36_Walk/user21/1-2-2,,Radar/36_Walk/user21/1-2-2,0
36_Walk/user21/1-2-3,36_Walk,36,user21,1-2-3,Depth_Color/36_Walk/user21/1-2-3,IR/36_Walk/user21/1-2-3,Thermal/36_Walk/user21/1-2-3,Skeleton/36_Walk/user21/1-2-3,IMU/36_Walk/user21/1-2-3,Radar/36_Walk/user21/1-2-3,0
36_Walk/user21/2-2-1,36_Walk,36,user21,2-2-1,Depth_Color/36_Walk/user21/2-2-1,IR/36_Walk/user21/2-2-1,Thermal/36_Walk/user21/2-2-1,Skeleton/36_Walk/user21/2-2-1,IMU/36_Walk/user21/2-2-1,Radar/36_Walk/user21/2-2-1,0
36_Walk/user21/2-2-2,36_Walk,36,user21,2-2-2,Depth_Color/36_Walk/user21/2-2-2,IR/36_Walk/user21/2-2-2,Thermal/36_Walk/user21/2-2-2,Skeleton/36_Walk/user21/2-2-2,IMU/36_Walk/user21/2-2-2,Radar/36_Walk/user21/2-2-2,0
36_Walk/user21/2-2-3,36_Walk,36,user21,2-2-3,Depth_Color/36_Walk/user21/2-2-3,IR/36_Walk/user21/2-2-3,Thermal/36_Walk/user21/2-2-3,Skeleton/36_Walk/user21/2-2-3,IMU/36_Walk/user21/2-2-3,Radar/36_Walk/user21/2-2-3,0
36_Walk/user21/3-2-1,36_Walk,36,user21,3-2-1,Depth_Color/36_Walk/user21/3-2-1,IR/36_Walk/user21/3-2-1,Thermal/36_Walk/user21/3-2-1,Skeleton/36_Walk/user21/3-2-1,IMU/36_Walk/user21/3-2-1,Radar/36_Walk/user21/3-2-1,0
36_Walk/user21/3-2-2,36_Walk,36,user21,3-2-2,Depth_Color/36_Walk/user21/3-2-2,IR/36_Walk/user21/3-2-2,Thermal/36_Walk/user21/3-2-2,Skeleton/36_Walk/user21/3-2-2,IMU/36_Walk/user21/3-2-2,Radar/36_Walk/user21/3-2-2,0
36_Walk/user21/3-2-3,36_Walk,36,user21,3-2-3,Depth_Color/36_Walk/user21/3-2-3,IR/36_Walk/user21/3-2-3,Thermal/36_Walk/user21/3-2-3,Skeleton/36_Walk/user21/3-2-3,IMU/36_Walk/user21/3-2-3,Radar/36_Walk/user21/3-2-3,0
36_Walk/user21/4-1-1,36_Walk,36,user21,4-1-1,Depth_Color/36_Walk/user21/4-1-1,IR/36_Walk/user21/4-1-1,Thermal/36_Walk/user21/4-1-1,Skeleton/36_Walk/user21/4-1-1,IMU/36_Walk/user21/4-1-1,Radar/36_Walk/user21/4-1-1,0
36_Walk/user21/4-1-2,36_Walk,36,user21,4-1-2,Depth_Color/36_Walk/user21/4-1-2,IR/36_Walk/user21/4-1-2,Thermal/36_Walk/user21/4-1-2,Skeleton/36_Walk/user21/4-1-2,IMU/36_Walk/user21/4-1-2,Radar/36_Walk/user21/4-1-2,0
36_Walk/user21/4-1-3,36_Walk,36,user21,4-1-3,Depth_Color/36_Walk/user21/4-1-3,IR/36_Walk/user21/4-1-3,Thermal/36_Walk/user21/4-1-3,Skeleton/36_Walk/user21/4-1-3,IMU/36_Walk/user21/4-1-3,Radar/36_Walk/user21/4-1-3,0
36_Walk/user21/5-1-1,36_Walk,36,user21,5-1-1,Depth_Color/36_Walk/user21/5-1-1,IR/36_Walk/user21/5-1-1,Thermal/36_Walk/user21/5-1-1,Skeleton/36_Walk/user21/5-1-1,IMU/36_Walk/user21/5-1-1,Radar/36_Walk/user21/5-1-1,0
36_Walk/user21/5-1-2,36_Walk,36,user21,5-1-2,Depth_Color/36_Walk/user21/5-1-2,IR/36_Walk/user21/5-1-2,Thermal/36_Walk/user21/5-1-2,Skeleton/36_Walk/user21/5-1-2,IMU/36_Walk/user21/5-1-2,Radar/36_Walk/user21/5-1-2,0
36_Walk/user21/5-1-3,36_Walk,36,user21,5-1-3,Depth_Color/36_Walk/user21/5-1-3,IR/36_Walk/user21/5-1-3,Thermal/36_Walk/user21/5-1-3,Skeleton/36_Walk/user21/5-1-3,IMU/36_Walk/user21/5-1-3,Radar/36_Walk/user21/5-1-3,0
36_Walk/user21/5-2-1,36_Walk,36,user21,5-2-1,Depth_Color/36_Walk/user21/5-2-1,IR/36_Walk/user21/5-2-1,Thermal/36_Walk/user21/5-2-1,Skeleton/36_Walk/user21/5-2-1,IMU/36_Walk/user21/5-2-1,Radar/36_Walk/user21/5-2-1,0
36_Walk/user21/5-2-2,36_Walk,36,user21,5-2-2,Depth_Color/36_Walk/user21/5-2-2,IR/36_Walk/user21/5-2-2,Thermal/36_Walk/user21/5-2-2,Skeleton/36_Walk/user21/5-2-2,IMU/36_Walk/user21/5-2-2,Radar/36_Walk/user21/5-2-2,0
36_Walk/user21/5-2-3,36_Walk,36,user21,5-2-3,Depth_Color/36_Walk/user21/5-2-3,IR/36_Walk/user21/5-2-3,Thermal/36_Walk/user21/5-2-3,Skeleton/36_Walk/user21/5-2-3,IMU/36_Walk/user21/5-2-3,Radar/36_Walk/user21/5-2-3,0
36_Walk/user21/6-2-1,36_Walk,36,user21,6-2-1,Depth_Color/36_Walk/user21/6-2-1,IR/36_Walk/user21/6-2-1,Thermal/36_Walk/user21/6-2-1,Skeleton/36_Walk/user21/6-2-1,IMU/36_Walk/user21/6-2-1,Radar/36_Walk/user21/6-2-1,0
36_Walk/user21/6-2-2,36_Walk,36,user21,6-2-2,Depth_Color/36_Walk/user21/6-2-2,IR/36_Walk/user21/6-2-2,,Skeleton/36_Walk/user21/6-2-2,IMU/36_Walk/user21/6-2-2,Radar/36_Walk/user21/6-2-2,0
36_Walk/user21/6-2-3,36_Walk,36,user21,6-2-3,Depth_Color/36_Walk/user21/6-2-3,IR/36_Walk/user21/6-2-3,Thermal/36_Walk/user21/6-2-3,Skeleton/36_Walk/user21/6-2-3,IMU/36_Walk/user21/6-2-3,Radar/36_Walk/user21/6-2-3,0
36_Walk/user22/1-2-1,36_Walk,36,user22,1-2-1,Depth_Color/36_Walk/user22/1-2-1,IR/36_Walk/user22/1-2-1,Thermal/36_Walk/user22/1-2-1,Skeleton/36_Walk/user22/1-2-1,IMU/36_Walk/user22/1-2-1,Radar/36_Walk/user22/1-2-1,1
36_Walk/user22/1-2-2,36_Walk,36,user22,1-2-2,Depth_Color/36_Walk/user22/1-2-2,IR/36_Walk/user22/1-2-2,Thermal/36_Walk/user22/1-2-2,Skeleton/36_Walk/user22/1-2-2,IMU/36_Walk/user22/1-2-2,Radar/36_Walk/user22/1-2-2,1
36_Walk/user22/1-2-3,36_Walk,36,user22,1-2-3,Depth_Color/36_Walk/user22/1-2-3,IR/36_Walk/user22/1-2-3,Thermal/36_Walk/user22/1-2-3,Skeleton/36_Walk/user22/1-2-3,IMU/36_Walk/user22/1-2-3,Radar/36_Walk/user22/1-2-3,1
36_Walk/user22/2-1-1,36_Walk,36,user22,2-1-1,Depth_Color/36_Walk/user22/2-1-1,IR/36_Walk/user22/2-1-1,Thermal/36_Walk/user22/2-1-1,Skeleton/36_Walk/user22/2-1-1,IMU/36_Walk/user22/2-1-1,Radar/36_Walk/user22/2-1-1,1
36_Walk/user22/2-1-2,36_Walk,36,user22,2-1-2,Depth_Color/36_Walk/user22/2-1-2,IR/36_Walk/user22/2-1-2,Thermal/36_Walk/user22/2-1-2,Skeleton/36_Walk/user22/2-1-2,IMU/36_Walk/user22/2-1-2,Radar/36_Walk/user22/2-1-2,1
36_Walk/user22/2-1-3,36_Walk,36,user22,2-1-3,Depth_Color/36_Walk/user22/2-1-3,IR/36_Walk/user22/2-1-3,Thermal/36_Walk/user22/2-1-3,Skeleton/36_Walk/user22/2-1-3,IMU/36_Walk/user22/2-1-3,Radar/36_Walk/user22/2-1-3,1
36_Walk/user22/2-2-1,36_Walk,36,user22,2-2-1,Depth_Color/36_Walk/user22/2-2-1,IR/36_Walk/user22/2-2-1,Thermal/36_Walk/user22/2-2-1,Skeleton/36_Walk/user22/2-2-1,IMU/36_Walk/user22/2-2-1,Radar/36_Walk/user22/2-2-1,1
36_Walk/user22/2-2-2,36_Walk,36,user22,2-2-2,Depth_Color/36_Walk/user22/2-2-2,IR/36_Walk/user22/2-2-2,Thermal/36_Walk/user22/2-2-2,Skeleton/36_Walk/user22/2-2-2,IMU/36_Walk/user22/2-2-2,Radar/36_Walk/user22/2-2-2,1
36_Walk/user22/2-2-3,36_Walk,36,user22,2-2-3,Depth_Color/36_Walk/user22/2-2-3,IR/36_Walk/user22/2-2-3,Thermal/36_Walk/user22/2-2-3,Skeleton/36_Walk/user22/2-2-3,IMU/36_Walk/user22/2-2-3,Radar/36_Walk/user22/2-2-3,1
36_Walk/user22/3-1-1,36_Walk,36,user22,3-1-1,Depth_Color/36_Walk/user22/3-1-1,IR/36_Walk/user22/3-1-1,Thermal/36_Walk/user22/3-1-1,Skeleton/36_Walk/user22/3-1-1,IMU/36_Walk/user22/3-1-1,Radar/36_Walk/user22/3-1-1,1
36_Walk/user22/3-1-2,36_Walk,36,user22,3-1-2,Depth_Color/36_Walk/user22/3-1-2,IR/36_Walk/user22/3-1-2,Thermal/36_Walk/user22/3-1-2,Skeleton/36_Walk/user22/3-1-2,IMU/36_Walk/user22/3-1-2,Radar/36_Walk/user22/3-1-2,1
36_Walk/user22/3-2-1,36_Walk,36,user22,3-2-1,Depth_Color/36_Walk/user22/3-2-1,IR/36_Walk/user22/3-2-1,Thermal/36_Walk/user22/3-2-1,Skeleton/36_Walk/user22/3-2-1,IMU/36_Walk/user22/3-2-1,Radar/36_Walk/user22/3-2-1,1
36_Walk/user22/3-2-2,36_Walk,36,user22,3-2-2,Depth_Color/36_Walk/user22/3-2-2,IR/36_Walk/user22/3-2-2,Thermal/36_Walk/user22/3-2-2,Skeleton/36_Walk/user22/3-2-2,IMU/36_Walk/user22/3-2-2,Radar/36_Walk/user22/3-2-2,1
36_Walk/user22/3-2-3,36_Walk,36,user22,3-2-3,Depth_Color/36_Walk/user22/3-2-3,IR/36_Walk/user22/3-2-3,Thermal/36_Walk/user22/3-2-3,Skeleton/36_Walk/user22/3-2-3,IMU/36_Walk/user22/3-2-3,Radar/36_Walk/user22/3-2-3,1
36_Walk/user22/4-2-1,36_Walk,36,user22,4-2-1,Depth_Color/36_Walk/user22/4-2-1,IR/36_Walk/user22/4-2-1,Thermal/36_Walk/user22/4-2-1,Skeleton/36_Walk/user22/4-2-1,IMU/36_Walk/user22/4-2-1,Radar/36_Walk/user22/4-2-1,1
36_Walk/user22/4-2-2,36_Walk,36,user22,4-2-2,Depth_Color/36_Walk/user22/4-2-2,IR/36_Walk/user22/4-2-2,Thermal/36_Walk/user22/4-2-2,Skeleton/36_Walk/user22/4-2-2,IMU/36_Walk/user22/4-2-2,Radar/36_Walk/user22/4-2-2,1
36_Walk/user22/4-2-3,36_Walk,36,user22,4-2-3,Depth_Color/36_Walk/user22/4-2-3,IR/36_Walk/user22/4-2-3,Thermal/36_Walk/user22/4-2-3,Skeleton/36_Walk/user22/4-2-3,IMU/36_Walk/user22/4-2-3,Radar/36_Walk/user22/4-2-3,1
36_Walk/user22/5-2-1,36_Walk,36,user22,5-2-1,Depth_Color/36_Walk/user22/5-2-1,IR/36_Walk/user22/5-2-1,Thermal/36_Walk/user22/5-2-1,Skeleton/36_Walk/user22/5-2-1,IMU/36_Walk/user22/5-2-1,Radar/36_Walk/user22/5-2-1,1
36_Walk/user22/5-2-2,36_Walk,36,user22,5-2-2,Depth_Color/36_Walk/user22/5-2-2,IR/36_Walk/user22/5-2-2,Thermal/36_Walk/user22/5-2-2,Skeleton/36_Walk/user22/5-2-2,IMU/36_Walk/user22/5-2-2,Radar/36_Walk/user22/5-2-2,1
36_Walk/user22/5-2-3,36_Walk,36,user22,5-2-3,Depth_Color/36_Walk/user22/5-2-3,IR/36_Walk/user22/5-2-3,Thermal/36_Walk/user22/5-2-3,Skeleton/36_Walk/user22/5-2-3,IMU/36_Walk/user22/5-2-3,Radar/36_Walk/user22/5-2-3,1
36_Walk/user22/6-2-1,36_Walk,36,user22,6-2-1,Depth_Color/36_Walk/user22/6-2-1,IR/36_Walk/user22/6-2-1,Thermal/36_Walk/user22/6-2-1,Skeleton/36_Walk/user22/6-2-1,IMU/36_Walk/user22/6-2-1,Radar/36_Walk/user22/6-2-1,1
36_Walk/user22/6-2-2,36_Walk,36,user22,6-2-2,Depth_Color/36_Walk/user22/6-2-2,IR/36_Walk/user22/6-2-2,Thermal/36_Walk/user22/6-2-2,Skeleton/36_Walk/user22/6-2-2,IMU/36_Walk/user22/6-2-2,Radar/36_Walk/user22/6-2-2,1
36_Walk/user23/2-2-1,36_Walk,36,user23,2-2-1,Depth_Color/36_Walk/user23/2-2-1,IR/36_Walk/user23/2-2-1,,Skeleton/36_Walk/user23/2-2-1,IMU/36_Walk/user23/2-2-1,Radar/36_Walk/user23/2-2-1,0
36_Walk/user23/2-2-2,36_Walk,36,user23,2-2-2,Depth_Color/36_Walk/user23/2-2-2,IR/36_Walk/user23/2-2-2,,Skeleton/36_Walk/user23/2-2-2,IMU/36_Walk/user23/2-2-2,Radar/36_Walk/user23/2-2-2,0
36_Walk/user23/2-2-3,36_Walk,36,user23,2-2-3,Depth_Color/36_Walk/user23/2-2-3,IR/36_Walk/user23/2-2-3,,Skeleton/36_Walk/user23/2-2-3,IMU/36_Walk/user23/2-2-3,Radar/36_Walk/user23/2-2-3,0
36_Walk/user23/2-3-1,36_Walk,36,user23,2-3-1,Depth_Color/36_Walk/user23/2-3-1,IR/36_Walk/user23/2-3-1,Thermal/36_Walk/user23/2-3-1,Skeleton/36_Walk/user23/2-3-1,IMU/36_Walk/user23/2-3-1,Radar/36_Walk/user23/2-3-1,0
36_Walk/user23/2-3-2,36_Walk,36,user23,2-3-2,Depth_Color/36_Walk/user23/2-3-2,IR/36_Walk/user23/2-3-2,Thermal/36_Walk/user23/2-3-2,Skeleton/36_Walk/user23/2-3-2,IMU/36_Walk/user23/2-3-2,Radar/36_Walk/user23/2-3-2,0
36_Walk/user23/2-3-3,36_Walk,36,user23,2-3-3,Depth_Color/36_Walk/user23/2-3-3,IR/36_Walk/user23/2-3-3,Thermal/36_Walk/user23/2-3-3,Skeleton/36_Walk/user23/2-3-3,IMU/36_Walk/user23/2-3-3,Radar/36_Walk/user23/2-3-3,0
36_Walk/user23/3-2-1,36_Walk,36,user23,3-2-1,Depth_Color/36_Walk/user23/3-2-1,IR/36_Walk/user23/3-2-1,Thermal/36_Walk/user23/3-2-1,Skeleton/36_Walk/user23/3-2-1,IMU/36_Walk/user23/3-2-1,Radar/36_Walk/user23/3-2-1,0
36_Walk/user23/3-2-2,36_Walk,36,user23,3-2-2,Depth_Color/36_Walk/user23/3-2-2,IR/36_Walk/user23/3-2-2,Thermal/36_Walk/user23/3-2-2,Skeleton/36_Walk/user23/3-2-2,IMU/36_Walk/user23/3-2-2,Radar/36_Walk/user23/3-2-2,0
36_Walk/user23/3-2-3,36_Walk,36,user23,3-2-3,Depth_Color/36_Walk/user23/3-2-3,IR/36_Walk/user23/3-2-3,Thermal/36_Walk/user23/3-2-3,Skeleton/36_Walk/user23/3-2-3,IMU/36_Walk/user23/3-2-3,Radar/36_Walk/user23/3-2-3,0
36_Walk/user23/4-2-1,36_Walk,36,user23,4-2-1,Depth_Color/36_Walk/user23/4-2-1,IR/36_Walk/user23/4-2-1,Thermal/36_Walk/user23/4-2-1,Skeleton/36_Walk/user23/4-2-1,IMU/36_Walk/user23/4-2-1,Radar/36_Walk/user23/4-2-1,0
36_Walk/user23/4-2-2,36_Walk,36,user23,4-2-2,Depth_Color/36_Walk/user23/4-2-2,IR/36_Walk/user23/4-2-2,Thermal/36_Walk/user23/4-2-2,Skeleton/36_Walk/user23/4-2-2,IMU/36_Walk/user23/4-2-2,Radar/36_Walk/user23/4-2-2,0
36_Walk/user23/4-2-3,36_Walk,36,user23,4-2-3,Depth_Color/36_Walk/user23/4-2-3,IR/36_Walk/user23/4-2-3,Thermal/36_Walk/user23/4-2-3,Skeleton/36_Walk/user23/4-2-3,IMU/36_Walk/user23/4-2-3,Radar/36_Walk/user23/4-2-3,0
36_Walk/user23/5-3-1,36_Walk,36,user23,5-3-1,Depth_Color/36_Walk/user23/5-3-1,IR/36_Walk/user23/5-3-1,Thermal/36_Walk/user23/5-3-1,Skeleton/36_Walk/user23/5-3-1,IMU/36_Walk/user23/5-3-1,Radar/36_Walk/user23/5-3-1,0
36_Walk/user23/5-3-3,36_Walk,36,user23,5-3-3,Depth_Color/36_Walk/user23/5-3-3,IR/36_Walk/user23/5-3-3,Thermal/36_Walk/user23/5-3-3,Skeleton/36_Walk/user23/5-3-3,IMU/36_Walk/user23/5-3-3,Radar/36_Walk/user23/5-3-3,0
36_Walk/user23/7-3-1,36_Walk,36,user23,7-3-1,Depth_Color/36_Walk/user23/7-3-1,IR/36_Walk/user23/7-3-1,Thermal/36_Walk/user23/7-3-1,Skeleton/36_Walk/user23/7-3-1,IMU/36_Walk/user23/7-3-1,Radar/36_Walk/user23/7-3-1,0
36_Walk/user23/7-3-2,36_Walk,36,user23,7-3-2,Depth_Color/36_Walk/user23/7-3-2,IR/36_Walk/user23/7-3-2,Thermal/36_Walk/user23/7-3-2,Skeleton/36_Walk/user23/7-3-2,IMU/36_Walk/user23/7-3-2,Radar/36_Walk/user23/7-3-2,0
36_Walk/user23/7-3-3,36_Walk,36,user23,7-3-3,Depth_Color/36_Walk/user23/7-3-3,IR/36_Walk/user23/7-3-3,Thermal/36_Walk/user23/7-3-3,Skeleton/36_Walk/user23/7-3-3,IMU/36_Walk/user23/7-3-3,Radar/36_Walk/user23/7-3-3,0
36_Walk/user24/1-2-1,36_Walk,36,user24,1-2-1,Depth_Color/36_Walk/user24/1-2-1,IR/36_Walk/user24/1-2-1,Thermal/36_Walk/user24/1-2-1,Skeleton/36_Walk/user24/1-2-1,IMU/36_Walk/user24/1-2-1,Radar/36_Walk/user24/1-2-1,2
36_Walk/user24/1-2-2,36_Walk,36,user24,1-2-2,Depth_Color/36_Walk/user24/1-2-2,IR/36_Walk/user24/1-2-2,Thermal/36_Walk/user24/1-2-2,Skeleton/36_Walk/user24/1-2-2,IMU/36_Walk/user24/1-2-2,Radar/36_Walk/user24/1-2-2,2
36_Walk/user24/1-2-3,36_Walk,36,user24,1-2-3,Depth_Color/36_Walk/user24/1-2-3,IR/36_Walk/user24/1-2-3,Thermal/36_Walk/user24/1-2-3,Skeleton/36_Walk/user24/1-2-3,IMU/36_Walk/user24/1-2-3,Radar/36_Walk/user24/1-2-3,2
36_Walk/user24/3-2-1,36_Walk,36,user24,3-2-1,Depth_Color/36_Walk/user24/3-2-1,IR/36_Walk/user24/3-2-1,Thermal/36_Walk/user24/3-2-1,Skeleton/36_Walk/user24/3-2-1,IMU/36_Walk/user24/3-2-1,Radar/36_Walk/user24/3-2-1,2
36_Walk/user24/3-2-2,36_Walk,36,user24,3-2-2,Depth_Color/36_Walk/user24/3-2-2,IR/36_Walk/user24/3-2-2,Thermal/36_Walk/user24/3-2-2,Skeleton/36_Walk/user24/3-2-2,IMU/36_Walk/user24/3-2-2,Radar/36_Walk/user24/3-2-2,2
36_Walk/user24/3-2-3,36_Walk,36,user24,3-2-3,Depth_Color/36_Walk/user24/3-2-3,IR/36_Walk/user24/3-2-3,Thermal/36_Walk/user24/3-2-3,Skeleton/36_Walk/user24/3-2-3,IMU/36_Walk/user24/3-2-3,Radar/36_Walk/user24/3-2-3,2
36_Walk/user24/4-2-1,36_Walk,36,user24,4-2-1,Depth_Color/36_Walk/user24/4-2-1,IR/36_Walk/user24/4-2-1,Thermal/36_Walk/user24/4-2-1,Skeleton/36_Walk/user24/4-2-1,IMU/36_Walk/user24/4-2-1,Radar/36_Walk/user24/4-2-1,2
36_Walk/user24/4-2-2,36_Walk,36,user24,4-2-2,Depth_Color/36_Walk/user24/4-2-2,IR/36_Walk/user24/4-2-2,Thermal/36_Walk/user24/4-2-2,Skeleton/36_Walk/user24/4-2-2,IMU/36_Walk/user24/4-2-2,Radar/36_Walk/user24/4-2-2,2
36_Walk/user24/4-2-3,36_Walk,36,user24,4-2-3,Depth_Color/36_Walk/user24/4-2-3,IR/36_Walk/user24/4-2-3,Thermal/36_Walk/user24/4-2-3,Skeleton/36_Walk/user24/4-2-3,IMU/36_Walk/user24/4-2-3,Radar/36_Walk/user24/4-2-3,2
36_Walk/user24/5-1-1,36_Walk,36,user24,5-1-1,Depth_Color/36_Walk/user24/5-1-1,IR/36_Walk/user24/5-1-1,Thermal/36_Walk/user24/5-1-1,Skeleton/36_Walk/user24/5-1-1,IMU/36_Walk/user24/5-1-1,Radar/36_Walk/user24/5-1-1,2
36_Walk/user24/5-1-2,36_Walk,36,user24,5-1-2,Depth_Color/36_Walk/user24/5-1-2,IR/36_Walk/user24/5-1-2,Thermal/36_Walk/user24/5-1-2,Skeleton/36_Walk/user24/5-1-2,IMU/36_Walk/user24/5-1-2,Radar/36_Walk/user24/5-1-2,2
36_Walk/user24/5-1-3,36_Walk,36,user24,5-1-3,Depth_Color/36_Walk/user24/5-1-3,IR/36_Walk/user24/5-1-3,Thermal/36_Walk/user24/5-1-3,Skeleton/36_Walk/user24/5-1-3,IMU/36_Walk/user24/5-1-3,Radar/36_Walk/user24/5-1-3,2
36_Walk/user24/5-3-1,36_Walk,36,user24,5-3-1,Depth_Color/36_Walk/user24/5-3-1,IR/36_Walk/user24/5-3-1,Thermal/36_Walk/user24/5-3-1,Skeleton/36_Walk/user24/5-3-1,IMU/36_Walk/user24/5-3-1,Radar/36_Walk/user24/5-3-1,2
36_Walk/user24/5-3-2,36_Walk,36,user24,5-3-2,Depth_Color/36_Walk/user24/5-3-2,IR/36_Walk/user24/5-3-2,Thermal/36_Walk/user24/5-3-2,Skeleton/36_Walk/user24/5-3-2,IMU/36_Walk/user24/5-3-2,Radar/36_Walk/user24/5-3-2,2
36_Walk/user24/5-3-3,36_Walk,36,user24,5-3-3,Depth_Color/36_Walk/user24/5-3-3,IR/36_Walk/user24/5-3-3,Thermal/36_Walk/user24/5-3-3,Skeleton/36_Walk/user24/5-3-3,IMU/36_Walk/user24/5-3-3,Radar/36_Walk/user24/5-3-3,2
36_Walk/user24/6-2-1,36_Walk,36,user24,6-2-1,Depth_Color/36_Walk/user24/6-2-1,IR/36_Walk/user24/6-2-1,Thermal/36_Walk/user24/6-2-1,Skeleton/36_Walk/user24/6-2-1,IMU/36_Walk/user24/6-2-1,Radar/36_Walk/user24/6-2-1,2
36_Walk/user24/6-2-2,36_Walk,36,user24,6-2-2,Depth_Color/36_Walk/user24/6-2-2,IR/36_Walk/user24/6-2-2,,Skeleton/36_Walk/user24/6-2-2,IMU/36_Walk/user24/6-2-2,Radar/36_Walk/user24/6-2-2,2
36_Walk/user24/6-2-3,36_Walk,36,user24,6-2-3,Depth_Color/36_Walk/user24/6-2-3,IR/36_Walk/user24/6-2-3,Thermal/36_Walk/user24/6-2-3,Skeleton/36_Walk/user24/6-2-3,IMU/36_Walk/user24/6-2-3,Radar/36_Walk/user24/6-2-3,2
36_Walk/user24/7-2-1,36_Walk,36,user24,7-2-1,Depth_Color/36_Walk/user24/7-2-1,IR/36_Walk/user24/7-2-1,Thermal/36_Walk/user24/7-2-1,Skeleton/36_Walk/user24/7-2-1,IMU/36_Walk/user24/7-2-1,Radar/36_Walk/user24/7-2-1,2
36_Walk/user24/7-2-2,36_Walk,36,user24,7-2-2,Depth_Color/36_Walk/user24/7-2-2,IR/36_Walk/user24/7-2-2,Thermal/36_Walk/user24/7-2-2,Skeleton/36_Walk/user24/7-2-2,IMU/36_Walk/user24/7-2-2,Radar/36_Walk/user24/7-2-2,2
36_Walk/user24/7-2-3,36_Walk,36,user24,7-2-3,Depth_Color/36_Walk/user24/7-2-3,IR/36_Walk/user24/7-2-3,Thermal/36_Walk/user24/7-2-3,Skeleton/36_Walk/user24/7-2-3,IMU/36_Walk/user24/7-2-3,Radar/36_Walk/user24/7-2-3,2
36_Walk/user3/1-2-1,36_Walk,36,user3,1-2-1,Depth_Color/36_Walk/user3/1-2-1,IR/36_Walk/user3/1-2-1,Thermal/36_Walk/user3/1-2-1,Skeleton/36_Walk/user3/1-2-1,IMU/36_Walk/user3/1-2-1,Radar/36_Walk/user3/1-2-1,2
36_Walk/user3/1-2-2,36_Walk,36,user3,1-2-2,Depth_Color/36_Walk/user3/1-2-2,IR/36_Walk/user3/1-2-2,Thermal/36_Walk/user3/1-2-2,Skeleton/36_Walk/user3/1-2-2,IMU/36_Walk/user3/1-2-2,Radar/36_Walk/user3/1-2-2,2
36_Walk/user3/1-2-3,36_Walk,36,user3,1-2-3,Depth_Color/36_Walk/user3/1-2-3,IR/36_Walk/user3/1-2-3,Thermal/36_Walk/user3/1-2-3,Skeleton/36_Walk/user3/1-2-3,IMU/36_Walk/user3/1-2-3,Radar/36_Walk/user3/1-2-3,2
36_Walk/user3/2-2-1,36_Walk,36,user3,2-2-1,Depth_Color/36_Walk/user3/2-2-1,IR/36_Walk/user3/2-2-1,Thermal/36_Walk/user3/2-2-1,Skeleton/36_Walk/user3/2-2-1,IMU/36_Walk/user3/2-2-1,Radar/36_Walk/user3/2-2-1,2
36_Walk/user3/2-2-2,36_Walk,36,user3,2-2-2,Depth_Color/36_Walk/user3/2-2-2,IR/36_Walk/user3/2-2-2,Thermal/36_Walk/user3/2-2-2,Skeleton/36_Walk/user3/2-2-2,IMU/36_Walk/user3/2-2-2,Radar/36_Walk/user3/2-2-2,2
36_Walk/user3/2-2-3,36_Walk,36,user3,2-2-3,Depth_Color/36_Walk/user3/2-2-3,IR/36_Walk/user3/2-2-3,Thermal/36_Walk/user3/2-2-3,Skeleton/36_Walk/user3/2-2-3,IMU/36_Walk/user3/2-2-3,Radar/36_Walk/user3/2-2-3,2
36_Walk/user3/3-2-1,36_Walk,36,user3,3-2-1,Depth_Color/36_Walk/user3/3-2-1,IR/36_Walk/user3/3-2-1,Thermal/36_Walk/user3/3-2-1,Skeleton/36_Walk/user3/3-2-1,IMU/36_Walk/user3/3-2-1,Radar/36_Walk/user3/3-2-1,2
36_Walk/user3/3-2-2,36_Walk,36,user3,3-2-2,Depth_Color/36_Walk/user3/3-2-2,IR/36_Walk/user3/3-2-2,Thermal/36_Walk/user3/3-2-2,Skeleton/36_Walk/user3/3-2-2,IMU/36_Walk/user3/3-2-2,Radar/36_Walk/user3/3-2-2,2
36_Walk/user3/3-2-3,36_Walk,36,user3,3-2-3,Depth_Color/36_Walk/user3/3-2-3,IR/36_Walk/user3/3-2-3,Thermal/36_Walk/user3/3-2-3,Skeleton/36_Walk/user3/3-2-3,IMU/36_Walk/user3/3-2-3,Radar/36_Walk/user3/3-2-3,2
36_Walk/user3/5-2-1,36_Walk,36,user3,5-2-1,Depth_Color/36_Walk/user3/5-2-1,IR/36_Walk/user3/5-2-1,Thermal/36_Walk/user3/5-2-1,Skeleton/36_Walk/user3/5-2-1,IMU/36_Walk/user3/5-2-1,Radar/36_Walk/user3/5-2-1,2
36_Walk/user3/5-2-2,36_Walk,36,user3,5-2-2,Depth_Color/36_Walk/user3/5-2-2,IR/36_Walk/user3/5-2-2,Thermal/36_Walk/user3/5-2-2,Skeleton/36_Walk/user3/5-2-2,IMU/36_Walk/user3/5-2-2,Radar/36_Walk/user3/5-2-2,2
36_Walk/user3/5-2-3,36_Walk,36,user3,5-2-3,Depth_Color/36_Walk/user3/5-2-3,IR/36_Walk/user3/5-2-3,Thermal/36_Walk/user3/5-2-3,Skeleton/36_Walk/user3/5-2-3,IMU/36_Walk/user3/5-2-3,Radar/36_Walk/user3/5-2-3,2
36_Walk/user3/6-1-1,36_Walk,36,user3,6-1-1,Depth_Color/36_Walk/user3/6-1-1,IR/36_Walk/user3/6-1-1,Thermal/36_Walk/user3/6-1-1,Skeleton/36_Walk/user3/6-1-1,IMU/36_Walk/user3/6-1-1,Radar/36_Walk/user3/6-1-1,2
36_Walk/user3/6-1-2,36_Walk,36,user3,6-1-2,Depth_Color/36_Walk/user3/6-1-2,IR/36_Walk/user3/6-1-2,Thermal/36_Walk/user3/6-1-2,Skeleton/36_Walk/user3/6-1-2,IMU/36_Walk/user3/6-1-2,Radar/36_Walk/user3/6-1-2,2
36_Walk/user3/6-1-3,36_Walk,36,user3,6-1-3,Depth_Color/36_Walk/user3/6-1-3,IR/36_Walk/user3/6-1-3,Thermal/36_Walk/user3/6-1-3,Skeleton/36_Walk/user3/6-1-3,IMU/36_Walk/user3/6-1-3,Radar/36_Walk/user3/6-1-3,2
36_Walk/user3/6-2-1,36_Walk,36,user3,6-2-1,Depth_Color/36_Walk/user3/6-2-1,IR/36_Walk/user3/6-2-1,Thermal/36_Walk/user3/6-2-1,Skeleton/36_Walk/user3/6-2-1,IMU/36_Walk/user3/6-2-1,Radar/36_Walk/user3/6-2-1,2
36_Walk/user3/6-2-2,36_Walk,36,user3,6-2-2,Depth_Color/36_Walk/user3/6-2-2,IR/36_Walk/user3/6-2-2,Thermal/36_Walk/user3/6-2-2,Skeleton/36_Walk/user3/6-2-2,IMU/36_Walk/user3/6-2-2,Radar/36_Walk/user3/6-2-2,2
36_Walk/user3/6-2-3,36_Walk,36,user3,6-2-3,Depth_Color/36_Walk/user3/6-2-3,IR/36_Walk/user3/6-2-3,Thermal/36_Walk/user3/6-2-3,Skeleton/36_Walk/user3/6-2-3,IMU/36_Walk/user3/6-2-3,Radar/36_Walk/user3/6-2-3,2
36_Walk/user3/7-1-1,36_Walk,36,user3,7-1-1,Depth_Color/36_Walk/user3/7-1-1,IR/36_Walk/user3/7-1-1,Thermal/36_Walk/user3/7-1-1,Skeleton/36_Walk/user3/7-1-1,IMU/36_Walk/user3/7-1-1,Radar/36_Walk/user3/7-1-1,2
36_Walk/user3/7-1-2,36_Walk,36,user3,7-1-2,Depth_Color/36_Walk/user3/7-1-2,IR/36_Walk/user3/7-1-2,Thermal/36_Walk/user3/7-1-2,Skeleton/36_Walk/user3/7-1-2,IMU/36_Walk/user3/7-1-2,Radar/36_Walk/user3/7-1-2,2
36_Walk/user3/7-1-3,36_Walk,36,user3,7-1-3,Depth_Color/36_Walk/user3/7-1-3,IR/36_Walk/user3/7-1-3,Thermal/36_Walk/user3/7-1-3,Skeleton/36_Walk/user3/7-1-3,IMU/36_Walk/user3/7-1-3,Radar/36_Walk/user3/7-1-3,2
36_Walk/user4/1-2-1,36_Walk,36,user4,1-2-1,Depth_Color/36_Walk/user4/1-2-1,IR/36_Walk/user4/1-2-1,Thermal/36_Walk/user4/1-2-1,Skeleton/36_Walk/user4/1-2-1,IMU/36_Walk/user4/1-2-1,Radar/36_Walk/user4/1-2-1,1
36_Walk/user4/1-2-2,36_Walk,36,user4,1-2-2,Depth_Color/36_Walk/user4/1-2-2,IR/36_Walk/user4/1-2-2,Thermal/36_Walk/user4/1-2-2,Skeleton/36_Walk/user4/1-2-2,IMU/36_Walk/user4/1-2-2,Radar/36_Walk/user4/1-2-2,1
36_Walk/user4/1-2-3,36_Walk,36,user4,1-2-3,Depth_Color/36_Walk/user4/1-2-3,IR/36_Walk/user4/1-2-3,Thermal/36_Walk/user4/1-2-3,Skeleton/36_Walk/user4/1-2-3,IMU/36_Walk/user4/1-2-3,Radar/36_Walk/user4/1-2-3,1
36_Walk/user4/2-2-1,36_Walk,36,user4,2-2-1,Depth_Color/36_Walk/user4/2-2-1,IR/36_Walk/user4/2-2-1,Thermal/36_Walk/user4/2-2-1,Skeleton/36_Walk/user4/2-2-1,IMU/36_Walk/user4/2-2-1,Radar/36_Walk/user4/2-2-1,1
36_Walk/user4/2-2-2,36_Walk,36,user4,2-2-2,Depth_Color/36_Walk/user4/2-2-2,IR/36_Walk/user4/2-2-2,Thermal/36_Walk/user4/2-2-2,Skeleton/36_Walk/user4/2-2-2,IMU/36_Walk/user4/2-2-2,Radar/36_Walk/user4/2-2-2,1
36_Walk/user4/2-2-3,36_Walk,36,user4,2-2-3,Depth_Color/36_Walk/user4/2-2-3,IR/36_Walk/user4/2-2-3,Thermal/36_Walk/user4/2-2-3,Skeleton/36_Walk/user4/2-2-3,IMU/36_Walk/user4/2-2-3,Radar/36_Walk/user4/2-2-3,1
36_Walk/user4/4-2-1,36_Walk,36,user4,4-2-1,Depth_Color/36_Walk/user4/4-2-1,IR/36_Walk/user4/4-2-1,Thermal/36_Walk/user4/4-2-1,Skeleton/36_Walk/user4/4-2-1,IMU/36_Walk/user4/4-2-1,Radar/36_Walk/user4/4-2-1,1
36_Walk/user4/4-2-2,36_Walk,36,user4,4-2-2,Depth_Color/36_Walk/user4/4-2-2,IR/36_Walk/user4/4-2-2,Thermal/36_Walk/user4/4-2-2,Skeleton/36_Walk/user4/4-2-2,IMU/36_Walk/user4/4-2-2,Radar/36_Walk/user4/4-2-2,1
36_Walk/user4/4-2-3,36_Walk,36,user4,4-2-3,Depth_Color/36_Walk/user4/4-2-3,IR/36_Walk/user4/4-2-3,Thermal/36_Walk/user4/4-2-3,Skeleton/36_Walk/user4/4-2-3,IMU/36_Walk/user4/4-2-3,Radar/36_Walk/user4/4-2-3,1
36_Walk/user4/5-2-1,36_Walk,36,user4,5-2-1,Depth_Color/36_Walk/user4/5-2-1,IR/36_Walk/user4/5-2-1,,Skeleton/36_Walk/user4/5-2-1,IMU/36_Walk/user4/5-2-1,Radar/36_Walk/user4/5-2-1,1
36_Walk/user4/5-2-2,36_Walk,36,user4,5-2-2,Depth_Color/36_Walk/user4/5-2-2,IR/36_Walk/user4/5-2-2,Thermal/36_Walk/user4/5-2-2,Skeleton/36_Walk/user4/5-2-2,IMU/36_Walk/user4/5-2-2,Radar/36_Walk/user4/5-2-2,1
36_Walk/user4/5-2-3,36_Walk,36,user4,5-2-3,Depth_Color/36_Walk/user4/5-2-3,IR/36_Walk/user4/5-2-3,Thermal/36_Walk/user4/5-2-3,Skeleton/36_Walk/user4/5-2-3,IMU/36_Walk/user4/5-2-3,Radar/36_Walk/user4/5-2-3,1
36_Walk/user4/7-1-1,36_Walk,36,user4,7-1-1,Depth_Color/36_Walk/user4/7-1-1,IR/36_Walk/user4/7-1-1,Thermal/36_Walk/user4/7-1-1,Skeleton/36_Walk/user4/7-1-1,IMU/36_Walk/user4/7-1-1,Radar/36_Walk/user4/7-1-1,1
36_Walk/user4/7-1-2,36_Walk,36,user4,7-1-2,Depth_Color/36_Walk/user4/7-1-2,IR/36_Walk/user4/7-1-2,Thermal/36_Walk/user4/7-1-2,Skeleton/36_Walk/user4/7-1-2,IMU/36_Walk/user4/7-1-2,Radar/36_Walk/user4/7-1-2,1
36_Walk/user4/7-1-3,36_Walk,36,user4,7-1-3,Depth_Color/36_Walk/user4/7-1-3,IR/36_Walk/user4/7-1-3,Thermal/36_Walk/user4/7-1-3,Skeleton/36_Walk/user4/7-1-3,IMU/36_Walk/user4/7-1-3,Radar/36_Walk/user4/7-1-3,1
36_Walk/user5/1-2-1,36_Walk,36,user5,1-2-1,,,Thermal/36_Walk/user5/1-2-1,,,,2
36_Walk/user5/1-2-2,36_Walk,36,user5,1-2-2,,,Thermal/36_Walk/user5/1-2-2,,,,2
36_Walk/user5/1-2-3,36_Walk,36,user5,1-2-3,,,Thermal/36_Walk/user5/1-2-3,,,,2
36_Walk/user5/3-1-1,36_Walk,36,user5,3-1-1,,,Thermal/36_Walk/user5/3-1-1,,,,2
36_Walk/user5/3-1-2,36_Walk,36,user5,3-1-2,,,Thermal/36_Walk/user5/3-1-2,,,,2
36_Walk/user5/3-1-3,36_Walk,36,user5,3-1-3,,,Thermal/36_Walk/user5/3-1-3,,,,2
36_Walk/user5/3-2-1,36_Walk,36,user5,3-2-1,,,Thermal/36_Walk/user5/3-2-1,,,,2
36_Walk/user5/3-2-2,36_Walk,36,user5,3-2-2,,,Thermal/36_Walk/user5/3-2-2,,,,2
36_Walk/user5/3-2-3,36_Walk,36,user5,3-2-3,,,Thermal/36_Walk/user5/3-2-3,,,,2
36_Walk/user5/4-2-1,36_Walk,36,user5,4-2-1,,,Thermal/36_Walk/user5/4-2-1,,,,2
36_Walk/user5/4-2-2,36_Walk,36,user5,4-2-2,,,Thermal/36_Walk/user5/4-2-2,,,,2
36_Walk/user5/4-2-3,36_Walk,36,user5,4-2-3,,,Thermal/36_Walk/user5/4-2-3,,,,2
36_Walk/user5/4-3-1,36_Walk,36,user5,4-3-1,,,Thermal/36_Walk/user5/4-3-1,,,,2
36_Walk/user5/4-3-2,36_Walk,36,user5,4-3-2,,,Thermal/36_Walk/user5/4-3-2,,,,2
36_Walk/user5/4-3-3,36_Walk,36,user5,4-3-3,,,Thermal/36_Walk/user5/4-3-3,,,,2
36_Walk/user5/5-1-1,36_Walk,36,user5,5-1-1,,,Thermal/36_Walk/user5/5-1-1,,,,2
36_Walk/user5/5-1-2,36_Walk,36,user5,5-1-2,,,Thermal/36_Walk/user5/5-1-2,,,,2
36_Walk/user5/5-1-3,36_Walk,36,user5,5-1-3,,,Thermal/36_Walk/user5/5-1-3,,,,2
36_Walk/user5/5-2-1,36_Walk,36,user5,5-2-1,,,Thermal/36_Walk/user5/5-2-1,,,,2
36_Walk/user5/5-2-2,36_Walk,36,user5,5-2-2,,,Thermal/36_Walk/user5/5-2-2,,,,2
36_Walk/user5/5-2-3,36_Walk,36,user5,5-2-3,,,Thermal/36_Walk/user5/5-2-3,,,,2
36_Walk/user5/6-2-1,36_Walk,36,user5,6-2-1,,,Thermal/36_Walk/user5/6-2-1,,,,2
36_Walk/user5/6-2-2,36_Walk,36,user5,6-2-2,,,Thermal/36_Walk/user5/6-2-2,,,,2
36_Walk/user5/6-2-3,36_Walk,36,user5,6-2-3,,,Thermal/36_Walk/user5/6-2-3,,,,2
36_Walk/user5/7-1-1,36_Walk,36,user5,7-1-1,,,Thermal/36_Walk/user5/7-1-1,,,,2
36_Walk/user5/7-1-2,36_Walk,36,user5,7-1-2,,,Thermal/36_Walk/user5/7-1-2,,,,2
36_Walk/user5/7-1-3,36_Walk,36,user5,7-1-3,,,Thermal/36_Walk/user5/7-1-3,,,,2
36_Walk/user5/7-2-1,36_Walk,36,user5,7-2-1,,,Thermal/36_Walk/user5/7-2-1,,,,2
36_Walk/user5/7-2-2,36_Walk,36,user5,7-2-2,,,Thermal/36_Walk/user5/7-2-2,,,,2
36_Walk/user5/7-2-3,36_Walk,36,user5,7-2-3,,,Thermal/36_Walk/user5/7-2-3,,,,2
36_Walk/user6/1-1-1,36_Walk,36,user6,1-1-1,Depth_Color/36_Walk/user6/1-1-1,IR/36_Walk/user6/1-1-1,Thermal/36_Walk/user6/1-1-1,Skeleton/36_Walk/user6/1-1-1,IMU/36_Walk/user6/1-1-1,Radar/36_Walk/user6/1-1-1,1
36_Walk/user6/1-1-2,36_Walk,36,user6,1-1-2,Depth_Color/36_Walk/user6/1-1-2,IR/36_Walk/user6/1-1-2,Thermal/36_Walk/user6/1-1-2,Skeleton/36_Walk/user6/1-1-2,IMU/36_Walk/user6/1-1-2,Radar/36_Walk/user6/1-1-2,1
36_Walk/user6/1-1-3,36_Walk,36,user6,1-1-3,Depth_Color/36_Walk/user6/1-1-3,IR/36_Walk/user6/1-1-3,,Skeleton/36_Walk/user6/1-1-3,IMU/36_Walk/user6/1-1-3,Radar/36_Walk/user6/1-1-3,1
36_Walk/user6/2-3-1,36_Walk,36,user6,2-3-1,Depth_Color/36_Walk/user6/2-3-1,IR/36_Walk/user6/2-3-1,,Skeleton/36_Walk/user6/2-3-1,IMU/36_Walk/user6/2-3-1,Radar/36_Walk/user6/2-3-1,1
36_Walk/user6/2-3-2,36_Walk,36,user6,2-3-2,Depth_Color/36_Walk/user6/2-3-2,IR/36_Walk/user6/2-3-2,,Skeleton/36_Walk/user6/2-3-2,IMU/36_Walk/user6/2-3-2,Radar/36_Walk/user6/2-3-2,1
36_Walk/user6/2-3-3,36_Walk,36,user6,2-3-3,Depth_Color/36_Walk/user6/2-3-3,IR/36_Walk/user6/2-3-3,,Skeleton/36_Walk/user6/2-3-3,IMU/36_Walk/user6/2-3-3,Radar/36_Walk/user6/2-3-3,1
36_Walk/user6/3-1-1,36_Walk,36,user6,3-1-1,Depth_Color/36_Walk/user6/3-1-1,IR/36_Walk/user6/3-1-1,Thermal/36_Walk/user6/3-1-1,Skeleton/36_Walk/user6/3-1-1,IMU/36_Walk/user6/3-1-1,Radar/36_Walk/user6/3-1-1,1
36_Walk/user6/3-1-2,36_Walk,36,user6,3-1-2,Depth_Color/36_Walk/user6/3-1-2,IR/36_Walk/user6/3-1-2,Thermal/36_Walk/user6/3-1-2,Skeleton/36_Walk/user6/3-1-2,IMU/36_Walk/user6/3-1-2,Radar/36_Walk/user6/3-1-2,1
36_Walk/user6/3-1-3,36_Walk,36,user6,3-1-3,Depth_Color/36_Walk/user6/3-1-3,IR/36_Walk/user6/3-1-3,Thermal/36_Walk/user6/3-1-3,Skeleton/36_Walk/user6/3-1-3,IMU/36_Walk/user6/3-1-3,Radar/36_Walk/user6/3-1-3,1
36_Walk/user6/3-3-1,36_Walk,36,user6,3-3-1,Depth_Color/36_Walk/user6/3-3-1,IR/36_Walk/user6/3-3-1,Thermal/36_Walk/user6/3-3-1,Skeleton/36_Walk/user6/3-3-1,IMU/36_Walk/user6/3-3-1,Radar/36_Walk/user6/3-3-1,1
36_Walk/user6/3-3-2,36_Walk,36,user6,3-3-2,Depth_Color/36_Walk/user6/3-3-2,IR/36_Walk/user6/3-3-2,Thermal/36_Walk/user6/3-3-2,Skeleton/36_Walk/user6/3-3-2,IMU/36_Walk/user6/3-3-2,Radar/36_Walk/user6/3-3-2,1
36_Walk/user6/3-3-3,36_Walk,36,user6,3-3-3,Depth_Color/36_Walk/user6/3-3-3,IR/36_Walk/user6/3-3-3,Thermal/36_Walk/user6/3-3-3,Skeleton/36_Walk/user6/3-3-3,IMU/36_Walk/user6/3-3-3,Radar/36_Walk/user6/3-3-3,1
36_Walk/user6/5-2-1,36_Walk,36,user6,5-2-1,Depth_Color/36_Walk/user6/5-2-1,IR/36_Walk/user6/5-2-1,,Skeleton/36_Walk/user6/5-2-1,IMU/36_Walk/user6/5-2-1,Radar/36_Walk/user6/5-2-1,1
36_Walk/user6/5-2-2,36_Walk,36,user6,5-2-2,Depth_Color/36_Walk/user6/5-2-2,IR/36_Walk/user6/5-2-2,,Skeleton/36_Walk/user6/5-2-2,IMU/36_Walk/user6/5-2-2,Radar/36_Walk/user6/5-2-2,1
36_Walk/user6/5-2-3,36_Walk,36,user6,5-2-3,Depth_Color/36_Walk/user6/5-2-3,IR/36_Walk/user6/5-2-3,,Skeleton/36_Walk/user6/5-2-3,IMU/36_Walk/user6/5-2-3,Radar/36_Walk/user6/5-2-3,1
36_Walk/user6/5-3-1,36_Walk,36,user6,5-3-1,Depth_Color/36_Walk/user6/5-3-1,IR/36_Walk/user6/5-3-1,Thermal/36_Walk/user6/5-3-1,Skeleton/36_Walk/user6/5-3-1,IMU/36_Walk/user6/5-3-1,Radar/36_Walk/user6/5-3-1,1
36_Walk/user6/5-3-2,36_Walk,36,user6,5-3-2,Depth_Color/36_Walk/user6/5-3-2,IR/36_Walk/user6/5-3-2,Thermal/36_Walk/user6/5-3-2,Skeleton/36_Walk/user6/5-3-2,IMU/36_Walk/user6/5-3-2,Radar/36_Walk/user6/5-3-2,1
36_Walk/user6/5-3-3,36_Walk,36,user6,5-3-3,Depth_Color/36_Walk/user6/5-3-3,IR/36_Walk/user6/5-3-3,Thermal/36_Walk/user6/5-3-3,Skeleton/36_Walk/user6/5-3-3,IMU/36_Walk/user6/5-3-3,Radar/36_Walk/user6/5-3-3,1
36_Walk/user6/7-3-1,36_Walk,36,user6,7-3-1,Depth_Color/36_Walk/user6/7-3-1,IR/36_Walk/user6/7-3-1,Thermal/36_Walk/user6/7-3-1,Skeleton/36_Walk/user6/7-3-1,IMU/36_Walk/user6/7-3-1,Radar/36_Walk/user6/7-3-1,1
36_Walk/user6/7-3-2,36_Walk,36,user6,7-3-2,Depth_Color/36_Walk/user6/7-3-2,IR/36_Walk/user6/7-3-2,Thermal/36_Walk/user6/7-3-2,Skeleton/36_Walk/user6/7-3-2,IMU/36_Walk/user6/7-3-2,Radar/36_Walk/user6/7-3-2,1
36_Walk/user6/7-3-3,36_Walk,36,user6,7-3-3,Depth_Color/36_Walk/user6/7-3-3,IR/36_Walk/user6/7-3-3,Thermal/36_Walk/user6/7-3-3,Skeleton/36_Walk/user6/7-3-3,IMU/36_Walk/user6/7-3-3,Radar/36_Walk/user6/7-3-3,1
36_Walk/user7/1-2-1,36_Walk,36,user7,1-2-1,Depth_Color/36_Walk/user7/1-2-1,IR/36_Walk/user7/1-2-1,Thermal/36_Walk/user7/1-2-1,Skeleton/36_Walk/user7/1-2-1,IMU/36_Walk/user7/1-2-1,Radar/36_Walk/user7/1-2-1,0
36_Walk/user7/1-2-2,36_Walk,36,user7,1-2-2,Depth_Color/36_Walk/user7/1-2-2,IR/36_Walk/user7/1-2-2,Thermal/36_Walk/user7/1-2-2,Skeleton/36_Walk/user7/1-2-2,IMU/36_Walk/user7/1-2-2,Radar/36_Walk/user7/1-2-2,0
36_Walk/user7/1-2-3,36_Walk,36,user7,1-2-3,Depth_Color/36_Walk/user7/1-2-3,IR/36_Walk/user7/1-2-3,Thermal/36_Walk/user7/1-2-3,Skeleton/36_Walk/user7/1-2-3,IMU/36_Walk/user7/1-2-3,Radar/36_Walk/user7/1-2-3,0
36_Walk/user7/3-2-1,36_Walk,36,user7,3-2-1,Depth_Color/36_Walk/user7/3-2-1,IR/36_Walk/user7/3-2-1,Thermal/36_Walk/user7/3-2-1,Skeleton/36_Walk/user7/3-2-1,IMU/36_Walk/user7/3-2-1,Radar/36_Walk/user7/3-2-1,0
36_Walk/user7/3-2-2,36_Walk,36,user7,3-2-2,Depth_Color/36_Walk/user7/3-2-2,IR/36_Walk/user7/3-2-2,Thermal/36_Walk/user7/3-2-2,Skeleton/36_Walk/user7/3-2-2,IMU/36_Walk/user7/3-2-2,Radar/36_Walk/user7/3-2-2,0
36_Walk/user7/3-2-3,36_Walk,36,user7,3-2-3,Depth_Color/36_Walk/user7/3-2-3,IR/36_Walk/user7/3-2-3,Thermal/36_Walk/user7/3-2-3,Skeleton/36_Walk/user7/3-2-3,IMU/36_Walk/user7/3-2-3,Radar/36_Walk/user7/3-2-3,0
36_Walk/user7/3-3-1,36_Walk,36,user7,3-3-1,Depth_Color/36_Walk/user7/3-3-1,IR/36_Walk/user7/3-3-1,Thermal/36_Walk/user7/3-3-1,Skeleton/36_Walk/user7/3-3-1,IMU/36_Walk/user7/3-3-1,Radar/36_Walk/user7/3-3-1,0
36_Walk/user7/3-3-3,36_Walk,36,user7,3-3-3,Depth_Color/36_Walk/user7/3-3-3,IR/36_Walk/user7/3-3-3,Thermal/36_Walk/user7/3-3-3,Skeleton/36_Walk/user7/3-3-3,IMU/36_Walk/user7/3-3-3,Radar/36_Walk/user7/3-3-3,0
36_Walk/user7/4-1-1,36_Walk,36,user7,4-1-1,Depth_Color/36_Walk/user7/4-1-1,IR/36_Walk/user7/4-1-1,Thermal/36_Walk/user7/4-1-1,Skeleton/36_Walk/user7/4-1-1,IMU/36_Walk/user7/4-1-1,Radar/36_Walk/user7/4-1-1,0
36_Walk/user7/4-1-2,36_Walk,36,user7,4-1-2,Depth_Color/36_Walk/user7/4-1-2,IR/36_Walk/user7/4-1-2,Thermal/36_Walk/user7/4-1-2,Skeleton/36_Walk/user7/4-1-2,IMU/36_Walk/user7/4-1-2,Radar/36_Walk/user7/4-1-2,0
36_Walk/user7/4-1-3,36_Walk,36,user7,4-1-3,Depth_Color/36_Walk/user7/4-1-3,IR/36_Walk/user7/4-1-3,Thermal/36_Walk/user7/4-1-3,Skeleton/36_Walk/user7/4-1-3,IMU/36_Walk/user7/4-1-3,Radar/36_Walk/user7/4-1-3,0
36_Walk/user7/5-2-1,36_Walk,36,user7,5-2-1,Depth_Color/36_Walk/user7/5-2-1,IR/36_Walk/user7/5-2-1,Thermal/36_Walk/user7/5-2-1,Skeleton/36_Walk/user7/5-2-1,IMU/36_Walk/user7/5-2-1,Radar/36_Walk/user7/5-2-1,0
36_Walk/user7/5-2-2,36_Walk,36,user7,5-2-2,Depth_Color/36_Walk/user7/5-2-2,IR/36_Walk/user7/5-2-2,Thermal/36_Walk/user7/5-2-2,Skeleton/36_Walk/user7/5-2-2,IMU/36_Walk/user7/5-2-2,Radar/36_Walk/user7/5-2-2,0
36_Walk/user7/5-2-3,36_Walk,36,user7,5-2-3,Depth_Color/36_Walk/user7/5-2-3,IR/36_Walk/user7/5-2-3,Thermal/36_Walk/user7/5-2-3,Skeleton/36_Walk/user7/5-2-3,IMU/36_Walk/user7/5-2-3,Radar/36_Walk/user7/5-2-3,0
36_Walk/user7/5-3-1,36_Walk,36,user7,5-3-1,Depth_Color/36_Walk/user7/5-3-1,IR/36_Walk/user7/5-3-1,Thermal/36_Walk/user7/5-3-1,Skeleton/36_Walk/user7/5-3-1,IMU/36_Walk/user7/5-3-1,Radar/36_Walk/user7/5-3-1,0
36_Walk/user7/5-3-2,36_Walk,36,user7,5-3-2,Depth_Color/36_Walk/user7/5-3-2,IR/36_Walk/user7/5-3-2,Thermal/36_Walk/user7/5-3-2,Skeleton/36_Walk/user7/5-3-2,IMU/36_Walk/user7/5-3-2,Radar/36_Walk/user7/5-3-2,0
36_Walk/user7/5-3-3,36_Walk,36,user7,5-3-3,Depth_Color/36_Walk/user7/5-3-3,IR/36_Walk/user7/5-3-3,Thermal/36_Walk/user7/5-3-3,Skeleton/36_Walk/user7/5-3-3,IMU/36_Walk/user7/5-3-3,Radar/36_Walk/user7/5-3-3,0
36_Walk/user7/6-1-1,36_Walk,36,user7,6-1-1,Depth_Color/36_Walk/user7/6-1-1,IR/36_Walk/user7/6-1-1,Thermal/36_Walk/user7/6-1-1,Skeleton/36_Walk/user7/6-1-1,IMU/36_Walk/user7/6-1-1,Radar/36_Walk/user7/6-1-1,0
36_Walk/user7/6-1-2,36_Walk,36,user7,6-1-2,Depth_Color/36_Walk/user7/6-1-2,IR/36_Walk/user7/6-1-2,Thermal/36_Walk/user7/6-1-2,Skeleton/36_Walk/user7/6-1-2,IMU/36_Walk/user7/6-1-2,Radar/36_Walk/user7/6-1-2,0
36_Walk/user7/6-1-3,36_Walk,36,user7,6-1-3,Depth_Color/36_Walk/user7/6-1-3,IR/36_Walk/user7/6-1-3,Thermal/36_Walk/user7/6-1-3,Skeleton/36_Walk/user7/6-1-3,IMU/36_Walk/user7/6-1-3,Radar/36_Walk/user7/6-1-3,0
36_Walk/user7/6-3-1,36_Walk,36,user7,6-3-1,Depth_Color/36_Walk/user7/6-3-1,IR/36_Walk/user7/6-3-1,Thermal/36_Walk/user7/6-3-1,Skeleton/36_Walk/user7/6-3-1,IMU/36_Walk/user7/6-3-1,Radar/36_Walk/user7/6-3-1,0
36_Walk/user7/6-3-3,36_Walk,36,user7,6-3-3,Depth_Color/36_Walk/user7/6-3-3,IR/36_Walk/user7/6-3-3,Thermal/36_Walk/user7/6-3-3,Skeleton/36_Walk/user7/6-3-3,IMU/36_Walk/user7/6-3-3,Radar/36_Walk/user7/6-3-3,0
36_Walk/user8/1-2-1,36_Walk,36,user8,1-2-1,Depth_Color/36_Walk/user8/1-2-1,IR/36_Walk/user8/1-2-1,Thermal/36_Walk/user8/1-2-1,Skeleton/36_Walk/user8/1-2-1,IMU/36_Walk/user8/1-2-1,Radar/36_Walk/user8/1-2-1,2
36_Walk/user8/1-2-2,36_Walk,36,user8,1-2-2,Depth_Color/36_Walk/user8/1-2-2,IR/36_Walk/user8/1-2-2,Thermal/36_Walk/user8/1-2-2,Skeleton/36_Walk/user8/1-2-2,IMU/36_Walk/user8/1-2-2,Radar/36_Walk/user8/1-2-2,2
36_Walk/user8/1-2-3,36_Walk,36,user8,1-2-3,Depth_Color/36_Walk/user8/1-2-3,IR/36_Walk/user8/1-2-3,Thermal/36_Walk/user8/1-2-3,Skeleton/36_Walk/user8/1-2-3,IMU/36_Walk/user8/1-2-3,Radar/36_Walk/user8/1-2-3,2
36_Walk/user8/2-2-1,36_Walk,36,user8,2-2-1,Depth_Color/36_Walk/user8/2-2-1,IR/36_Walk/user8/2-2-1,Thermal/36_Walk/user8/2-2-1,Skeleton/36_Walk/user8/2-2-1,IMU/36_Walk/user8/2-2-1,Radar/36_Walk/user8/2-2-1,2
36_Walk/user8/2-2-2,36_Walk,36,user8,2-2-2,Depth_Color/36_Walk/user8/2-2-2,IR/36_Walk/user8/2-2-2,Thermal/36_Walk/user8/2-2-2,Skeleton/36_Walk/user8/2-2-2,IMU/36_Walk/user8/2-2-2,Radar/36_Walk/user8/2-2-2,2
36_Walk/user8/2-2-3,36_Walk,36,user8,2-2-3,Depth_Color/36_Walk/user8/2-2-3,IR/36_Walk/user8/2-2-3,Thermal/36_Walk/user8/2-2-3,Skeleton/36_Walk/user8/2-2-3,IMU/36_Walk/user8/2-2-3,Radar/36_Walk/user8/2-2-3,2
36_Walk/user8/3-3-1,36_Walk,36,user8,3-3-1,Depth_Color/36_Walk/user8/3-3-1,IR/36_Walk/user8/3-3-1,Thermal/36_Walk/user8/3-3-1,Skeleton/36_Walk/user8/3-3-1,IMU/36_Walk/user8/3-3-1,Radar/36_Walk/user8/3-3-1,2
36_Walk/user8/3-3-2,36_Walk,36,user8,3-3-2,Depth_Color/36_Walk/user8/3-3-2,IR/36_Walk/user8/3-3-2,Thermal/36_Walk/user8/3-3-2,Skeleton/36_Walk/user8/3-3-2,IMU/36_Walk/user8/3-3-2,Radar/36_Walk/user8/3-3-2,2
36_Walk/user8/3-3-3,36_Walk,36,user8,3-3-3,Depth_Color/36_Walk/user8/3-3-3,IR/36_Walk/user8/3-3-3,Thermal/36_Walk/user8/3-3-3,Skeleton/36_Walk/user8/3-3-3,IMU/36_Walk/user8/3-3-3,,2
36_Walk/user8/4-2-1,36_Walk,36,user8,4-2-1,Depth_Color/36_Walk/user8/4-2-1,IR/36_Walk/user8/4-2-1,Thermal/36_Walk/user8/4-2-1,Skeleton/36_Walk/user8/4-2-1,IMU/36_Walk/user8/4-2-1,Radar/36_Walk/user8/4-2-1,2
36_Walk/user8/4-2-2,36_Walk,36,user8,4-2-2,Depth_Color/36_Walk/user8/4-2-2,IR/36_Walk/user8/4-2-2,Thermal/36_Walk/user8/4-2-2,Skeleton/36_Walk/user8/4-2-2,IMU/36_Walk/user8/4-2-2,Radar/36_Walk/user8/4-2-2,2
36_Walk/user8/4-2-3,36_Walk,36,user8,4-2-3,Depth_Color/36_Walk/user8/4-2-3,IR/36_Walk/user8/4-2-3,Thermal/36_Walk/user8/4-2-3,Skeleton/36_Walk/user8/4-2-3,IMU/36_Walk/user8/4-2-3,Radar/36_Walk/user8/4-2-3,2
36_Walk/user8/6-2-1,36_Walk,36,user8,6-2-1,Depth_Color/36_Walk/user8/6-2-1,IR/36_Walk/user8/6-2-1,Thermal/36_Walk/user8/6-2-1,Skeleton/36_Walk/user8/6-2-1,IMU/36_Walk/user8/6-2-1,Radar/36_Walk/user8/6-2-1,2
36_Walk/user8/6-2-2,36_Walk,36,user8,6-2-2,Depth_Color/36_Walk/user8/6-2-2,IR/36_Walk/user8/6-2-2,Thermal/36_Walk/user8/6-2-2,Skeleton/36_Walk/user8/6-2-2,IMU/36_Walk/user8/6-2-2,Radar/36_Walk/user8/6-2-2,2
36_Walk/user9/1-2-1,36_Walk,36,user9,1-2-1,Depth_Color/36_Walk/user9/1-2-1,IR/36_Walk/user9/1-2-1,Thermal/36_Walk/user9/1-2-1,Skeleton/36_Walk/user9/1-2-1,IMU/36_Walk/user9/1-2-1,Radar/36_Walk/user9/1-2-1,1
36_Walk/user9/1-2-2,36_Walk,36,user9,1-2-2,Depth_Color/36_Walk/user9/1-2-2,IR/36_Walk/user9/1-2-2,Thermal/36_Walk/user9/1-2-2,Skeleton/36_Walk/user9/1-2-2,IMU/36_Walk/user9/1-2-2,Radar/36_Walk/user9/1-2-2,1
36_Walk/user9/1-2-3,36_Walk,36,user9,1-2-3,Depth_Color/36_Walk/user9/1-2-3,IR/36_Walk/user9/1-2-3,Thermal/36_Walk/user9/1-2-3,Skeleton/36_Walk/user9/1-2-3,IMU/36_Walk/user9/1-2-3,Radar/36_Walk/user9/1-2-3,1
36_Walk/user9/2-2-1,36_Walk,36,user9,2-2-1,Depth_Color/36_Walk/user9/2-2-1,IR/36_Walk/user9/2-2-1,Thermal/36_Walk/user9/2-2-1,Skeleton/36_Walk/user9/2-2-1,IMU/36_Walk/user9/2-2-1,Radar/36_Walk/user9/2-2-1,1
36_Walk/user9/2-2-2,36_Walk,36,user9,2-2-2,Depth_Color/36_Walk/user9/2-2-2,IR/36_Walk/user9/2-2-2,Thermal/36_Walk/user9/2-2-2,Skeleton/36_Walk/user9/2-2-2,IMU/36_Walk/user9/2-2-2,Radar/36_Walk/user9/2-2-2,1
36_Walk/user9/2-2-3,36_Walk,36,user9,2-2-3,Depth_Color/36_Walk/user9/2-2-3,IR/36_Walk/user9/2-2-3,Thermal/36_Walk/user9/2-2-3,Skeleton/36_Walk/user9/2-2-3,IMU/36_Walk/user9/2-2-3,Radar/36_Walk/user9/2-2-3,1
36_Walk/user9/2-3-1,36_Walk,36,user9,2-3-1,Depth_Color/36_Walk/user9/2-3-1,IR/36_Walk/user9/2-3-1,Thermal/36_Walk/user9/2-3-1,Skeleton/36_Walk/user9/2-3-1,IMU/36_Walk/user9/2-3-1,Radar/36_Walk/user9/2-3-1,1
36_Walk/user9/2-3-2,36_Walk,36,user9,2-3-2,Depth_Color/36_Walk/user9/2-3-2,IR/36_Walk/user9/2-3-2,Thermal/36_Walk/user9/2-3-2,Skeleton/36_Walk/user9/2-3-2,IMU/36_Walk/user9/2-3-2,Radar/36_Walk/user9/2-3-2,1
36_Walk/user9/2-3-3,36_Walk,36,user9,2-3-3,Depth_Color/36_Walk/user9/2-3-3,IR/36_Walk/user9/2-3-3,Thermal/36_Walk/user9/2-3-3,Skeleton/36_Walk/user9/2-3-3,IMU/36_Walk/user9/2-3-3,Radar/36_Walk/user9/2-3-3,1
36_Walk/user9/3-2-1,36_Walk,36,user9,3-2-1,Depth_Color/36_Walk/user9/3-2-1,IR/36_Walk/user9/3-2-1,Thermal/36_Walk/user9/3-2-1,Skeleton/36_Walk/user9/3-2-1,IMU/36_Walk/user9/3-2-1,Radar/36_Walk/user9/3-2-1,1
36_Walk/user9/3-2-2,36_Walk,36,user9,3-2-2,Depth_Color/36_Walk/user9/3-2-2,IR/36_Walk/user9/3-2-2,Thermal/36_Walk/user9/3-2-2,Skeleton/36_Walk/user9/3-2-2,IMU/36_Walk/user9/3-2-2,Radar/36_Walk/user9/3-2-2,1
36_Walk/user9/3-2-3,36_Walk,36,user9,3-2-3,Depth_Color/36_Walk/user9/3-2-3,IR/36_Walk/user9/3-2-3,Thermal/36_Walk/user9/3-2-3,Skeleton/36_Walk/user9/3-2-3,IMU/36_Walk/user9/3-2-3,Radar/36_Walk/user9/3-2-3,1
36_Walk/user9/3-3-1,36_Walk,36,user9,3-3-1,Depth_Color/36_Walk/user9/3-3-1,IR/36_Walk/user9/3-3-1,Thermal/36_Walk/user9/3-3-1,Skeleton/36_Walk/user9/3-3-1,IMU/36_Walk/user9/3-3-1,Radar/36_Walk/user9/3-3-1,1
36_Walk/user9/3-3-2,36_Walk,36,user9,3-3-2,Depth_Color/36_Walk/user9/3-3-2,IR/36_Walk/user9/3-3-2,Thermal/36_Walk/user9/3-3-2,Skeleton/36_Walk/user9/3-3-2,IMU/36_Walk/user9/3-3-2,Radar/36_Walk/user9/3-3-2,1
36_Walk/user9/3-3-3,36_Walk,36,user9,3-3-3,Depth_Color/36_Walk/user9/3-3-3,IR/36_Walk/user9/3-3-3,Thermal/36_Walk/user9/3-3-3,Skeleton/36_Walk/user9/3-3-3,IMU/36_Walk/user9/3-3-3,Radar/36_Walk/user9/3-3-3,1
36_Walk/user9/4-2-1,36_Walk,36,user9,4-2-1,Depth_Color/36_Walk/user9/4-2-1,IR/36_Walk/user9/4-2-1,Thermal/36_Walk/user9/4-2-1,Skeleton/36_Walk/user9/4-2-1,IMU/36_Walk/user9/4-2-1,Radar/36_Walk/user9/4-2-1,1
36_Walk/user9/4-2-2,36_Walk,36,user9,4-2-2,Depth_Color/36_Walk/user9/4-2-2,IR/36_Walk/user9/4-2-2,Thermal/36_Walk/user9/4-2-2,Skeleton/36_Walk/user9/4-2-2,IMU/36_Walk/user9/4-2-2,Radar/36_Walk/user9/4-2-2,1
36_Walk/user9/4-2-3,36_Walk,36,user9,4-2-3,Depth_Color/36_Walk/user9/4-2-3,IR/36_Walk/user9/4-2-3,Thermal/36_Walk/user9/4-2-3,Skeleton/36_Walk/user9/4-2-3,IMU/36_Walk/user9/4-2-3,Radar/36_Walk/user9/4-2-3,1
36_Walk/user9/4-3-1,36_Walk,36,user9,4-3-1,Depth_Color/36_Walk/user9/4-3-1,IR/36_Walk/user9/4-3-1,Thermal/36_Walk/user9/4-3-1,Skeleton/36_Walk/user9/4-3-1,IMU/36_Walk/user9/4-3-1,Radar/36_Walk/user9/4-3-1,1
36_Walk/user9/4-3-2,36_Walk,36,user9,4-3-2,Depth_Color/36_Walk/user9/4-3-2,IR/36_Walk/user9/4-3-2,Thermal/36_Walk/user9/4-3-2,Skeleton/36_Walk/user9/4-3-2,IMU/36_Walk/user9/4-3-2,Radar/36_Walk/user9/4-3-2,1
36_Walk/user9/4-3-3,36_Walk,36,user9,4-3-3,Depth_Color/36_Walk/user9/4-3-3,IR/36_Walk/user9/4-3-3,Thermal/36_Walk/user9/4-3-3,Skeleton/36_Walk/user9/4-3-3,IMU/36_Walk/user9/4-3-3,Radar/36_Walk/user9/4-3-3,1
36_Walk/user9/5-3-1,36_Walk,36,user9,5-3-1,Depth_Color/36_Walk/user9/5-3-1,IR/36_Walk/user9/5-3-1,Thermal/36_Walk/user9/5-3-1,Skeleton/36_Walk/user9/5-3-1,IMU/36_Walk/user9/5-3-1,Radar/36_Walk/user9/5-3-1,1
36_Walk/user9/5-3-2,36_Walk,36,user9,5-3-2,Depth_Color/36_Walk/user9/5-3-2,IR/36_Walk/user9/5-3-2,Thermal/36_Walk/user9/5-3-2,Skeleton/36_Walk/user9/5-3-2,IMU/36_Walk/user9/5-3-2,Radar/36_Walk/user9/5-3-2,1
36_Walk/user9/5-3-3,36_Walk,36,user9,5-3-3,Depth_Color/36_Walk/user9/5-3-3,IR/36_Walk/user9/5-3-3,Thermal/36_Walk/user9/5-3-3,Skeleton/36_Walk/user9/5-3-3,IMU/36_Walk/user9/5-3-3,Radar/36_Walk/user9/5-3-3,1
36_Walk/user9/7-2-1,36_Walk,36,user9,7-2-1,Depth_Color/36_Walk/user9/7-2-1,IR/36_Walk/user9/7-2-1,Thermal/36_Walk/user9/7-2-1,Skeleton/36_Walk/user9/7-2-1,IMU/36_Walk/user9/7-2-1,Radar/36_Walk/user9/7-2-1,1
36_Walk/user9/7-2-2,36_Walk,36,user9,7-2-2,Depth_Color/36_Walk/user9/7-2-2,IR/36_Walk/user9/7-2-2,Thermal/36_Walk/user9/7-2-2,Skeleton/36_Walk/user9/7-2-2,IMU/36_Walk/user9/7-2-2,Radar/36_Walk/user9/7-2-2,1
36_Walk/user9/7-2-3,36_Walk,36,user9,7-2-3,Depth_Color/36_Walk/user9/7-2-3,IR/36_Walk/user9/7-2-3,Thermal/36_Walk/user9/7-2-3,Skeleton/36_Walk/user9/7-2-3,IMU/36_Walk/user9/7-2-3,Radar/36_Walk/user9/7-2-3,1
37_Take_medicine/user16/6-2-1,37_Take_medicine,37,user16,6-2-1,Depth_Color/37_Take_medicine/user16/6-2-1,IR/37_Take_medicine/user16/6-2-1,Thermal/37_Take_medicine/user16/6-2-1,Skeleton/37_Take_medicine/user16/6-2-1,IMU/37_Take_medicine/user16/6-2-1,Radar/37_Take_medicine/user16/6-2-1,0
37_Take_medicine/user16/6-2-2,37_Take_medicine,37,user16,6-2-2,Depth_Color/37_Take_medicine/user16/6-2-2,IR/37_Take_medicine/user16/6-2-2,Thermal/37_Take_medicine/user16/6-2-2,Skeleton/37_Take_medicine/user16/6-2-2,IMU/37_Take_medicine/user16/6-2-2,Radar/37_Take_medicine/user16/6-2-2,0
37_Take_medicine/user16/6-2-3,37_Take_medicine,37,user16,6-2-3,Depth_Color/37_Take_medicine/user16/6-2-3,IR/37_Take_medicine/user16/6-2-3,Thermal/37_Take_medicine/user16/6-2-3,Skeleton/37_Take_medicine/user16/6-2-3,IMU/37_Take_medicine/user16/6-2-3,Radar/37_Take_medicine/user16/6-2-3,0
37_Take_medicine/user17/4-1-1,37_Take_medicine,37,user17,4-1-1,Depth_Color/37_Take_medicine/user17/4-1-1,IR/37_Take_medicine/user17/4-1-1,Thermal/37_Take_medicine/user17/4-1-1,Skeleton/37_Take_medicine/user17/4-1-1,IMU/37_Take_medicine/user17/4-1-1,Radar/37_Take_medicine/user17/4-1-1,2
37_Take_medicine/user17/4-1-2,37_Take_medicine,37,user17,4-1-2,Depth_Color/37_Take_medicine/user17/4-1-2,IR/37_Take_medicine/user17/4-1-2,Thermal/37_Take_medicine/user17/4-1-2,Skeleton/37_Take_medicine/user17/4-1-2,IMU/37_Take_medicine/user17/4-1-2,Radar/37_Take_medicine/user17/4-1-2,2
37_Take_medicine/user17/4-1-3,37_Take_medicine,37,user17,4-1-3,Depth_Color/37_Take_medicine/user17/4-1-3,IR/37_Take_medicine/user17/4-1-3,Thermal/37_Take_medicine/user17/4-1-3,Skeleton/37_Take_medicine/user17/4-1-3,IMU/37_Take_medicine/user17/4-1-3,Radar/37_Take_medicine/user17/4-1-3,2
37_Take_medicine/user18/7-1-1,37_Take_medicine,37,user18,7-1-1,Depth_Color/37_Take_medicine/user18/7-1-1,IR/37_Take_medicine/user18/7-1-1,Thermal/37_Take_medicine/user18/7-1-1,Skeleton/37_Take_medicine/user18/7-1-1,IMU/37_Take_medicine/user18/7-1-1,Radar/37_Take_medicine/user18/7-1-1,1
37_Take_medicine/user18/7-1-2,37_Take_medicine,37,user18,7-1-2,Depth_Color/37_Take_medicine/user18/7-1-2,IR/37_Take_medicine/user18/7-1-2,Thermal/37_Take_medicine/user18/7-1-2,Skeleton/37_Take_medicine/user18/7-1-2,IMU/37_Take_medicine/user18/7-1-2,Radar/37_Take_medicine/user18/7-1-2,1
37_Take_medicine/user18/7-1-3,37_Take_medicine,37,user18,7-1-3,Depth_Color/37_Take_medicine/user18/7-1-3,IR/37_Take_medicine/user18/7-1-3,Thermal/37_Take_medicine/user18/7-1-3,Skeleton/37_Take_medicine/user18/7-1-3,IMU/37_Take_medicine/user18/7-1-3,Radar/37_Take_medicine/user18/7-1-3,1
37_Take_medicine/user18/7-2-1,37_Take_medicine,37,user18,7-2-1,Depth_Color/37_Take_medicine/user18/7-2-1,IR/37_Take_medicine/user18/7-2-1,Thermal/37_Take_medicine/user18/7-2-1,Skeleton/37_Take_medicine/user18/7-2-1,IMU/37_Take_medicine/user18/7-2-1,Radar/37_Take_medicine/user18/7-2-1,1
37_Take_medicine/user18/7-2-2,37_Take_medicine,37,user18,7-2-2,Depth_Color/37_Take_medicine/user18/7-2-2,IR/37_Take_medicine/user18/7-2-2,Thermal/37_Take_medicine/user18/7-2-2,Skeleton/37_Take_medicine/user18/7-2-2,IMU/37_Take_medicine/user18/7-2-2,Radar/37_Take_medicine/user18/7-2-2,1
37_Take_medicine/user18/7-2-3,37_Take_medicine,37,user18,7-2-3,Depth_Color/37_Take_medicine/user18/7-2-3,IR/37_Take_medicine/user18/7-2-3,Thermal/37_Take_medicine/user18/7-2-3,Skeleton/37_Take_medicine/user18/7-2-3,IMU/37_Take_medicine/user18/7-2-3,Radar/37_Take_medicine/user18/7-2-3,1
37_Take_medicine/user19/6-2-1,37_Take_medicine,37,user19,6-2-1,Depth_Color/37_Take_medicine/user19/6-2-1,IR/37_Take_medicine/user19/6-2-1,Thermal/37_Take_medicine/user19/6-2-1,Skeleton/37_Take_medicine/user19/6-2-1,IMU/37_Take_medicine/user19/6-2-1,Radar/37_Take_medicine/user19/6-2-1,2
37_Take_medicine/user19/6-2-2,37_Take_medicine,37,user19,6-2-2,Depth_Color/37_Take_medicine/user19/6-2-2,IR/37_Take_medicine/user19/6-2-2,Thermal/37_Take_medicine/user19/6-2-2,Skeleton/37_Take_medicine/user19/6-2-2,IMU/37_Take_medicine/user19/6-2-2,Radar/37_Take_medicine/user19/6-2-2,2
37_Take_medicine/user19/6-2-3,37_Take_medicine,37,user19,6-2-3,Depth_Color/37_Take_medicine/user19/6-2-3,IR/37_Take_medicine/user19/6-2-3,Thermal/37_Take_medicine/user19/6-2-3,Skeleton/37_Take_medicine/user19/6-2-3,IMU/37_Take_medicine/user19/6-2-3,Radar/37_Take_medicine/user19/6-2-3,2
37_Take_medicine/user19/7-1-1,37_Take_medicine,37,user19,7-1-1,Depth_Color/37_Take_medicine/user19/7-1-1,IR/37_Take_medicine/user19/7-1-1,Thermal/37_Take_medicine/user19/7-1-1,Skeleton/37_Take_medicine/user19/7-1-1,IMU/37_Take_medicine/user19/7-1-1,Radar/37_Take_medicine/user19/7-1-1,2
37_Take_medicine/user19/7-1-2,37_Take_medicine,37,user19,7-1-2,Depth_Color/37_Take_medicine/user19/7-1-2,IR/37_Take_medicine/user19/7-1-2,Thermal/37_Take_medicine/user19/7-1-2,Skeleton/37_Take_medicine/user19/7-1-2,IMU/37_Take_medicine/user19/7-1-2,Radar/37_Take_medicine/user19/7-1-2,2
37_Take_medicine/user19/7-1-3,37_Take_medicine,37,user19,7-1-3,Depth_Color/37_Take_medicine/user19/7-1-3,IR/37_Take_medicine/user19/7-1-3,Thermal/37_Take_medicine/user19/7-1-3,Skeleton/37_Take_medicine/user19/7-1-3,IMU/37_Take_medicine/user19/7-1-3,Radar/37_Take_medicine/user19/7-1-3,2
37_Take_medicine/user2/7-1-1,37_Take_medicine,37,user2,7-1-1,Depth_Color/37_Take_medicine/user2/7-1-1,IR/37_Take_medicine/user2/7-1-1,,Skeleton/37_Take_medicine/user2/7-1-1,IMU/37_Take_medicine/user2/7-1-1,Radar/37_Take_medicine/user2/7-1-1,0
37_Take_medicine/user2/7-1-2,37_Take_medicine,37,user2,7-1-2,Depth_Color/37_Take_medicine/user2/7-1-2,IR/37_Take_medicine/user2/7-1-2,,Skeleton/37_Take_medicine/user2/7-1-2,IMU/37_Take_medicine/user2/7-1-2,Radar/37_Take_medicine/user2/7-1-2,0
37_Take_medicine/user2/7-1-3,37_Take_medicine,37,user2,7-1-3,Depth_Color/37_Take_medicine/user2/7-1-3,IR/37_Take_medicine/user2/7-1-3,,Skeleton/37_Take_medicine/user2/7-1-3,IMU/37_Take_medicine/user2/7-1-3,Radar/37_Take_medicine/user2/7-1-3,0
37_Take_medicine/user20/7-1-1,37_Take_medicine,37,user20,7-1-1,Depth_Color/37_Take_medicine/user20/7-1-1,IR/37_Take_medicine/user20/7-1-1,Thermal/37_Take_medicine/user20/7-1-1,Skeleton/37_Take_medicine/user20/7-1-1,IMU/37_Take_medicine/user20/7-1-1,Radar/37_Take_medicine/user20/7-1-1,0
37_Take_medicine/user20/7-1-2,37_Take_medicine,37,user20,7-1-2,Depth_Color/37_Take_medicine/user20/7-1-2,IR/37_Take_medicine/user20/7-1-2,Thermal/37_Take_medicine/user20/7-1-2,Skeleton/37_Take_medicine/user20/7-1-2,IMU/37_Take_medicine/user20/7-1-2,Radar/37_Take_medicine/user20/7-1-2,0
37_Take_medicine/user20/7-1-3,37_Take_medicine,37,user20,7-1-3,Depth_Color/37_Take_medicine/user20/7-1-3,IR/37_Take_medicine/user20/7-1-3,Thermal/37_Take_medicine/user20/7-1-3,Skeleton/37_Take_medicine/user20/7-1-3,IMU/37_Take_medicine/user20/7-1-3,Radar/37_Take_medicine/user20/7-1-3,0
37_Take_medicine/user21/7-1-1,37_Take_medicine,37,user21,7-1-1,Depth_Color/37_Take_medicine/user21/7-1-1,IR/37_Take_medicine/user21/7-1-1,Thermal/37_Take_medicine/user21/7-1-1,Skeleton/37_Take_medicine/user21/7-1-1,IMU/37_Take_medicine/user21/7-1-1,Radar/37_Take_medicine/user21/7-1-1,0
37_Take_medicine/user21/7-1-2,37_Take_medicine,37,user21,7-1-2,Depth_Color/37_Take_medicine/user21/7-1-2,IR/37_Take_medicine/user21/7-1-2,Thermal/37_Take_medicine/user21/7-1-2,Skeleton/37_Take_medicine/user21/7-1-2,IMU/37_Take_medicine/user21/7-1-2,Radar/37_Take_medicine/user21/7-1-2,0
37_Take_medicine/user21/7-1-3,37_Take_medicine,37,user21,7-1-3,Depth_Color/37_Take_medicine/user21/7-1-3,IR/37_Take_medicine/user21/7-1-3,Thermal/37_Take_medicine/user21/7-1-3,Skeleton/37_Take_medicine/user21/7-1-3,IMU/37_Take_medicine/user21/7-1-3,Radar/37_Take_medicine/user21/7-1-3,0
37_Take_medicine/user22/7-1-1,37_Take_medicine,37,user22,7-1-1,Depth_Color/37_Take_medicine/user22/7-1-1,IR/37_Take_medicine/user22/7-1-1,Thermal/37_Take_medicine/user22/7-1-1,Skeleton/37_Take_medicine/user22/7-1-1,IMU/37_Take_medicine/user22/7-1-1,Radar/37_Take_medicine/user22/7-1-1,1
37_Take_medicine/user22/7-1-2,37_Take_medicine,37,user22,7-1-2,Depth_Color/37_Take_medicine/user22/7-1-2,IR/37_Take_medicine/user22/7-1-2,Thermal/37_Take_medicine/user22/7-1-2,Skeleton/37_Take_medicine/user22/7-1-2,IMU/37_Take_medicine/user22/7-1-2,Radar/37_Take_medicine/user22/7-1-2,1
37_Take_medicine/user22/7-1-3,37_Take_medicine,37,user22,7-1-3,Depth_Color/37_Take_medicine/user22/7-1-3,IR/37_Take_medicine/user22/7-1-3,Thermal/37_Take_medicine/user22/7-1-3,Skeleton/37_Take_medicine/user22/7-1-3,IMU/37_Take_medicine/user22/7-1-3,Radar/37_Take_medicine/user22/7-1-3,1
37_Take_medicine/user23/7-1-1,37_Take_medicine,37,user23,7-1-1,Depth_Color/37_Take_medicine/user23/7-1-1,IR/37_Take_medicine/user23/7-1-1,Thermal/37_Take_medicine/user23/7-1-1,Skeleton/37_Take_medicine/user23/7-1-1,IMU/37_Take_medicine/user23/7-1-1,Radar/37_Take_medicine/user23/7-1-1,0
37_Take_medicine/user23/7-1-2,37_Take_medicine,37,user23,7-1-2,,IR/37_Take_medicine/user23/7-1-2,Thermal/37_Take_medicine/user23/7-1-2,,,,0
37_Take_medicine/user23/7-1-3,37_Take_medicine,37,user23,7-1-3,Depth_Color/37_Take_medicine/user23/7-1-3,IR/37_Take_medicine/user23/7-1-3,Thermal/37_Take_medicine/user23/7-1-3,Skeleton/37_Take_medicine/user23/7-1-3,IMU/37_Take_medicine/user23/7-1-3,Radar/37_Take_medicine/user23/7-1-3,0
37_Take_medicine/user23/7-2-1,37_Take_medicine,37,user23,7-2-1,Depth_Color/37_Take_medicine/user23/7-2-1,IR/37_Take_medicine/user23/7-2-1,Thermal/37_Take_medicine/user23/7-2-1,Skeleton/37_Take_medicine/user23/7-2-1,IMU/37_Take_medicine/user23/7-2-1,Radar/37_Take_medicine/user23/7-2-1,0
37_Take_medicine/user23/7-2-2,37_Take_medicine,37,user23,7-2-2,Depth_Color/37_Take_medicine/user23/7-2-2,IR/37_Take_medicine/user23/7-2-2,Thermal/37_Take_medicine/user23/7-2-2,Skeleton/37_Take_medicine/user23/7-2-2,IMU/37_Take_medicine/user23/7-2-2,Radar/37_Take_medicine/user23/7-2-2,0
37_Take_medicine/user23/7-2-3,37_Take_medicine,37,user23,7-2-3,Depth_Color/37_Take_medicine/user23/7-2-3,IR/37_Take_medicine/user23/7-2-3,Thermal/37_Take_medicine/user23/7-2-3,Skeleton/37_Take_medicine/user23/7-2-3,IMU/37_Take_medicine/user23/7-2-3,Radar/37_Take_medicine/user23/7-2-3,0
37_Take_medicine/user24/5-2-1,37_Take_medicine,37,user24,5-2-1,Depth_Color/37_Take_medicine/user24/5-2-1,IR/37_Take_medicine/user24/5-2-1,Thermal/37_Take_medicine/user24/5-2-1,Skeleton/37_Take_medicine/user24/5-2-1,IMU/37_Take_medicine/user24/5-2-1,Radar/37_Take_medicine/user24/5-2-1,2
37_Take_medicine/user24/5-2-2,37_Take_medicine,37,user24,5-2-2,Depth_Color/37_Take_medicine/user24/5-2-2,IR/37_Take_medicine/user24/5-2-2,Thermal/37_Take_medicine/user24/5-2-2,Skeleton/37_Take_medicine/user24/5-2-2,IMU/37_Take_medicine/user24/5-2-2,Radar/37_Take_medicine/user24/5-2-2,2
37_Take_medicine/user24/5-2-3,37_Take_medicine,37,user24,5-2-3,Depth_Color/37_Take_medicine/user24/5-2-3,IR/37_Take_medicine/user24/5-2-3,Thermal/37_Take_medicine/user24/5-2-3,Skeleton/37_Take_medicine/user24/5-2-3,IMU/37_Take_medicine/user24/5-2-3,Radar/37_Take_medicine/user24/5-2-3,2
37_Take_medicine/user24/7-1-1,37_Take_medicine,37,user24,7-1-1,Depth_Color/37_Take_medicine/user24/7-1-1,IR/37_Take_medicine/user24/7-1-1,Thermal/37_Take_medicine/user24/7-1-1,Skeleton/37_Take_medicine/user24/7-1-1,IMU/37_Take_medicine/user24/7-1-1,Radar/37_Take_medicine/user24/7-1-1,2
37_Take_medicine/user24/7-1-2,37_Take_medicine,37,user24,7-1-2,Depth_Color/37_Take_medicine/user24/7-1-2,IR/37_Take_medicine/user24/7-1-2,Thermal/37_Take_medicine/user24/7-1-2,Skeleton/37_Take_medicine/user24/7-1-2,IMU/37_Take_medicine/user24/7-1-2,Radar/37_Take_medicine/user24/7-1-2,2
37_Take_medicine/user24/7-1-3,37_Take_medicine,37,user24,7-1-3,Depth_Color/37_Take_medicine/user24/7-1-3,IR/37_Take_medicine/user24/7-1-3,Thermal/37_Take_medicine/user24/7-1-3,Skeleton/37_Take_medicine/user24/7-1-3,IMU/37_Take_medicine/user24/7-1-3,Radar/37_Take_medicine/user24/7-1-3,2
37_Take_medicine/user3/2-2-1,37_Take_medicine,37,user3,2-2-1,Depth_Color/37_Take_medicine/user3/2-2-1,IR/37_Take_medicine/user3/2-2-1,Thermal/37_Take_medicine/user3/2-2-1,Skeleton/37_Take_medicine/user3/2-2-1,IMU/37_Take_medicine/user3/2-2-1,Radar/37_Take_medicine/user3/2-2-1,2
37_Take_medicine/user3/2-2-2,37_Take_medicine,37,user3,2-2-2,Depth_Color/37_Take_medicine/user3/2-2-2,IR/37_Take_medicine/user3/2-2-2,Thermal/37_Take_medicine/user3/2-2-2,Skeleton/37_Take_medicine/user3/2-2-2,IMU/37_Take_medicine/user3/2-2-2,Radar/37_Take_medicine/user3/2-2-2,2
37_Take_medicine/user3/2-2-3,37_Take_medicine,37,user3,2-2-3,Depth_Color/37_Take_medicine/user3/2-2-3,IR/37_Take_medicine/user3/2-2-3,Thermal/37_Take_medicine/user3/2-2-3,Skeleton/37_Take_medicine/user3/2-2-3,IMU/37_Take_medicine/user3/2-2-3,Radar/37_Take_medicine/user3/2-2-3,2
37_Take_medicine/user3/7-1-1,37_Take_medicine,37,user3,7-1-1,Depth_Color/37_Take_medicine/user3/7-1-1,IR/37_Take_medicine/user3/7-1-1,Thermal/37_Take_medicine/user3/7-1-1,Skeleton/37_Take_medicine/user3/7-1-1,IMU/37_Take_medicine/user3/7-1-1,Radar/37_Take_medicine/user3/7-1-1,2
37_Take_medicine/user3/7-1-2,37_Take_medicine,37,user3,7-1-2,Depth_Color/37_Take_medicine/user3/7-1-2,IR/37_Take_medicine/user3/7-1-2,Thermal/37_Take_medicine/user3/7-1-2,Skeleton/37_Take_medicine/user3/7-1-2,IMU/37_Take_medicine/user3/7-1-2,Radar/37_Take_medicine/user3/7-1-2,2
37_Take_medicine/user3/7-1-3,37_Take_medicine,37,user3,7-1-3,Depth_Color/37_Take_medicine/user3/7-1-3,IR/37_Take_medicine/user3/7-1-3,Thermal/37_Take_medicine/user3/7-1-3,Skeleton/37_Take_medicine/user3/7-1-3,IMU/37_Take_medicine/user3/7-1-3,Radar/37_Take_medicine/user3/7-1-3,2
37_Take_medicine/user4/7-1-1,37_Take_medicine,37,user4,7-1-1,Depth_Color/37_Take_medicine/user4/7-1-1,IR/37_Take_medicine/user4/7-1-1,Thermal/37_Take_medicine/user4/7-1-1,Skeleton/37_Take_medicine/user4/7-1-1,IMU/37_Take_medicine/user4/7-1-1,Radar/37_Take_medicine/user4/7-1-1,1
37_Take_medicine/user4/7-1-2,37_Take_medicine,37,user4,7-1-2,Depth_Color/37_Take_medicine/user4/7-1-2,IR/37_Take_medicine/user4/7-1-2,Thermal/37_Take_medicine/user4/7-1-2,Skeleton/37_Take_medicine/user4/7-1-2,IMU/37_Take_medicine/user4/7-1-2,Radar/37_Take_medicine/user4/7-1-2,1
37_Take_medicine/user4/7-1-3,37_Take_medicine,37,user4,7-1-3,Depth_Color/37_Take_medicine/user4/7-1-3,IR/37_Take_medicine/user4/7-1-3,Thermal/37_Take_medicine/user4/7-1-3,Skeleton/37_Take_medicine/user4/7-1-3,IMU/37_Take_medicine/user4/7-1-3,Radar/37_Take_medicine/user4/7-1-3,1
37_Take_medicine/user5/7-1-1,37_Take_medicine,37,user5,7-1-1,,,Thermal/37_Take_medicine/user5/7-1-1,,,,2
37_Take_medicine/user5/7-1-2,37_Take_medicine,37,user5,7-1-2,,,Thermal/37_Take_medicine/user5/7-1-2,,,,2
37_Take_medicine/user5/7-1-3,37_Take_medicine,37,user5,7-1-3,,,Thermal/37_Take_medicine/user5/7-1-3,,,,2
37_Take_medicine/user6/6-2-1,37_Take_medicine,37,user6,6-2-1,Depth_Color/37_Take_medicine/user6/6-2-1,IR/37_Take_medicine/user6/6-2-1,Thermal/37_Take_medicine/user6/6-2-1,Skeleton/37_Take_medicine/user6/6-2-1,IMU/37_Take_medicine/user6/6-2-1,Radar/37_Take_medicine/user6/6-2-1,1
37_Take_medicine/user6/6-2-2,37_Take_medicine,37,user6,6-2-2,Depth_Color/37_Take_medicine/user6/6-2-2,IR/37_Take_medicine/user6/6-2-2,Thermal/37_Take_medicine/user6/6-2-2,Skeleton/37_Take_medicine/user6/6-2-2,IMU/37_Take_medicine/user6/6-2-2,Radar/37_Take_medicine/user6/6-2-2,1
37_Take_medicine/user6/6-2-3,37_Take_medicine,37,user6,6-2-3,Depth_Color/37_Take_medicine/user6/6-2-3,IR/37_Take_medicine/user6/6-2-3,Thermal/37_Take_medicine/user6/6-2-3,Skeleton/37_Take_medicine/user6/6-2-3,IMU/37_Take_medicine/user6/6-2-3,Radar/37_Take_medicine/user6/6-2-3,1
37_Take_medicine/user7/4-1-1,37_Take_medicine,37,user7,4-1-1,Depth_Color/37_Take_medicine/user7/4-1-1,IR/37_Take_medicine/user7/4-1-1,Thermal/37_Take_medicine/user7/4-1-1,Skeleton/37_Take_medicine/user7/4-1-1,IMU/37_Take_medicine/user7/4-1-1,Radar/37_Take_medicine/user7/4-1-1,0
37_Take_medicine/user7/4-1-2,37_Take_medicine,37,user7,4-1-2,Depth_Color/37_Take_medicine/user7/4-1-2,IR/37_Take_medicine/user7/4-1-2,Thermal/37_Take_medicine/user7/4-1-2,Skeleton/37_Take_medicine/user7/4-1-2,IMU/37_Take_medicine/user7/4-1-2,Radar/37_Take_medicine/user7/4-1-2,0
37_Take_medicine/user7/4-1-3,37_Take_medicine,37,user7,4-1-3,Depth_Color/37_Take_medicine/user7/4-1-3,IR/37_Take_medicine/user7/4-1-3,Thermal/37_Take_medicine/user7/4-1-3,Skeleton/37_Take_medicine/user7/4-1-3,IMU/37_Take_medicine/user7/4-1-3,Radar/37_Take_medicine/user7/4-1-3,0
37_Take_medicine/user8/7-1-1,37_Take_medicine,37,user8,7-1-1,Depth_Color/37_Take_medicine/user8/7-1-1,IR/37_Take_medicine/user8/7-1-1,Thermal/37_Take_medicine/user8/7-1-1,Skeleton/37_Take_medicine/user8/7-1-1,IMU/37_Take_medicine/user8/7-1-1,Radar/37_Take_medicine/user8/7-1-1,2
37_Take_medicine/user8/7-1-2,37_Take_medicine,37,user8,7-1-2,Depth_Color/37_Take_medicine/user8/7-1-2,IR/37_Take_medicine/user8/7-1-2,Thermal/37_Take_medicine/user8/7-1-2,Skeleton/37_Take_medicine/user8/7-1-2,IMU/37_Take_medicine/user8/7-1-2,Radar/37_Take_medicine/user8/7-1-2,2
37_Take_medicine/user8/7-1-3,37_Take_medicine,37,user8,7-1-3,Depth_Color/37_Take_medicine/user8/7-1-3,IR/37_Take_medicine/user8/7-1-3,Thermal/37_Take_medicine/user8/7-1-3,Skeleton/37_Take_medicine/user8/7-1-3,IMU/37_Take_medicine/user8/7-1-3,Radar/37_Take_medicine/user8/7-1-3,2
37_Take_medicine/user8/7-2-1,37_Take_medicine,37,user8,7-2-1,Depth_Color/37_Take_medicine/user8/7-2-1,IR/37_Take_medicine/user8/7-2-1,Thermal/37_Take_medicine/user8/7-2-1,Skeleton/37_Take_medicine/user8/7-2-1,IMU/37_Take_medicine/user8/7-2-1,Radar/37_Take_medicine/user8/7-2-1,2
37_Take_medicine/user8/7-2-2,37_Take_medicine,37,user8,7-2-2,Depth_Color/37_Take_medicine/user8/7-2-2,IR/37_Take_medicine/user8/7-2-2,Thermal/37_Take_medicine/user8/7-2-2,Skeleton/37_Take_medicine/user8/7-2-2,IMU/37_Take_medicine/user8/7-2-2,Radar/37_Take_medicine/user8/7-2-2,2
37_Take_medicine/user8/7-2-3,37_Take_medicine,37,user8,7-2-3,Depth_Color/37_Take_medicine/user8/7-2-3,IR/37_Take_medicine/user8/7-2-3,Thermal/37_Take_medicine/user8/7-2-3,Skeleton/37_Take_medicine/user8/7-2-3,IMU/37_Take_medicine/user8/7-2-3,Radar/37_Take_medicine/user8/7-2-3,2
37_Take_medicine/user9/6-2-1,37_Take_medicine,37,user9,6-2-1,Depth_Color/37_Take_medicine/user9/6-2-1,IR/37_Take_medicine/user9/6-2-1,Thermal/37_Take_medicine/user9/6-2-1,Skeleton/37_Take_medicine/user9/6-2-1,IMU/37_Take_medicine/user9/6-2-1,Radar/37_Take_medicine/user9/6-2-1,1
37_Take_medicine/user9/6-2-2,37_Take_medicine,37,user9,6-2-2,Depth_Color/37_Take_medicine/user9/6-2-2,IR/37_Take_medicine/user9/6-2-2,Thermal/37_Take_medicine/user9/6-2-2,Skeleton/37_Take_medicine/user9/6-2-2,IMU/37_Take_medicine/user9/6-2-2,Radar/37_Take_medicine/user9/6-2-2,1
37_Take_medicine/user9/6-2-3,37_Take_medicine,37,user9,6-2-3,Depth_Color/37_Take_medicine/user9/6-2-3,IR/37_Take_medicine/user9/6-2-3,Thermal/37_Take_medicine/user9/6-2-3,Skeleton/37_Take_medicine/user9/6-2-3,IMU/37_Take_medicine/user9/6-2-3,Radar/37_Take_medicine/user9/6-2-3,1
37_Take_medicine/user9/7-1-1,37_Take_medicine,37,user9,7-1-1,Depth_Color/37_Take_medicine/user9/7-1-1,IR/37_Take_medicine/user9/7-1-1,Thermal/37_Take_medicine/user9/7-1-1,Skeleton/37_Take_medicine/user9/7-1-1,IMU/37_Take_medicine/user9/7-1-1,Radar/37_Take_medicine/user9/7-1-1,1
37_Take_medicine/user9/7-1-2,37_Take_medicine,37,user9,7-1-2,Depth_Color/37_Take_medicine/user9/7-1-2,IR/37_Take_medicine/user9/7-1-2,Thermal/37_Take_medicine/user9/7-1-2,Skeleton/37_Take_medicine/user9/7-1-2,IMU/37_Take_medicine/user9/7-1-2,Radar/37_Take_medicine/user9/7-1-2,1
37_Take_medicine/user9/7-1-3,37_Take_medicine,37,user9,7-1-3,Depth_Color/37_Take_medicine/user9/7-1-3,IR/37_Take_medicine/user9/7-1-3,Thermal/37_Take_medicine/user9/7-1-3,Skeleton/37_Take_medicine/user9/7-1-3,IMU/37_Take_medicine/user9/7-1-3,Radar/37_Take_medicine/user9/7-1-3,1
38_Massage_oneself/user1/7-1-1,38_Massage_oneself,38,user1,7-1-1,Depth_Color/38_Massage_oneself/user1/7-1-1,IR/38_Massage_oneself/user1/7-1-1,Thermal/38_Massage_oneself/user1/7-1-1,Skeleton/38_Massage_oneself/user1/7-1-1,IMU/38_Massage_oneself/user1/7-1-1,Radar/38_Massage_oneself/user1/7-1-1,1
38_Massage_oneself/user1/7-1-2,38_Massage_oneself,38,user1,7-1-2,Depth_Color/38_Massage_oneself/user1/7-1-2,IR/38_Massage_oneself/user1/7-1-2,Thermal/38_Massage_oneself/user1/7-1-2,Skeleton/38_Massage_oneself/user1/7-1-2,IMU/38_Massage_oneself/user1/7-1-2,Radar/38_Massage_oneself/user1/7-1-2,1
38_Massage_oneself/user1/7-1-3,38_Massage_oneself,38,user1,7-1-3,Depth_Color/38_Massage_oneself/user1/7-1-3,IR/38_Massage_oneself/user1/7-1-3,Thermal/38_Massage_oneself/user1/7-1-3,Skeleton/38_Massage_oneself/user1/7-1-3,IMU/38_Massage_oneself/user1/7-1-3,Radar/38_Massage_oneself/user1/7-1-3,1
38_Massage_oneself/user16/7-1-1,38_Massage_oneself,38,user16,7-1-1,Depth_Color/38_Massage_oneself/user16/7-1-1,IR/38_Massage_oneself/user16/7-1-1,Thermal/38_Massage_oneself/user16/7-1-1,Skeleton/38_Massage_oneself/user16/7-1-1,IMU/38_Massage_oneself/user16/7-1-1,Radar/38_Massage_oneself/user16/7-1-1,0
38_Massage_oneself/user16/7-1-2,38_Massage_oneself,38,user16,7-1-2,Depth_Color/38_Massage_oneself/user16/7-1-2,IR/38_Massage_oneself/user16/7-1-2,Thermal/38_Massage_oneself/user16/7-1-2,Skeleton/38_Massage_oneself/user16/7-1-2,IMU/38_Massage_oneself/user16/7-1-2,Radar/38_Massage_oneself/user16/7-1-2,0
38_Massage_oneself/user16/7-1-3,38_Massage_oneself,38,user16,7-1-3,Depth_Color/38_Massage_oneself/user16/7-1-3,IR/38_Massage_oneself/user16/7-1-3,Thermal/38_Massage_oneself/user16/7-1-3,Skeleton/38_Massage_oneself/user16/7-1-3,IMU/38_Massage_oneself/user16/7-1-3,Radar/38_Massage_oneself/user16/7-1-3,0
38_Massage_oneself/user18/7-1-1,38_Massage_oneself,38,user18,7-1-1,Depth_Color/38_Massage_oneself/user18/7-1-1,IR/38_Massage_oneself/user18/7-1-1,Thermal/38_Massage_oneself/user18/7-1-1,Skeleton/38_Massage_oneself/user18/7-1-1,IMU/38_Massage_oneself/user18/7-1-1,Radar/38_Massage_oneself/user18/7-1-1,1
38_Massage_oneself/user18/7-1-2,38_Massage_oneself,38,user18,7-1-2,Depth_Color/38_Massage_oneself/user18/7-1-2,IR/38_Massage_oneself/user18/7-1-2,Thermal/38_Massage_oneself/user18/7-1-2,Skeleton/38_Massage_oneself/user18/7-1-2,IMU/38_Massage_oneself/user18/7-1-2,Radar/38_Massage_oneself/user18/7-1-2,1
38_Massage_oneself/user18/7-1-3,38_Massage_oneself,38,user18,7-1-3,Depth_Color/38_Massage_oneself/user18/7-1-3,IR/38_Massage_oneself/user18/7-1-3,Thermal/38_Massage_oneself/user18/7-1-3,Skeleton/38_Massage_oneself/user18/7-1-3,IMU/38_Massage_oneself/user18/7-1-3,Radar/38_Massage_oneself/user18/7-1-3,1
38_Massage_oneself/user19/5-3-1,38_Massage_oneself,38,user19,5-3-1,Depth_Color/38_Massage_oneself/user19/5-3-1,IR/38_Massage_oneself/user19/5-3-1,Thermal/38_Massage_oneself/user19/5-3-1,Skeleton/38_Massage_oneself/user19/5-3-1,IMU/38_Massage_oneself/user19/5-3-1,Radar/38_Massage_oneself/user19/5-3-1,2
38_Massage_oneself/user19/5-3-2,38_Massage_oneself,38,user19,5-3-2,Depth_Color/38_Massage_oneself/user19/5-3-2,IR/38_Massage_oneself/user19/5-3-2,Thermal/38_Massage_oneself/user19/5-3-2,Skeleton/38_Massage_oneself/user19/5-3-2,IMU/38_Massage_oneself/user19/5-3-2,Radar/38_Massage_oneself/user19/5-3-2,2
38_Massage_oneself/user19/5-3-3,38_Massage_oneself,38,user19,5-3-3,Depth_Color/38_Massage_oneself/user19/5-3-3,IR/38_Massage_oneself/user19/5-3-3,Thermal/38_Massage_oneself/user19/5-3-3,Skeleton/38_Massage_oneself/user19/5-3-3,IMU/38_Massage_oneself/user19/5-3-3,Radar/38_Massage_oneself/user19/5-3-3,2
38_Massage_oneself/user19/7-1-1,38_Massage_oneself,38,user19,7-1-1,Depth_Color/38_Massage_oneself/user19/7-1-1,IR/38_Massage_oneself/user19/7-1-1,Thermal/38_Massage_oneself/user19/7-1-1,Skeleton/38_Massage_oneself/user19/7-1-1,IMU/38_Massage_oneself/user19/7-1-1,Radar/38_Massage_oneself/user19/7-1-1,2
38_Massage_oneself/user19/7-1-2,38_Massage_oneself,38,user19,7-1-2,Depth_Color/38_Massage_oneself/user19/7-1-2,IR/38_Massage_oneself/user19/7-1-2,Thermal/38_Massage_oneself/user19/7-1-2,Skeleton/38_Massage_oneself/user19/7-1-2,IMU/38_Massage_oneself/user19/7-1-2,Radar/38_Massage_oneself/user19/7-1-2,2
38_Massage_oneself/user2/2-2-1,38_Massage_oneself,38,user2,2-2-1,Depth_Color/38_Massage_oneself/user2/2-2-1,IR/38_Massage_oneself/user2/2-2-1,,Skeleton/38_Massage_oneself/user2/2-2-1,IMU/38_Massage_oneself/user2/2-2-1,Radar/38_Massage_oneself/user2/2-2-1,0
38_Massage_oneself/user2/2-2-2,38_Massage_oneself,38,user2,2-2-2,Depth_Color/38_Massage_oneself/user2/2-2-2,IR/38_Massage_oneself/user2/2-2-2,,Skeleton/38_Massage_oneself/user2/2-2-2,IMU/38_Massage_oneself/user2/2-2-2,Radar/38_Massage_oneself/user2/2-2-2,0
38_Massage_oneself/user2/2-2-3,38_Massage_oneself,38,user2,2-2-3,Depth_Color/38_Massage_oneself/user2/2-2-3,IR/38_Massage_oneself/user2/2-2-3,,Skeleton/38_Massage_oneself/user2/2-2-3,IMU/38_Massage_oneself/user2/2-2-3,Radar/38_Massage_oneself/user2/2-2-3,0
38_Massage_oneself/user2/7-3-1,38_Massage_oneself,38,user2,7-3-1,Depth_Color/38_Massage_oneself/user2/7-3-1,IR/38_Massage_oneself/user2/7-3-1,,Skeleton/38_Massage_oneself/user2/7-3-1,IMU/38_Massage_oneself/user2/7-3-1,Radar/38_Massage_oneself/user2/7-3-1,0
38_Massage_oneself/user2/7-3-2,38_Massage_oneself,38,user2,7-3-2,Depth_Color/38_Massage_oneself/user2/7-3-2,IR/38_Massage_oneself/user2/7-3-2,,Skeleton/38_Massage_oneself/user2/7-3-2,IMU/38_Massage_oneself/user2/7-3-2,Radar/38_Massage_oneself/user2/7-3-2,0
38_Massage_oneself/user2/7-3-3,38_Massage_oneself,38,user2,7-3-3,Depth_Color/38_Massage_oneself/user2/7-3-3,IR/38_Massage_oneself/user2/7-3-3,,Skeleton/38_Massage_oneself/user2/7-3-3,IMU/38_Massage_oneself/user2/7-3-3,Radar/38_Massage_oneself/user2/7-3-3,0
38_Massage_oneself/user20/6-2-1,38_Massage_oneself,38,user20,6-2-1,Depth_Color/38_Massage_oneself/user20/6-2-1,IR/38_Massage_oneself/user20/6-2-1,Thermal/38_Massage_oneself/user20/6-2-1,Skeleton/38_Massage_oneself/user20/6-2-1,IMU/38_Massage_oneself/user20/6-2-1,Radar/38_Massage_oneself/user20/6-2-1,0
38_Massage_oneself/user20/6-2-2,38_Massage_oneself,38,user20,6-2-2,Depth_Color/38_Massage_oneself/user20/6-2-2,IR/38_Massage_oneself/user20/6-2-2,Thermal/38_Massage_oneself/user20/6-2-2,Skeleton/38_Massage_oneself/user20/6-2-2,IMU/38_Massage_oneself/user20/6-2-2,Radar/38_Massage_oneself/user20/6-2-2,0
38_Massage_oneself/user20/6-2-3,38_Massage_oneself,38,user20,6-2-3,Depth_Color/38_Massage_oneself/user20/6-2-3,IR/38_Massage_oneself/user20/6-2-3,Thermal/38_Massage_oneself/user20/6-2-3,Skeleton/38_Massage_oneself/user20/6-2-3,IMU/38_Massage_oneself/user20/6-2-3,Radar/38_Massage_oneself/user20/6-2-3,0
38_Massage_oneself/user20/7-1-1,38_Massage_oneself,38,user20,7-1-1,Depth_Color/38_Massage_oneself/user20/7-1-1,IR/38_Massage_oneself/user20/7-1-1,Thermal/38_Massage_oneself/user20/7-1-1,Skeleton/38_Massage_oneself/user20/7-1-1,IMU/38_Massage_oneself/user20/7-1-1,Radar/38_Massage_oneself/user20/7-1-1,0
38_Massage_oneself/user20/7-1-2,38_Massage_oneself,38,user20,7-1-2,Depth_Color/38_Massage_oneself/user20/7-1-2,IR/38_Massage_oneself/user20/7-1-2,Thermal/38_Massage_oneself/user20/7-1-2,Skeleton/38_Massage_oneself/user20/7-1-2,IMU/38_Massage_oneself/user20/7-1-2,Radar/38_Massage_oneself/user20/7-1-2,0
38_Massage_oneself/user20/7-1-3,38_Massage_oneself,38,user20,7-1-3,Depth_Color/38_Massage_oneself/user20/7-1-3,IR/38_Massage_oneself/user20/7-1-3,Thermal/38_Massage_oneself/user20/7-1-3,Skeleton/38_Massage_oneself/user20/7-1-3,IMU/38_Massage_oneself/user20/7-1-3,Radar/38_Massage_oneself/user20/7-1-3,0
38_Massage_oneself/user21/3-2-1,38_Massage_oneself,38,user21,3-2-1,Depth_Color/38_Massage_oneself/user21/3-2-1,IR/38_Massage_oneself/user21/3-2-1,Thermal/38_Massage_oneself/user21/3-2-1,Skeleton/38_Massage_oneself/user21/3-2-1,IMU/38_Massage_oneself/user21/3-2-1,Radar/38_Massage_oneself/user21/3-2-1,0
38_Massage_oneself/user21/3-2-2,38_Massage_oneself,38,user21,3-2-2,Depth_Color/38_Massage_oneself/user21/3-2-2,IR/38_Massage_oneself/user21/3-2-2,Thermal/38_Massage_oneself/user21/3-2-2,Skeleton/38_Massage_oneself/user21/3-2-2,IMU/38_Massage_oneself/user21/3-2-2,Radar/38_Massage_oneself/user21/3-2-2,0
38_Massage_oneself/user21/3-2-3,38_Massage_oneself,38,user21,3-2-3,Depth_Color/38_Massage_oneself/user21/3-2-3,IR/38_Massage_oneself/user21/3-2-3,Thermal/38_Massage_oneself/user21/3-2-3,Skeleton/38_Massage_oneself/user21/3-2-3,IMU/38_Massage_oneself/user21/3-2-3,Radar/38_Massage_oneself/user21/3-2-3,0
38_Massage_oneself/user21/7-1-1,38_Massage_oneself,38,user21,7-1-1,Depth_Color/38_Massage_oneself/user21/7-1-1,IR/38_Massage_oneself/user21/7-1-1,Thermal/38_Massage_oneself/user21/7-1-1,Skeleton/38_Massage_oneself/user21/7-1-1,IMU/38_Massage_oneself/user21/7-1-1,Radar/38_Massage_oneself/user21/7-1-1,0
38_Massage_oneself/user21/7-1-2,38_Massage_oneself,38,user21,7-1-2,Depth_Color/38_Massage_oneself/user21/7-1-2,IR/38_Massage_oneself/user21/7-1-2,Thermal/38_Massage_oneself/user21/7-1-2,Skeleton/38_Massage_oneself/user21/7-1-2,IMU/38_Massage_oneself/user21/7-1-2,Radar/38_Massage_oneself/user21/7-1-2,0
38_Massage_oneself/user21/7-1-3,38_Massage_oneself,38,user21,7-1-3,Depth_Color/38_Massage_oneself/user21/7-1-3,IR/38_Massage_oneself/user21/7-1-3,Thermal/38_Massage_oneself/user21/7-1-3,Skeleton/38_Massage_oneself/user21/7-1-3,IMU/38_Massage_oneself/user21/7-1-3,Radar/38_Massage_oneself/user21/7-1-3,0
38_Massage_oneself/user21/7-2-1,38_Massage_oneself,38,user21,7-2-1,Depth_Color/38_Massage_oneself/user21/7-2-1,IR/38_Massage_oneself/user21/7-2-1,Thermal/38_Massage_oneself/user21/7-2-1,Skeleton/38_Massage_oneself/user21/7-2-1,IMU/38_Massage_oneself/user21/7-2-1,Radar/38_Massage_oneself/user21/7-2-1,0
38_Massage_oneself/user21/7-2-2,38_Massage_oneself,38,user21,7-2-2,Depth_Color/38_Massage_oneself/user21/7-2-2,IR/38_Massage_oneself/user21/7-2-2,Thermal/38_Massage_oneself/user21/7-2-2,Skeleton/38_Massage_oneself/user21/7-2-2,IMU/38_Massage_oneself/user21/7-2-2,Radar/38_Massage_oneself/user21/7-2-2,0
38_Massage_oneself/user21/7-2-3,38_Massage_oneself,38,user21,7-2-3,Depth_Color/38_Massage_oneself/user21/7-2-3,IR/38_Massage_oneself/user21/7-2-3,Thermal/38_Massage_oneself/user21/7-2-3,Skeleton/38_Massage_oneself/user21/7-2-3,IMU/38_Massage_oneself/user21/7-2-3,Radar/38_Massage_oneself/user21/7-2-3,0
38_Massage_oneself/user22/5-1-1,38_Massage_oneself,38,user22,5-1-1,Depth_Color/38_Massage_oneself/user22/5-1-1,IR/38_Massage_oneself/user22/5-1-1,Thermal/38_Massage_oneself/user22/5-1-1,Skeleton/38_Massage_oneself/user22/5-1-1,IMU/38_Massage_oneself/user22/5-1-1,Radar/38_Massage_oneself/user22/5-1-1,1
38_Massage_oneself/user22/5-1-2,38_Massage_oneself,38,user22,5-1-2,Depth_Color/38_Massage_oneself/user22/5-1-2,IR/38_Massage_oneself/user22/5-1-2,Thermal/38_Massage_oneself/user22/5-1-2,Skeleton/38_Massage_oneself/user22/5-1-2,IMU/38_Massage_oneself/user22/5-1-2,Radar/38_Massage_oneself/user22/5-1-2,1
38_Massage_oneself/user22/5-1-3,38_Massage_oneself,38,user22,5-1-3,Depth_Color/38_Massage_oneself/user22/5-1-3,IR/38_Massage_oneself/user22/5-1-3,Thermal/38_Massage_oneself/user22/5-1-3,Skeleton/38_Massage_oneself/user22/5-1-3,IMU/38_Massage_oneself/user22/5-1-3,Radar/38_Massage_oneself/user22/5-1-3,1
38_Massage_oneself/user22/6-2-1,38_Massage_oneself,38,user22,6-2-1,Depth_Color/38_Massage_oneself/user22/6-2-1,IR/38_Massage_oneself/user22/6-2-1,Thermal/38_Massage_oneself/user22/6-2-1,Skeleton/38_Massage_oneself/user22/6-2-1,IMU/38_Massage_oneself/user22/6-2-1,Radar/38_Massage_oneself/user22/6-2-1,1
38_Massage_oneself/user22/6-2-2,38_Massage_oneself,38,user22,6-2-2,Depth_Color/38_Massage_oneself/user22/6-2-2,IR/38_Massage_oneself/user22/6-2-2,Thermal/38_Massage_oneself/user22/6-2-2,Skeleton/38_Massage_oneself/user22/6-2-2,IMU/38_Massage_oneself/user22/6-2-2,Radar/38_Massage_oneself/user22/6-2-2,1
38_Massage_oneself/user22/6-2-3,38_Massage_oneself,38,user22,6-2-3,Depth_Color/38_Massage_oneself/user22/6-2-3,IR/38_Massage_oneself/user22/6-2-3,Thermal/38_Massage_oneself/user22/6-2-3,Skeleton/38_Massage_oneself/user22/6-2-3,IMU/38_Massage_oneself/user22/6-2-3,Radar/38_Massage_oneself/user22/6-2-3,1
38_Massage_oneself/user23/2-2-1,38_Massage_oneself,38,user23,2-2-1,Depth_Color/38_Massage_oneself/user23/2-2-1,IR/38_Massage_oneself/user23/2-2-1,Thermal/38_Massage_oneself/user23/2-2-1,Skeleton/38_Massage_oneself/user23/2-2-1,IMU/38_Massage_oneself/user23/2-2-1,Radar/38_Massage_oneself/user23/2-2-1,0
38_Massage_oneself/user23/2-2-2,38_Massage_oneself,38,user23,2-2-2,Depth_Color/38_Massage_oneself/user23/2-2-2,IR/38_Massage_oneself/user23/2-2-2,Thermal/38_Massage_oneself/user23/2-2-2,Skeleton/38_Massage_oneself/user23/2-2-2,IMU/38_Massage_oneself/user23/2-2-2,Radar/38_Massage_oneself/user23/2-2-2,0
38_Massage_oneself/user23/2-2-3,38_Massage_oneself,38,user23,2-2-3,Depth_Color/38_Massage_oneself/user23/2-2-3,IR/38_Massage_oneself/user23/2-2-3,Thermal/38_Massage_oneself/user23/2-2-3,Skeleton/38_Massage_oneself/user23/2-2-3,IMU/38_Massage_oneself/user23/2-2-3,Radar/38_Massage_oneself/user23/2-2-3,0
38_Massage_oneself/user23/7-1-1,38_Massage_oneself,38,user23,7-1-1,Depth_Color/38_Massage_oneself/user23/7-1-1,IR/38_Massage_oneself/user23/7-1-1,Thermal/38_Massage_oneself/user23/7-1-1,Skeleton/38_Massage_oneself/user23/7-1-1,IMU/38_Massage_oneself/user23/7-1-1,Radar/38_Massage_oneself/user23/7-1-1,0
38_Massage_oneself/user23/7-1-2,38_Massage_oneself,38,user23,7-1-2,Depth_Color/38_Massage_oneself/user23/7-1-2,IR/38_Massage_oneself/user23/7-1-2,Thermal/38_Massage_oneself/user23/7-1-2,Skeleton/38_Massage_oneself/user23/7-1-2,IMU/38_Massage_oneself/user23/7-1-2,Radar/38_Massage_oneself/user23/7-1-2,0
38_Massage_oneself/user23/7-1-3,38_Massage_oneself,38,user23,7-1-3,Depth_Color/38_Massage_oneself/user23/7-1-3,IR/38_Massage_oneself/user23/7-1-3,Thermal/38_Massage_oneself/user23/7-1-3,Skeleton/38_Massage_oneself/user23/7-1-3,IMU/38_Massage_oneself/user23/7-1-3,Radar/38_Massage_oneself/user23/7-1-3,0
38_Massage_oneself/user24/4-3-1,38_Massage_oneself,38,user24,4-3-1,Depth_Color/38_Massage_oneself/user24/4-3-1,IR/38_Massage_oneself/user24/4-3-1,Thermal/38_Massage_oneself/user24/4-3-1,Skeleton/38_Massage_oneself/user24/4-3-1,IMU/38_Massage_oneself/user24/4-3-1,Radar/38_Massage_oneself/user24/4-3-1,2
38_Massage_oneself/user24/4-3-2,38_Massage_oneself,38,user24,4-3-2,Depth_Color/38_Massage_oneself/user24/4-3-2,IR/38_Massage_oneself/user24/4-3-2,Thermal/38_Massage_oneself/user24/4-3-2,Skeleton/38_Massage_oneself/user24/4-3-2,IMU/38_Massage_oneself/user24/4-3-2,Radar/38_Massage_oneself/user24/4-3-2,2
38_Massage_oneself/user24/4-3-3,38_Massage_oneself,38,user24,4-3-3,Depth_Color/38_Massage_oneself/user24/4-3-3,IR/38_Massage_oneself/user24/4-3-3,Thermal/38_Massage_oneself/user24/4-3-3,Skeleton/38_Massage_oneself/user24/4-3-3,IMU/38_Massage_oneself/user24/4-3-3,Radar/38_Massage_oneself/user24/4-3-3,2
38_Massage_oneself/user24/7-1-1,38_Massage_oneself,38,user24,7-1-1,Depth_Color/38_Massage_oneself/user24/7-1-1,IR/38_Massage_oneself/user24/7-1-1,Thermal/38_Massage_oneself/user24/7-1-1,Skeleton/38_Massage_oneself/user24/7-1-1,IMU/38_Massage_oneself/user24/7-1-1,Radar/38_Massage_oneself/user24/7-1-1,2
38_Massage_oneself/user24/7-1-2,38_Massage_oneself,38,user24,7-1-2,Depth_Color/38_Massage_oneself/user24/7-1-2,IR/38_Massage_oneself/user24/7-1-2,Thermal/38_Massage_oneself/user24/7-1-2,Skeleton/38_Massage_oneself/user24/7-1-2,IMU/38_Massage_oneself/user24/7-1-2,Radar/38_Massage_oneself/user24/7-1-2,2
38_Massage_oneself/user24/7-1-3,38_Massage_oneself,38,user24,7-1-3,Depth_Color/38_Massage_oneself/user24/7-1-3,IR/38_Massage_oneself/user24/7-1-3,Thermal/38_Massage_oneself/user24/7-1-3,Skeleton/38_Massage_oneself/user24/7-1-3,IMU/38_Massage_oneself/user24/7-1-3,Radar/38_Massage_oneself/user24/7-1-3,2
38_Massage_oneself/user3/2-2-1,38_Massage_oneself,38,user3,2-2-1,Depth_Color/38_Massage_oneself/user3/2-2-1,IR/38_Massage_oneself/user3/2-2-1,Thermal/38_Massage_oneself/user3/2-2-1,Skeleton/38_Massage_oneself/user3/2-2-1,IMU/38_Massage_oneself/user3/2-2-1,Radar/38_Massage_oneself/user3/2-2-1,2
38_Massage_oneself/user3/2-2-2,38_Massage_oneself,38,user3,2-2-2,Depth_Color/38_Massage_oneself/user3/2-2-2,IR/38_Massage_oneself/user3/2-2-2,Thermal/38_Massage_oneself/user3/2-2-2,Skeleton/38_Massage_oneself/user3/2-2-2,IMU/38_Massage_oneself/user3/2-2-2,Radar/38_Massage_oneself/user3/2-2-2,2
38_Massage_oneself/user3/2-2-3,38_Massage_oneself,38,user3,2-2-3,Depth_Color/38_Massage_oneself/user3/2-2-3,IR/38_Massage_oneself/user3/2-2-3,Thermal/38_Massage_oneself/user3/2-2-3,Skeleton/38_Massage_oneself/user3/2-2-3,IMU/38_Massage_oneself/user3/2-2-3,Radar/38_Massage_oneself/user3/2-2-3,2
38_Massage_oneself/user3/7-1-1,38_Massage_oneself,38,user3,7-1-1,Depth_Color/38_Massage_oneself/user3/7-1-1,IR/38_Massage_oneself/user3/7-1-1,Thermal/38_Massage_oneself/user3/7-1-1,Skeleton/38_Massage_oneself/user3/7-1-1,IMU/38_Massage_oneself/user3/7-1-1,Radar/38_Massage_oneself/user3/7-1-1,2
38_Massage_oneself/user3/7-1-2,38_Massage_oneself,38,user3,7-1-2,Depth_Color/38_Massage_oneself/user3/7-1-2,IR/38_Massage_oneself/user3/7-1-2,Thermal/38_Massage_oneself/user3/7-1-2,Skeleton/38_Massage_oneself/user3/7-1-2,IMU/38_Massage_oneself/user3/7-1-2,Radar/38_Massage_oneself/user3/7-1-2,2
38_Massage_oneself/user3/7-1-3,38_Massage_oneself,38,user3,7-1-3,Depth_Color/38_Massage_oneself/user3/7-1-3,IR/38_Massage_oneself/user3/7-1-3,Thermal/38_Massage_oneself/user3/7-1-3,Skeleton/38_Massage_oneself/user3/7-1-3,IMU/38_Massage_oneself/user3/7-1-3,Radar/38_Massage_oneself/user3/7-1-3,2
38_Massage_oneself/user4/6-1-1,38_Massage_oneself,38,user4,6-1-1,,,Thermal/38_Massage_oneself/user4/6-1-1,,,,1
38_Massage_oneself/user4/6-1-2,38_Massage_oneself,38,user4,6-1-2,,,Thermal/38_Massage_oneself/user4/6-1-2,,,,1
38_Massage_oneself/user4/6-1-3,38_Massage_oneself,38,user4,6-1-3,,,Thermal/38_Massage_oneself/user4/6-1-3,,,,1
38_Massage_oneself/user4/7-2-1,38_Massage_oneself,38,user4,7-2-1,,,Thermal/38_Massage_oneself/user4/7-2-1,,,,1
38_Massage_oneself/user4/7-2-2,38_Massage_oneself,38,user4,7-2-2,,,Thermal/38_Massage_oneself/user4/7-2-2,,,,1
38_Massage_oneself/user4/7-2-3,38_Massage_oneself,38,user4,7-2-3,,,Thermal/38_Massage_oneself/user4/7-2-3,,,,1
38_Massage_oneself/user6/7-1-1,38_Massage_oneself,38,user6,7-1-1,Depth_Color/38_Massage_oneself/user6/7-1-1,IR/38_Massage_oneself/user6/7-1-1,Thermal/38_Massage_oneself/user6/7-1-1,Skeleton/38_Massage_oneself/user6/7-1-1,IMU/38_Massage_oneself/user6/7-1-1,Radar/38_Massage_oneself/user6/7-1-1,1
38_Massage_oneself/user6/7-1-2,38_Massage_oneself,38,user6,7-1-2,Depth_Color/38_Massage_oneself/user6/7-1-2,IR/38_Massage_oneself/user6/7-1-2,Thermal/38_Massage_oneself/user6/7-1-2,Skeleton/38_Massage_oneself/user6/7-1-2,IMU/38_Massage_oneself/user6/7-1-2,Radar/38_Massage_oneself/user6/7-1-2,1
38_Massage_oneself/user6/7-1-3,38_Massage_oneself,38,user6,7-1-3,Depth_Color/38_Massage_oneself/user6/7-1-3,IR/38_Massage_oneself/user6/7-1-3,Thermal/38_Massage_oneself/user6/7-1-3,Skeleton/38_Massage_oneself/user6/7-1-3,IMU/38_Massage_oneself/user6/7-1-3,Radar/38_Massage_oneself/user6/7-1-3,1
38_Massage_oneself/user9/5-3-1,38_Massage_oneself,38,user9,5-3-1,,,Thermal/38_Massage_oneself/user9/5-3-1,,,,1
38_Massage_oneself/user9/5-3-2,38_Massage_oneself,38,user9,5-3-2,,,Thermal/38_Massage_oneself/user9/5-3-2,,,,1
38_Massage_oneself/user9/5-3-3,38_Massage_oneself,38,user9,5-3-3,,,Thermal/38_Massage_oneself/user9/5-3-3,,,,1
38_Massage_oneself/user9/7-1-1,38_Massage_oneself,38,user9,7-1-1,,,Thermal/38_Massage_oneself/user9/7-1-1,,,,1
38_Massage_oneself/user9/7-1-2,38_Massage_oneself,38,user9,7-1-2,,,Thermal/38_Massage_oneself/user9/7-1-2,,,,1
38_Massage_oneself/user9/7-1-3,38_Massage_oneself,38,user9,7-1-3,,,Thermal/38_Massage_oneself/user9/7-1-3,,,,1
39_Take_body_temperature/user16/6-2-1,39_Take_body_temperature,39,user16,6-2-1,Depth_Color/39_Take_body_temperature/user16/6-2-1,IR/39_Take_body_temperature/user16/6-2-1,Thermal/39_Take_body_temperature/user16/6-2-1,Skeleton/39_Take_body_temperature/user16/6-2-1,IMU/39_Take_body_temperature/user16/6-2-1,Radar/39_Take_body_temperature/user16/6-2-1,0
39_Take_body_temperature/user16/6-2-2,39_Take_body_temperature,39,user16,6-2-2,Depth_Color/39_Take_body_temperature/user16/6-2-2,IR/39_Take_body_temperature/user16/6-2-2,Thermal/39_Take_body_temperature/user16/6-2-2,Skeleton/39_Take_body_temperature/user16/6-2-2,IMU/39_Take_body_temperature/user16/6-2-2,Radar/39_Take_body_temperature/user16/6-2-2,0
39_Take_body_temperature/user16/6-2-3,39_Take_body_temperature,39,user16,6-2-3,Depth_Color/39_Take_body_temperature/user16/6-2-3,IR/39_Take_body_temperature/user16/6-2-3,Thermal/39_Take_body_temperature/user16/6-2-3,Skeleton/39_Take_body_temperature/user16/6-2-3,IMU/39_Take_body_temperature/user16/6-2-3,Radar/39_Take_body_temperature/user16/6-2-3,0
39_Take_body_temperature/user17/4-1-1,39_Take_body_temperature,39,user17,4-1-1,Depth_Color/39_Take_body_temperature/user17/4-1-1,IR/39_Take_body_temperature/user17/4-1-1,Thermal/39_Take_body_temperature/user17/4-1-1,Skeleton/39_Take_body_temperature/user17/4-1-1,IMU/39_Take_body_temperature/user17/4-1-1,Radar/39_Take_body_temperature/user17/4-1-1,2
39_Take_body_temperature/user17/4-1-2,39_Take_body_temperature,39,user17,4-1-2,Depth_Color/39_Take_body_temperature/user17/4-1-2,IR/39_Take_body_temperature/user17/4-1-2,Thermal/39_Take_body_temperature/user17/4-1-2,Skeleton/39_Take_body_temperature/user17/4-1-2,IMU/39_Take_body_temperature/user17/4-1-2,,2
39_Take_body_temperature/user17/4-1-3,39_Take_body_temperature,39,user17,4-1-3,Depth_Color/39_Take_body_temperature/user17/4-1-3,IR/39_Take_body_temperature/user17/4-1-3,Thermal/39_Take_body_temperature/user17/4-1-3,Skeleton/39_Take_body_temperature/user17/4-1-3,IMU/39_Take_body_temperature/user17/4-1-3,,2
39_Take_body_temperature/user17/7-1-1,39_Take_body_temperature,39,user17,7-1-1,Depth_Color/39_Take_body_temperature/user17/7-1-1,IR/39_Take_body_temperature/user17/7-1-1,Thermal/39_Take_body_temperature/user17/7-1-1,Skeleton/39_Take_body_temperature/user17/7-1-1,IMU/39_Take_body_temperature/user17/7-1-1,,2
39_Take_body_temperature/user17/7-1-2,39_Take_body_temperature,39,user17,7-1-2,Depth_Color/39_Take_body_temperature/user17/7-1-2,IR/39_Take_body_temperature/user17/7-1-2,Thermal/39_Take_body_temperature/user17/7-1-2,Skeleton/39_Take_body_temperature/user17/7-1-2,IMU/39_Take_body_temperature/user17/7-1-2,,2
39_Take_body_temperature/user17/7-1-3,39_Take_body_temperature,39,user17,7-1-3,Depth_Color/39_Take_body_temperature/user17/7-1-3,IR/39_Take_body_temperature/user17/7-1-3,Thermal/39_Take_body_temperature/user17/7-1-3,Skeleton/39_Take_body_temperature/user17/7-1-3,IMU/39_Take_body_temperature/user17/7-1-3,,2
39_Take_body_temperature/user18/7-1-1,39_Take_body_temperature,39,user18,7-1-1,Depth_Color/39_Take_body_temperature/user18/7-1-1,IR/39_Take_body_temperature/user18/7-1-1,Thermal/39_Take_body_temperature/user18/7-1-1,Skeleton/39_Take_body_temperature/user18/7-1-1,IMU/39_Take_body_temperature/user18/7-1-1,Radar/39_Take_body_temperature/user18/7-1-1,1
39_Take_body_temperature/user18/7-1-2,39_Take_body_temperature,39,user18,7-1-2,Depth_Color/39_Take_body_temperature/user18/7-1-2,IR/39_Take_body_temperature/user18/7-1-2,Thermal/39_Take_body_temperature/user18/7-1-2,Skeleton/39_Take_body_temperature/user18/7-1-2,IMU/39_Take_body_temperature/user18/7-1-2,Radar/39_Take_body_temperature/user18/7-1-2,1
39_Take_body_temperature/user18/7-1-3,39_Take_body_temperature,39,user18,7-1-3,Depth_Color/39_Take_body_temperature/user18/7-1-3,IR/39_Take_body_temperature/user18/7-1-3,Thermal/39_Take_body_temperature/user18/7-1-3,Skeleton/39_Take_body_temperature/user18/7-1-3,IMU/39_Take_body_temperature/user18/7-1-3,Radar/39_Take_body_temperature/user18/7-1-3,1
39_Take_body_temperature/user19/6-2-1,39_Take_body_temperature,39,user19,6-2-1,Depth_Color/39_Take_body_temperature/user19/6-2-1,IR/39_Take_body_temperature/user19/6-2-1,Thermal/39_Take_body_temperature/user19/6-2-1,Skeleton/39_Take_body_temperature/user19/6-2-1,IMU/39_Take_body_temperature/user19/6-2-1,Radar/39_Take_body_temperature/user19/6-2-1,2
39_Take_body_temperature/user19/6-2-2,39_Take_body_temperature,39,user19,6-2-2,Depth_Color/39_Take_body_temperature/user19/6-2-2,IR/39_Take_body_temperature/user19/6-2-2,Thermal/39_Take_body_temperature/user19/6-2-2,Skeleton/39_Take_body_temperature/user19/6-2-2,IMU/39_Take_body_temperature/user19/6-2-2,Radar/39_Take_body_temperature/user19/6-2-2,2
39_Take_body_temperature/user19/6-2-3,39_Take_body_temperature,39,user19,6-2-3,Depth_Color/39_Take_body_temperature/user19/6-2-3,IR/39_Take_body_temperature/user19/6-2-3,Thermal/39_Take_body_temperature/user19/6-2-3,Skeleton/39_Take_body_temperature/user19/6-2-3,IMU/39_Take_body_temperature/user19/6-2-3,Radar/39_Take_body_temperature/user19/6-2-3,2
39_Take_body_temperature/user19/7-1-1,39_Take_body_temperature,39,user19,7-1-1,Depth_Color/39_Take_body_temperature/user19/7-1-1,IR/39_Take_body_temperature/user19/7-1-1,Thermal/39_Take_body_temperature/user19/7-1-1,Skeleton/39_Take_body_temperature/user19/7-1-1,IMU/39_Take_body_temperature/user19/7-1-1,Radar/39_Take_body_temperature/user19/7-1-1,2
39_Take_body_temperature/user19/7-1-2,39_Take_body_temperature,39,user19,7-1-2,Depth_Color/39_Take_body_temperature/user19/7-1-2,IR/39_Take_body_temperature/user19/7-1-2,Thermal/39_Take_body_temperature/user19/7-1-2,Skeleton/39_Take_body_temperature/user19/7-1-2,IMU/39_Take_body_temperature/user19/7-1-2,Radar/39_Take_body_temperature/user19/7-1-2,2
39_Take_body_temperature/user19/7-1-3,39_Take_body_temperature,39,user19,7-1-3,Depth_Color/39_Take_body_temperature/user19/7-1-3,IR/39_Take_body_temperature/user19/7-1-3,Thermal/39_Take_body_temperature/user19/7-1-3,Skeleton/39_Take_body_temperature/user19/7-1-3,IMU/39_Take_body_temperature/user19/7-1-3,Radar/39_Take_body_temperature/user19/7-1-3,2
39_Take_body_temperature/user2/2-2-1,39_Take_body_temperature,39,user2,2-2-1,Depth_Color/39_Take_body_temperature/user2/2-2-1,IR/39_Take_body_temperature/user2/2-2-1,,Skeleton/39_Take_body_temperature/user2/2-2-1,IMU/39_Take_body_temperature/user2/2-2-1,Radar/39_Take_body_temperature/user2/2-2-1,0
39_Take_body_temperature/user2/2-2-2,39_Take_body_temperature,39,user2,2-2-2,Depth_Color/39_Take_body_temperature/user2/2-2-2,IR/39_Take_body_temperature/user2/2-2-2,,Skeleton/39_Take_body_temperature/user2/2-2-2,IMU/39_Take_body_temperature/user2/2-2-2,Radar/39_Take_body_temperature/user2/2-2-2,0
39_Take_body_temperature/user2/2-2-3,39_Take_body_temperature,39,user2,2-2-3,Depth_Color/39_Take_body_temperature/user2/2-2-3,IR/39_Take_body_temperature/user2/2-2-3,,Skeleton/39_Take_body_temperature/user2/2-2-3,IMU/39_Take_body_temperature/user2/2-2-3,Radar/39_Take_body_temperature/user2/2-2-3,0
39_Take_body_temperature/user21/3-2-1,39_Take_body_temperature,39,user21,3-2-1,Depth_Color/39_Take_body_temperature/user21/3-2-1,IR/39_Take_body_temperature/user21/3-2-1,Thermal/39_Take_body_temperature/user21/3-2-1,Skeleton/39_Take_body_temperature/user21/3-2-1,IMU/39_Take_body_temperature/user21/3-2-1,Radar/39_Take_body_temperature/user21/3-2-1,0
39_Take_body_temperature/user21/3-2-2,39_Take_body_temperature,39,user21,3-2-2,Depth_Color/39_Take_body_temperature/user21/3-2-2,IR/39_Take_body_temperature/user21/3-2-2,Thermal/39_Take_body_temperature/user21/3-2-2,Skeleton/39_Take_body_temperature/user21/3-2-2,IMU/39_Take_body_temperature/user21/3-2-2,Radar/39_Take_body_temperature/user21/3-2-2,0
39_Take_body_temperature/user21/3-2-3,39_Take_body_temperature,39,user21,3-2-3,Depth_Color/39_Take_body_temperature/user21/3-2-3,IR/39_Take_body_temperature/user21/3-2-3,Thermal/39_Take_body_temperature/user21/3-2-3,Skeleton/39_Take_body_temperature/user21/3-2-3,IMU/39_Take_body_temperature/user21/3-2-3,Radar/39_Take_body_temperature/user21/3-2-3,0
39_Take_body_temperature/user21/6-1-1,39_Take_body_temperature,39,user21,6-1-1,Depth_Color/39_Take_body_temperature/user21/6-1-1,IR/39_Take_body_temperature/user21/6-1-1,Thermal/39_Take_body_temperature/user21/6-1-1,Skeleton/39_Take_body_temperature/user21/6-1-1,IMU/39_Take_body_temperature/user21/6-1-1,Radar/39_Take_body_temperature/user21/6-1-1,0
39_Take_body_temperature/user21/6-1-2,39_Take_body_temperature,39,user21,6-1-2,Depth_Color/39_Take_body_temperature/user21/6-1-2,IR/39_Take_body_temperature/user21/6-1-2,Thermal/39_Take_body_temperature/user21/6-1-2,Skeleton/39_Take_body_temperature/user21/6-1-2,IMU/39_Take_body_temperature/user21/6-1-2,Radar/39_Take_body_temperature/user21/6-1-2,0
39_Take_body_temperature/user21/6-1-3,39_Take_body_temperature,39,user21,6-1-3,Depth_Color/39_Take_body_temperature/user21/6-1-3,IR/39_Take_body_temperature/user21/6-1-3,Thermal/39_Take_body_temperature/user21/6-1-3,Skeleton/39_Take_body_temperature/user21/6-1-3,IMU/39_Take_body_temperature/user21/6-1-3,Radar/39_Take_body_temperature/user21/6-1-3,0
39_Take_body_temperature/user22/5-1-1,39_Take_body_temperature,39,user22,5-1-1,Depth_Color/39_Take_body_temperature/user22/5-1-1,IR/39_Take_body_temperature/user22/5-1-1,Thermal/39_Take_body_temperature/user22/5-1-1,Skeleton/39_Take_body_temperature/user22/5-1-1,IMU/39_Take_body_temperature/user22/5-1-1,Radar/39_Take_body_temperature/user22/5-1-1,1
39_Take_body_temperature/user22/5-1-2,39_Take_body_temperature,39,user22,5-1-2,Depth_Color/39_Take_body_temperature/user22/5-1-2,IR/39_Take_body_temperature/user22/5-1-2,Thermal/39_Take_body_temperature/user22/5-1-2,Skeleton/39_Take_body_temperature/user22/5-1-2,IMU/39_Take_body_temperature/user22/5-1-2,Radar/39_Take_body_temperature/user22/5-1-2,1
39_Take_body_temperature/user22/5-1-3,39_Take_body_temperature,39,user22,5-1-3,Depth_Color/39_Take_body_temperature/user22/5-1-3,IR/39_Take_body_temperature/user22/5-1-3,Thermal/39_Take_body_temperature/user22/5-1-3,Skeleton/39_Take_body_temperature/user22/5-1-3,IMU/39_Take_body_temperature/user22/5-1-3,Radar/39_Take_body_temperature/user22/5-1-3,1
39_Take_body_temperature/user23/7-2-1,39_Take_body_temperature,39,user23,7-2-1,Depth_Color/39_Take_body_temperature/user23/7-2-1,IR/39_Take_body_temperature/user23/7-2-1,Thermal/39_Take_body_temperature/user23/7-2-1,Skeleton/39_Take_body_temperature/user23/7-2-1,IMU/39_Take_body_temperature/user23/7-2-1,Radar/39_Take_body_temperature/user23/7-2-1,0
39_Take_body_temperature/user23/7-2-2,39_Take_body_temperature,39,user23,7-2-2,Depth_Color/39_Take_body_temperature/user23/7-2-2,IR/39_Take_body_temperature/user23/7-2-2,Thermal/39_Take_body_temperature/user23/7-2-2,Skeleton/39_Take_body_temperature/user23/7-2-2,IMU/39_Take_body_temperature/user23/7-2-2,Radar/39_Take_body_temperature/user23/7-2-2,0
39_Take_body_temperature/user23/7-2-3,39_Take_body_temperature,39,user23,7-2-3,Depth_Color/39_Take_body_temperature/user23/7-2-3,IR/39_Take_body_temperature/user23/7-2-3,Thermal/39_Take_body_temperature/user23/7-2-3,Skeleton/39_Take_body_temperature/user23/7-2-3,IMU/39_Take_body_temperature/user23/7-2-3,Radar/39_Take_body_temperature/user23/7-2-3,0
39_Take_body_temperature/user24/5-2-1,39_Take_body_temperature,39,user24,5-2-1,Depth_Color/39_Take_body_temperature/user24/5-2-1,IR/39_Take_body_temperature/user24/5-2-1,Thermal/39_Take_body_temperature/user24/5-2-1,Skeleton/39_Take_body_temperature/user24/5-2-1,IMU/39_Take_body_temperature/user24/5-2-1,Radar/39_Take_body_temperature/user24/5-2-1,2
39_Take_body_temperature/user24/5-2-2,39_Take_body_temperature,39,user24,5-2-2,Depth_Color/39_Take_body_temperature/user24/5-2-2,IR/39_Take_body_temperature/user24/5-2-2,Thermal/39_Take_body_temperature/user24/5-2-2,Skeleton/39_Take_body_temperature/user24/5-2-2,IMU/39_Take_body_temperature/user24/5-2-2,Radar/39_Take_body_temperature/user24/5-2-2,2
39_Take_body_temperature/user24/5-2-3,39_Take_body_temperature,39,user24,5-2-3,Depth_Color/39_Take_body_temperature/user24/5-2-3,IR/39_Take_body_temperature/user24/5-2-3,Thermal/39_Take_body_temperature/user24/5-2-3,Skeleton/39_Take_body_temperature/user24/5-2-3,IMU/39_Take_body_temperature/user24/5-2-3,Radar/39_Take_body_temperature/user24/5-2-3,2
39_Take_body_temperature/user24/7-1-1,39_Take_body_temperature,39,user24,7-1-1,Depth_Color/39_Take_body_temperature/user24/7-1-1,IR/39_Take_body_temperature/user24/7-1-1,Thermal/39_Take_body_temperature/user24/7-1-1,Skeleton/39_Take_body_temperature/user24/7-1-1,IMU/39_Take_body_temperature/user24/7-1-1,Radar/39_Take_body_temperature/user24/7-1-1,2
39_Take_body_temperature/user24/7-1-2,39_Take_body_temperature,39,user24,7-1-2,Depth_Color/39_Take_body_temperature/user24/7-1-2,IR/39_Take_body_temperature/user24/7-1-2,Thermal/39_Take_body_temperature/user24/7-1-2,Skeleton/39_Take_body_temperature/user24/7-1-2,IMU/39_Take_body_temperature/user24/7-1-2,Radar/39_Take_body_temperature/user24/7-1-2,2
39_Take_body_temperature/user24/7-1-3,39_Take_body_temperature,39,user24,7-1-3,Depth_Color/39_Take_body_temperature/user24/7-1-3,IR/39_Take_body_temperature/user24/7-1-3,Thermal/39_Take_body_temperature/user24/7-1-3,Skeleton/39_Take_body_temperature/user24/7-1-3,IMU/39_Take_body_temperature/user24/7-1-3,Radar/39_Take_body_temperature/user24/7-1-3,2
39_Take_body_temperature/user3/2-2-1,39_Take_body_temperature,39,user3,2-2-1,,,Thermal/39_Take_body_temperature/user3/2-2-1,,,,2
39_Take_body_temperature/user3/2-2-2,39_Take_body_temperature,39,user3,2-2-2,Depth_Color/39_Take_body_temperature/user3/2-2-2,IR/39_Take_body_temperature/user3/2-2-2,Thermal/39_Take_body_temperature/user3/2-2-2,Skeleton/39_Take_body_temperature/user3/2-2-2,IMU/39_Take_body_temperature/user3/2-2-2,Radar/39_Take_body_temperature/user3/2-2-2,2
39_Take_body_temperature/user3/2-2-3,39_Take_body_temperature,39,user3,2-2-3,Depth_Color/39_Take_body_temperature/user3/2-2-3,IR/39_Take_body_temperature/user3/2-2-3,Thermal/39_Take_body_temperature/user3/2-2-3,Skeleton/39_Take_body_temperature/user3/2-2-3,IMU/39_Take_body_temperature/user3/2-2-3,Radar/39_Take_body_temperature/user3/2-2-3,2
39_Take_body_temperature/user6/6-2-1,39_Take_body_temperature,39,user6,6-2-1,Depth_Color/39_Take_body_temperature/user6/6-2-1,IR/39_Take_body_temperature/user6/6-2-1,Thermal/39_Take_body_temperature/user6/6-2-1,Skeleton/39_Take_body_temperature/user6/6-2-1,IMU/39_Take_body_temperature/user6/6-2-1,Radar/39_Take_body_temperature/user6/6-2-1,1
39_Take_body_temperature/user6/6-2-2,39_Take_body_temperature,39,user6,6-2-2,Depth_Color/39_Take_body_temperature/user6/6-2-2,IR/39_Take_body_temperature/user6/6-2-2,Thermal/39_Take_body_temperature/user6/6-2-2,Skeleton/39_Take_body_temperature/user6/6-2-2,IMU/39_Take_body_temperature/user6/6-2-2,Radar/39_Take_body_temperature/user6/6-2-2,1
39_Take_body_temperature/user6/6-2-3,39_Take_body_temperature,39,user6,6-2-3,Depth_Color/39_Take_body_temperature/user6/6-2-3,IR/39_Take_body_temperature/user6/6-2-3,Thermal/39_Take_body_temperature/user6/6-2-3,Skeleton/39_Take_body_temperature/user6/6-2-3,IMU/39_Take_body_temperature/user6/6-2-3,Radar/39_Take_body_temperature/user6/6-2-3,1
39_Take_body_temperature/user7/4-1-1,39_Take_body_temperature,39,user7,4-1-1,Depth_Color/39_Take_body_temperature/user7/4-1-1,IR/39_Take_body_temperature/user7/4-1-1,Thermal/39_Take_body_temperature/user7/4-1-1,Skeleton/39_Take_body_temperature/user7/4-1-1,IMU/39_Take_body_temperature/user7/4-1-1,Radar/39_Take_body_temperature/user7/4-1-1,0
39_Take_body_temperature/user7/4-1-2,39_Take_body_temperature,39,user7,4-1-2,,,Thermal/39_Take_body_temperature/user7/4-1-2,,,,0
39_Take_body_temperature/user7/4-1-3,39_Take_body_temperature,39,user7,4-1-3,Depth_Color/39_Take_body_temperature/user7/4-1-3,IR/39_Take_body_temperature/user7/4-1-3,Thermal/39_Take_body_temperature/user7/4-1-3,Skeleton/39_Take_body_temperature/user7/4-1-3,IMU/39_Take_body_temperature/user7/4-1-3,Radar/39_Take_body_temperature/user7/4-1-3,0
39_Take_body_temperature/user7/7-1-1,39_Take_body_temperature,39,user7,7-1-1,Depth_Color/39_Take_body_temperature/user7/7-1-1,IR/39_Take_body_temperature/user7/7-1-1,Thermal/39_Take_body_temperature/user7/7-1-1,Skeleton/39_Take_body_temperature/user7/7-1-1,IMU/39_Take_body_temperature/user7/7-1-1,Radar/39_Take_body_temperature/user7/7-1-1,0
39_Take_body_temperature/user7/7-1-2,39_Take_body_temperature,39,user7,7-1-2,Depth_Color/39_Take_body_temperature/user7/7-1-2,IR/39_Take_body_temperature/user7/7-1-2,Thermal/39_Take_body_temperature/user7/7-1-2,Skeleton/39_Take_body_temperature/user7/7-1-2,IMU/39_Take_body_temperature/user7/7-1-2,Radar/39_Take_body_temperature/user7/7-1-2,0
39_Take_body_temperature/user7/7-1-3,39_Take_body_temperature,39,user7,7-1-3,Depth_Color/39_Take_body_temperature/user7/7-1-3,IR/39_Take_body_temperature/user7/7-1-3,Thermal/39_Take_body_temperature/user7/7-1-3,Skeleton/39_Take_body_temperature/user7/7-1-3,IMU/39_Take_body_temperature/user7/7-1-3,Radar/39_Take_body_temperature/user7/7-1-3,0
39_Take_body_temperature/user9/6-2-1,39_Take_body_temperature,39,user9,6-2-1,Depth_Color/39_Take_body_temperature/user9/6-2-1,IR/39_Take_body_temperature/user9/6-2-1,Thermal/39_Take_body_temperature/user9/6-2-1,Skeleton/39_Take_body_temperature/user9/6-2-1,IMU/39_Take_body_temperature/user9/6-2-1,Radar/39_Take_body_temperature/user9/6-2-1,1
39_Take_body_temperature/user9/6-2-2,39_Take_body_temperature,39,user9,6-2-2,Depth_Color/39_Take_body_temperature/user9/6-2-2,IR/39_Take_body_temperature/user9/6-2-2,Thermal/39_Take_body_temperature/user9/6-2-2,Skeleton/39_Take_body_temperature/user9/6-2-2,IMU/39_Take_body_temperature/user9/6-2-2,Radar/39_Take_body_temperature/user9/6-2-2,1
39_Take_body_temperature/user9/6-2-3,39_Take_body_temperature,39,user9,6-2-3,Depth_Color/39_Take_body_temperature/user9/6-2-3,IR/39_Take_body_temperature/user9/6-2-3,Thermal/39_Take_body_temperature/user9/6-2-3,Skeleton/39_Take_body_temperature/user9/6-2-3,IMU/39_Take_body_temperature/user9/6-2-3,Radar/39_Take_body_temperature/user9/6-2-3,1
39_Take_body_temperature/user9/7-1-1,39_Take_body_temperature,39,user9,7-1-1,Depth_Color/39_Take_body_temperature/user9/7-1-1,IR/39_Take_body_temperature/user9/7-1-1,Thermal/39_Take_body_temperature/user9/7-1-1,Skeleton/39_Take_body_temperature/user9/7-1-1,IMU/39_Take_body_temperature/user9/7-1-1,Radar/39_Take_body_temperature/user9/7-1-1,1
39_Take_body_temperature/user9/7-1-2,39_Take_body_temperature,39,user9,7-1-2,Depth_Color/39_Take_body_temperature/user9/7-1-2,IR/39_Take_body_temperature/user9/7-1-2,Thermal/39_Take_body_temperature/user9/7-1-2,Skeleton/39_Take_body_temperature/user9/7-1-2,IMU/39_Take_body_temperature/user9/7-1-2,Radar/39_Take_body_temperature/user9/7-1-2,1
39_Take_body_temperature/user9/7-1-3,39_Take_body_temperature,39,user9,7-1-3,Depth_Color/39_Take_body_temperature/user9/7-1-3,IR/39_Take_body_temperature/user9/7-1-3,Thermal/39_Take_body_temperature/user9/7-1-3,Skeleton/39_Take_body_temperature/user9/7-1-3,IMU/39_Take_body_temperature/user9/7-1-3,Radar/39_Take_body_temperature/user9/7-1-3,1
